:020000040800F2
:10000000080A0020B5D600089513000897130008C9
:100010009B1300089F130008A313000800000000B2
:10002000000000000000000000000000A71300080E
:10003000A913000800000000AB130008AD1300086E
:10004000CFD60008CFD60008CFD60008CFD60008FC
:10005000CFD60008CFD60008CFD60008CFD60008EC
:10006000CFD60008CFD60008CFD600088DC2000832
:10007000CFD60008CFD60008CFD60008CFD60008CC
:10008000CFD60008CFD60008CFD60008CFD60008BC
:10009000CFD60008CFD60008CFD60008CFD60008AC
:1000A000CFD60008CFD60008CFD60008CFD600089C
:1000B000CFD60008CFD60008CFD60008CFD600088C
:1000C000CFD60008CFD60008CFD60008CFD600087C
:1000D000CFD600082DB90008CFD60008CFD600082B
:1000E000CFD60008CFD60008CFD60008CFD600085C
:1000F000CFD60008CFD60008CFD60008CFD600084C
:10010000CFD60008CFD60008CFD60008CFD600083B
:10011000CFD60008CFD60008CFD60008CFD600082B
:10012000CFD60008CFD60008CFD60008CFD600081B
:10013000DFF810D00FF058FC00480047A11100086C
:10014000AFF30080080A002070B505460E4614463D
:10015000314628460CF00AFC20460CF0C6FB70BD68
:100160002DE9F05F04460D4616461F46301B401C25
:100170001FFA80FA781B401C1FFA80FB3B46324670
:10018000294620460CF0C8FB4FF000080FE04FF066
:10019000000906E00A980CF0A8FB09F101001FFA1B
:1001A00080F9D145F6DB08F101001FFA80F8D84547
:1001B000EDDBFE484088401E83B2FC480088401EAC
:1001C00082B2002108460CF0A7FBBDE8F09F2DE9A4
:1001D000FF4F85B081468A4600200490039007981F
:1001E000A0EB09050898A0EB0A06CDF80890CDF819
:1001F00004A0002D01DD012705E00DB9002702E074
:100200004FF0FF376D42002E02DD4FF0010806E08F
:1002100016B94FF0000802E04FF0FF387642B542C1
:1002200001DD2C4600E034464FF0000B21E0019A3E
:1002300091B2029A90B20CF0A3FB04982844049067
:100240000398304403900498A04205DD0498001BF5
:1002500004900298384402900398A04205DD039868
:10026000001B03900198404401900BF101001FFA1C
:1002700080FB601C8345DADD09B0BDE8F08F2DE915
:10028000F04104460D4616461F462B463246294687
:100290002046FFF79CFF3B46224629462046FFF7B3
:1002A00096FF3B46324639462046FFF790FF3B46D5
:1002B000324629463046FFF78AFFBDE8F081F8B59F
:1002C00004460D4616461F46B94800883B4632464E
:1002D000294600902046FFF743FFF8BD2DE9F04185
:1002E00004460D4616461F46DDF81880EA1991B2FD
:1002F000A21990B24246FFF727FFEA1991B2A21B5A
:1003000090B24246FFF720FFEA1B91B2A21990B2C9
:100310004246FFF719FFEA1B91B2A21B90B2424678
:10032000FFF712FFAA1991B2E21990B24246FFF705
:100330000BFFAA1991B2E21B90B24246FFF704FFED
:10034000AA1B91B2E21990B24246FFF7FDFEAA1B2A
:1003500091B2E21B90B24246FFF7F6FEBDE8F08193
:100360002DE9FF4F81B0824617469846DDF838B038
:10037000002445464FEA4800C0F10306BBF1000FD8
:100380001FD01BE0A14608E04B462246009750468E
:100390000299FFF7A3FF09F10109A945F4DD002E39
:1003A00004DA042000FB0460861D06E0601B0421C3
:1003B00001FB006000F10A066D1E641CAC42E1DD29
:1003C00018E015E02B462246009750460299FFF7A9
:1003D00085FF002E04DA042000FB0460861D06E081
:1003E000601B042101FB006000F10A066D1E641C05
:1003F000AC42E7DD05B0BDE8F08F2DE9F0470446DB
:100400000D4616461F46DDE908893B463246294619
:100410002046FFF7DCFE4B46424639463046FFF7A2
:10042000D6FE2B46224649464046FFF7D0FEBDE8A1
:10043000F08702880B8803800A8070472DE9FF4F00
:1004400085B000260027BDF81800BDF820108842AE
:1004500007DD08A906A8FFF7ECFF07A905A8FFF725
:10046000E8FFBDF82000BDF84C10884207DD08A960
:1004700013A8FFF7DEFF07A912A8FFF7DAFFBDF800
:100480001800BDF82010884207DD08A906A8FFF76C
:10049000D0FF07A905A8FFF7CCFFBDF81800BDF8ED
:1004A0004C10884238D1BDF8140003900490BDF878
:1004B0001C00BDF81010884203DABDF81C0004903F
:1004C00008E0BDF81C00BDF80C10884202DDBDF844
:1004D0001C000390BDF84800BDF81010884203DAF4
:1004E000BDF84800049008E0BDF84800BDF80C10C5
:1004F000884202DDBDF8480003902D480088009036
:10050000BDF81830BDF80C201946BDF81000FFF7F3
:1005100027FE09B0BDE8F08FBDF81C00BDF814102F
:10052000A0EB010BBDF82000BDF81810401A029096
:10053000BDF84800BDF81410451ABDF84C00BDF8D0
:100540001810A0EB0109BDF84800BDF81C10A0EB85
:10055000010ABDF84C00BDF82010401A0190BDF80A
:100560002000BDF84C10884202D1BDF8208004E084
:10057000BDF82000401E1FFA80F8BDF818402CE09E
:10058000029896FBF0F0BDF81410084480B2049075
:1005900097FBF9F0BDF81410084480B203905E4454
:1005A0002F44BDF81000BDF80C1003E0F405002046
:1005B0009C040020884203DD03A904A8FFF739FF4B
:1005C000FE48008823460090BDF80C202146BDF867
:1005D0001000FFF7C5FD601C84B24445D0DDBDF8B6
:1005E0002000201A00FB0AF6BDF81800201A00FBB4
:1005F00005F727E0019896FBF0F0BDF81C100844C1
:1006000080B2049097FBF9F0BDF81410084480B252
:10061000039056442F44BDF81000BDF80C108842DA
:1006200003DD03A904A8FFF704FFE448008823467C
:100630000090BDF80C202146BDF81000FFF790FD9A
:10064000601C84B2BDF84C008442D3DD00BF60E77B
:100650002DE9FF4F83B081468A469346DDE9106459
:10066000D64800880290A6F12000C6B204EBD470F0
:1006700009EB6000401E82B20AEB0400401E83B208
:100680005146484601940CF047F9129850BB00259A
:1006900025E00C2C07D106EB4600C94901EB800090
:1006A00010F8058004E0C74800EB061010F805803C
:1006B00000270DE008F0010018B158460CF015F9BC
:1006C00002E006980CF011F94FEA6808781CC7B2EE
:1006D00004EBD471B7EB610FECDB681CC5B2A5422B
:1006E000D7DB2DE0002529E00C2C07D106EB4600D6
:1006F000B34901EB800010F8058004E0B14800EB3D
:10070000061010F80580002711E0AC48A0F800B0F2
:1007100008F0010038B10AEB050291B209EB0702BB
:1007200090B20CF02DF94FEA6808781CC7B204EBC0
:10073000D471B7EB610FE8DB681CC5B2A542D3DB0F
:100740009E4902980880A0484088401E83B29E4877
:100750000088401E82B2002108460CF0DDF807B088
:10076000BDE8F08F2DE9FE4306460F4615461C46B0
:10077000DDF828801DE094480088401EB04204DB6C
:1007800091484088401EB84201DABDE8FE832078D7
:100790008DE821018D480388884802883946304613
:1007A000FFF756FF284605EBD07106EB61018EB2CC
:1007B000641C20787E2802DC20782028DBDA00BF49
:1007C000E3E710B50246012000E050430B1EA1F103
:1007D0000104E1B2F9D110BD2DE9FF4F83B0074606
:1007E00091461E46109C4FF0000A002543E0701B06
:1007F000401EC1B20A20FFF7E4FFB9FBF0F00A2166
:10080000B0FBF1F201FB1208BAF1000F1BD1701E10
:10081000A84218DDB8F1000F13D100202021A34613
:10082000CDE90014029004EBDB71491001FB057166
:1008300088B266490B8861490A880499FFF708FF66
:1008400017E04FF0010A002108F13000C0B2A346C2
:10085000CDE90141009004EBDB71491001FB05710A
:1008600088B25A490B8855490A880499FFF7F0FE67
:1008700000BF681CC5B2B542B9DB07B0BDE8F08F58
:100880002DE9FC5F0546884691469A46DDF830B072
:1008900000953E20019000245FE004EB04104C49D9
:1008A00011F810009BF80010884253D104EB04109B
:1008B000474901EB400040789BF80110884249D13C
:1008C00008F10F0083B205F10F0082B241462846BD
:1008D0000CF022F800263BE0002734E00D9890B998
:1008E00004EB04103A4901EB4000801C805D80213C
:1008F0003941084018B148460BF0F7FF21E0504657
:100900000BF0F3FF1DE02D48A0F8009004EB04105D
:100910002F4901EB4000801C805D80213941084057
:1009200018B1414628460CF02BF8681C85B2009897
:10093000281A102805D1009D08F101001FFA80F83F
:1009400003E0781CC7B2082FC8DB00BF701CC6B21A
:10095000202EC1DB00BF601C84B2019884429CDB66
:1009600019484088401E83B217480088401E82B252
:10097000002108460BF0D0FFBDE8FC9F2DE9FC5F8D
:100980000546884691469A46DDF830B00095072026
:100990000190002476E004EB840000EB44100D4944
:1009A00011F810009BF80010884268D104EB840015
:1009B00000EB4410074901EB40000DE09C040020CF
:1009C00080030108F4070108F40500209E040020BC
:1009D000E40D01082016010840789BF801108842B8
:1009E0004DD108F1170083B205F1170082B24146DC
:1009F00028460BF091FF00263FE0002738E00D98D5
:100A0000A0B904EB840000EB4410F84901EB40006E
:100A1000801C805D80213941084018B148460BF0A8
:100A200064FF23E050460BF060FF1FE0F048A0F8A1
:100A3000009004EB840000EB4410EC4901EB400013
:100A4000801C805D80213941084018B1414628460C
:100A50000BF096FF681C85B20098281A182805D15B
:100A6000009D08F101001FFA80F803E0781CC7B26E
:100A7000082FC4DB00BF701CC6B2482EBDDB00BF10
:100A8000601C84B20198844285DBDA484088401EAD
:100A900083B2D8480088401E82B2002108460BF07D
:100AA0003BFFBDE8FC9F2DE9FC5F0546884691466B
:100AB0009A46DDF830B000950420019000245FE0F4
:100AC00004EB8410CC4911F810009BF80010884208
:100AD00053D104EB8410C84901EB400040789BF8E7
:100AE0000110884249D108F11F0083B205F11F00AF
:100AF00082B2414628460BF00FFF00263BE000275C
:100B000034E00D9890B904EB8410BB4901EB400030
:100B1000801C805D80213941084018B148460BF0A7
:100B2000E4FE21E050460BF0E0FE1DE0B048A0F8E6
:100B3000009004EB8410B04901EB4000801C805D04
:100B400080213941084018B1414628460BF018FF72
:100B5000681C85B20098281A202805D1009D08F14C
:100B600001001FFA80F803E0781CC7B2082FC8DB29
:100B700000BF701CC6B2802EC1DB00BF601C84B2F7
:100B8000019884429CDB9B484088401E83B2994870
:100B90000088401E82B2002108460BF0BDFEBDE871
:100BA000FC9F2DE9FF4F83B0064688469146DDE95C
:100BB0001147109DB2464FF0000B71E0BBF1000FE2
:100BC00040D104EBD4718B4A1288A2EB6101B1428F
:100BD00004DB88494988091B414502DA07B0BDE8B2
:100BE000F08F2878802802DD4FF0010B58E028783C
:100BF0000D2806D108EB04001FFA80F856466D1C3C
:100C00001EE0102C0DDD102128788DE883004A4667
:100C100041463046069BFFF71BFD06F1080086B2F1
:100C20000EE028788DE891004A4641463046069B02
:100C3000FFF70EFD204604EBD07106EB61018EB28A
:100C40006D1C2DE06B480088001BB04204DB694836
:100C50004088001B404500DAC0E74FF0000B202C15
:100C600008D1CDE900574A4641463046069BFFF77A
:100C70001AFF12E0182C08D1CDE900574A46414628
:100C80003046069BFFF77AFE07E0CDE900574A465B
:100C900041463046069BFFF7F3FDAD1C301986B286
:100CA000287800288AD100BF98E72DE9FE4F0E462C
:100CB00017469846DDE90D9A0C9C20460EF056FA30
:100CC00085B24C490988A1EBC50000EBD071C1F396
:100CD0004F0B43463A46314658468DE81006FFF71B
:100CE00060FFBDE8FE8F2DE9F04706460F4615462A
:100CF00007F1270083B206F1270082B23946304659
:100D00000BF00AFE00240AE015F8149005EB4400ED
:100D100090F8018049EA08200BF0E7FD641CB4F567
:100D2000C86FF1DB33484088401E83B231480088E9
:100D3000401E82B2002108460BF0EEFDBDE8F087B0
:100D40002DE9FF4F87B007468846149D159890B946
:100D5000202004904020039004200290302D07DBD7
:100D6000392D05DCA5F13000244951F820B04CE0C4
:100D70000BB0BDE8F08F1598012810D11020049019
:100D80002020039002200290302D07DB392D05DC56
:100D9000A5F130001A4951F820B036E0E8E70C2000
:100DA000049018200390022002902E2D14D109984F
:100DB00008F1160C1FFA8CF307F1090C1FFA8CF2DC
:100DC00008F1100C1FFA8CF107F1030C00901FFAC8
:100DD0008CF0FFF7C5F9CBE7302D15DB392D13DC8F
:100DE000A5F13000074951F820B00EE020160108A7
:100DF0009C040020F40500202618010800000020B3
:100E00002800002050000020B2E74FF00109CA4638
:100E100000265AE0002453E02046E11704EB51710C
:100E2000CA10029906FB012189B20691E11704EB71
:100E30005171C910A4EBC10280211141059106999D
:100E40001BF8010005990840E0B1099806F1010C72
:100E50000CFB0A8CACF1010C1FFA8CF304F1010CB1
:100E60000CFB097CACF1010C1FFA8CF206FB0A8C1E
:100E70001FFA8CF104FB097C00901FFA8CF0FFF73D
:100E80006FF91BE00A9806F1010C0CFB0A8CACF11F
:100E9000010C1FFA8CF304F1010C0CFB097CACF182
:100EA000010C1FFA8CF206FB0A8C1FFA8CF104FB72
:100EB000097C00901FFA8CF0FFF752F9601C84B295
:100EC00004988442A8DB701C86B203988642A1DB9A
:100ED00000BF4DE72DE9F84F06460F46904699466C
:100EE000002548E0002442E02046E11704EB517160
:100EF000C91001EB85011FFA81FAE11704EB51716A
:100F0000C910A4EBC102802141FA02FB0A9810F833
:100F10000A0000EA0B00A0B107EB050C1FFA8CF3E6
:100F200006EB040C1FFA8CF207EB050C1FFA8CF190
:100F300006EB040C1FFA8CF0CDF80080FFF710F9D7
:100F400013E007EB050C1FFA8CF306EB040C1FFAF9
:100F50008CF207EB050C1FFA8CF106EB040C1FFA60
:100F60008CF0CDF80090FFF7FBF8601C84B2202CC9
:100F7000BADB681C85B2202DB4DBBDE8F88F2DE903
:100F8000F84F06460F4690469946002549E0002452
:100F900043E02046E11704EB517105EB450202EBFB
:100FA000E1011FFA81FAE11704EB5171C910A4EBBA
:100FB000C102802141FA02FB0A9810F80A0000EAF7
:100FC0000B00A0B107EB050C1FFA8CF306EB040C29
:100FD0001FFA8CF207EB050C1FFA8CF106EB040CE0
:100FE0001FFA8CF0CDF80080FFF7BAF813E007EB9A
:100FF000050C1FFA8CF306EB040C1FFA8CF207EBBE
:10100000050C1FFA8CF106EB040C1FFA8CF0CDF8DE
:101010000090FFF7A5F8601C84B2182CB9DB681C9F
:1010200085B2182DB3DBBDE8F88F2DE9F84F0646E1
:101030000F4690469946002548E0002442E02046AD
:10104000E11704EB5171C91001EB45011FFA81FA58
:10105000E11704EB5171C910A4EBC102802141FAE0
:1010600002FB0A9810F80A0000EA0B00A0B107EB97
:10107000050C1FFA8CF306EB040C1FFA8CF207EB3D
:10108000050C1FFA8CF106EB040C1FFA8CF0CDF85E
:101090000080FFF765F813E007EB050C1FFA8CF3EF
:1010A00006EB040C1FFA8CF207EB050C1FFA8CF10F
:1010B00006EB040C1FFA8CF0CDF80090FFF750F807
:1010C000601C84B2102CBADB681C85B2102DB4DB16
:1010D000BDE8F88F2DE9F84F06460F469046994631
:1010E000DDF828B000253FE0002439E02046E11774
:1010F00004EB5171C910A4EBC102802141FA02FA3C
:101100001BF8050000EA0A00A0B107EB050C1FFA66
:101110008CF306EB040C1FFA8CF207EB050C1FFA9C
:101120008CF106EB040C1FFA8CF0CDF80080FFF771
:1011300017F813E007EB050C1FFA8CF306EB040C11
:101140001FFA8CF207EB050C1FFA8CF106EB040C6E
:101150001FFA8CF0CDF80090FFF702F8601C84B203
:10116000082CC3DB681C85B2102DBDDBBDE8F88FF1
:1011700010B54FF4FA71404800680AF067F900B9F9
:1011800010BD3E4800683C4908603D48006880F456
:1011900080703B4908603BA00EF074FC00BFEFE795
:1011A0000EB500F0C8F906F0F8F906F0A8F90AF053
:1011B00079FC00200AF0BBFC0AF0FAFA0BF07AFC8A
:1011C00001200BF03BFC4FF6FF7000903248438843
:1011D000028800210846FEF7C3FF30480EF052FC9B
:1011E00006F06DF90CF031FA00280ED02CA00EF0AC
:1011F00049FC06F000FA0CF0DDF910B134A00EF055
:1012000041FC3AA00EF03EFC02E042A00EF03AFC97
:1012100001F09DFA06F050FA4848007810B148A055
:101220000EF030FC4B484C49097850F821004B49EE
:1012300049794A4A1279CDE9002102904748C3789A
:101240008278018846A00EF01DFC0AF02AFD4EF6B9
:10125000602104200AF0ADFC10B949A00EF012FC88
:101260000BF0CBFA07E00AF002F901F094FE0AF065
:1012700089FF0AF00DFCF6E7FC000020780300204F
:101280000C0C01405B496E665D2054696D6520550C
:1012900070646174650D0A00F40500205CFF0108AC
:1012A0005B496E665D20466C617368206C6F61649B
:1012B000206661696C65642C207573696E672064B3
:1012C000656661756C742076616C7565730D0A00D6
:1012D0005B4572725D20466C617368207772697439
:1012E00065206661696C210D0A0000005B496E662D
:1012F0005D2044656661756C742076616C756573FC
:1013000020736176656420746F20466C6173680D8C
:101310000A0000005B496E665D20506172616D6578
:1013200074657273206C6F616465642066726F6DA2
:1013300020466C6173680D0A0000000078020020EE
:101340005B496E665D20525443205265736574217B
:101350000D0A0000D001002082030020F2000020CE
:101360005B496E665D2025642F25642F256420204F
:1013700025643A25642020573A25730D0A000000A1
:101380005B4572725D20416C61726D2046756C6CBC
:10139000210D0A00704700BFFEE700BFFEE700BF57
:1013A000FEE700BFFEE770477047704702480068DD
:1013B000401C014908607047780300200CB50020EC
:1013C000019000909348006840F480309149086093
:1013D00000BF9048006800F4003000900198401C65
:1013E0000190009818B90198B0F5A06FF1D1894823
:1013F000006800F4003010B10120009001E00020EE
:1014000000900098012844D18348006840F0100003
:10141000814908600846006820F00300086008461B
:10142000006840F0020008607A48406879494860E6
:101430000846406848600846406840F4806048605C
:101440000846406820F47C1048600846406840F434
:10145000E81048600846006840F08070086000BFEF
:101460006C48006800F000700028F9D069484068B6
:1014700020F00300674948600846406840F00200D9
:10148000486000BF6348406800F00C000828F9D1AC
:101490004CE06048006820F480305E4908605E4897
:1014A000006840F010005C4908600846006820F0C1
:1014B000030008600846006840F0020008605548D4
:1014C000406854494860084640684860084640689B
:1014D00040F4806048600846406820F47C10486012
:1014E0000846406840F4601048600846006840F0D4
:1014F0008070086000BF4748006800F00070002856
:10150000F9D04448406820F003004249486008464A
:10151000406840F00200486000BF3E48406800F06C
:101520000C000828F9D13D483D4908600CBD10B5B4
:10153000FFF744FF10BD10B53648006840F00100C9
:1015400034490860084640683649084031494860D7
:1015500008460068344908402E490860084600687B
:1015600020F4802008600846406820F4FE004860AF
:101570004FF41F008860FFF7DAFF4FF000602B493F
:10158000086010BD10B5002100200022214B5B68CF
:1015900003F00C0121B1042906D0082928D107E065
:1015A000234B1F4C236027E0214B1D4C236023E07D
:1015B000184B5B6803F47010164B5B6803F48032C1
:1015C000022303EB904022B91A4B4343144C23608F
:1015D0000DE0104B5B6803F4003323B1154B43431C
:1015E0000F4C236003E0124B43430D4C236003E098
:1015F0000F4B0B4C236000BF00BF064B5B68C3F36F
:1016000003130D4CE15C064B1B68CB40044C23607C
:1016100010BD000000100240002002400090D003E6
:10162000000100200000FFF8FFFFF6FE08ED00E0DB
:1016300000127A0000093D000401002010B50446A4
:10164000FE48844208D10121C0140CF0E9FB0021BE
:10165000E0140CF0E5FBC4E0B4F1804F08D10121A7
:1016600008460CF0EAFB002101200CF0E6FBB8E094
:10167000F348844208D1012102200CF0DEFB002156
:1016800002200CF0DAFBACE0EE48844208D10121E4
:1016900004200CF0D2FB002104200CF0CEFBA0E0D3
:1016A000E948844208D1012108200CF0C6FB002142
:1016B00008200CF0C2FB94E0E448844208D10121E8
:1016C00010200CF0BAFB002110200CF0B6FB88E0D3
:1016D000DF48844208D1012120200CF0AEFB00211C
:1016E00020200CF0AAFB7CE0DA48844208D10121DA
:1016F00040140CF095FB002160140CF091FB70E09D
:10170000D548844209D10121C8040CF089FB00218D
:101710004FF400200CF084FB63E0D048844209D1F0
:10172000012108050CF07CFB00214FF480100CF027
:1017300077FB56E0CA48844209D1012148050CF0E4
:101740006FFB00214FF400100CF06AFB49E0C54824
:10175000844208D1012140200CF06FFB0021402081
:101760000CF06BFB3DE0C048844208D10121802091
:101770000CF063FB002180200CF05FFB31E0BB48E4
:10178000844208D1012180150CF057FB0021A015DF
:101790000CF053FB25E0B648844209D1012108042E
:1017A0000CF03EFB00214FF480300CF039FB18E0C8
:1017B000B048844209D1012148040CF031FB0021DA
:1017C0004FF400300CF02CFB0BE0AB48844208D106
:1017D000012188040CF024FB00214FF480200CF040
:1017E0001FFB10BD00220288944B98420ED0994BEB
:1017F00098420BD0B0F1804F08D0914B984205D061
:10180000904B984202D0904B984204D14FF68F7380
:101810001A404B881A438D4B984207D08C4B984204
:1018200004D04FF6FF431A40CB881A4302808B88BE
:1018300083850B880385814B98420BD0854B98425A
:1018400008D08B4B984205D08A4B984202D08A4BE5
:10185000984201D10B7A038601238382704770B5C9
:10186000002400220023058C4FF6FE7635400584C7
:10187000028C8388048B4FF68F752C40B51E2C404C
:101880000D882C43751E2A400D892A434D882A4312
:101890006A4DA8420BD06F4DA84208D0744DA842A3
:1018A00005D0744DA84202D0734DA84213D14FF613
:1018B000F7752A404D892A434FF6FB752A408D88DB
:1018C0002A434FF6FF652B404FF6FF552B408D897D
:1018D0002B43CD892B4383800483CD888586028466
:1018E00070BD70B5002400220023058C4FF6EF7602
:1018F00035400584028C8388048B48F6FF752C40A4
:101900004FF6FF452C400D884FF6FF7606EA052579
:101910002C434FF6DF752A400D8906EA05152A4348
:101920004D8806EA05152A43444DA84202D0494D88
:10193000A8421DD14FF67F752A404D894FF6FF769C
:1019400006EA05152A434FF6BF752A408D8806EA38
:1019500005152A434FF6FF352B404FF2FF752B40FC
:101960008D8906EA85052B43CD8906EA85052B433B
:1019700083800483CD880587028470BD70B5002400
:1019800000220023058C4FF6FF6635400584028C4B
:101990008388848B4FF68F752C404FF6FC752C4056
:1019A0000D882C434FF6FF552A400D894FF6FF76E0
:1019B00006EA05252A434D8806EA05252A431F4DD8
:1019C000A84202D0234DA8421DD14FF2FF752A40F4
:1019D0004D894FF6FF7606EA05252A434FF6FF3577
:1019E0002A408D8806EA05252A434EF6FF752B40CE
:1019F0004DF6FF752B408D8906EA05152B43CD89E1
:101A000006EA05152B4383808483CD88858702846D
:101A100070BD70B5002200230024058C4EF6FF76C1
:101A200035400584038C8488828B48F6FF752A40F4
:101A30004FF6FF452A400D8820E00000002C0140B1
:101A40000004004000080040000C0040001000406E
:101A50000014004000340140004C0140005001409F
:101A60000054014000180040001C004000200040CD
:101A70000040014000440140004801404FF6FF761D
:101A800006EA05252A434DF6FF752B400D8906EA27
:101A900005352B434D8806EA05352B43FA4DA84200
:101AA00002D0FA4DA84208D14BF6FF752C408D8923
:101AB0004FF6FF7606EA85152C4384808283CD8815
:101AC000A0F84050038470BD828B4FF2FF331A4060
:101AD0008283828B4FF6FF7303EA01231A438283CA
:101AE0007047F0B50C461546002200210026078CF1
:101AF0004EF6FF7C07EA0C070784828B018C4FF6B9
:101B0000FF7707EA043640F6FF473A404FF6FF7783
:101B100007EA05273A434FF6FF7707EA03373A43C8
:101B2000D94FB8420ED0D94FB8420BD0B0F1804F48
:101B300008D0D74FB84205D0D64FB84202D0D64FC2
:101B4000B84206D14DF6FF77394046F48057394305
:101B500005E047F6FF57394044F480573943828304
:101B60000184F0BD828B4FF6F3731A408283828B1F
:101B70000A4382837047F0B50C46154600220021C7
:101B80000026078C4FF6FF6C07EA0C070784828B50
:101B9000018C4FF6FF7707EA04264FF60C773A40A0
:101BA0004FF6FF7707EA03172F433A43B64FB84281
:101BB0000ED0B64FB8420BD0B0F1804F08D0B44F22
:101BC000B84205D0B34FB84202D0B34FB84206D1A5
:101BD0004FF6FF57394046F48077394305E04FF21E
:101BE000FF57394044F48077394382830184F0BD44
:101BF000028B4FF2FF331A400283028B4FF6FF73C2
:101C000003EA01231A4302837047F0B50C461546D8
:101C1000002200210026078C4FF6EF7C07EA0C0714
:101C20000784028B018C4FF6FF7707EA041640F613
:101C3000FF473A404FF6FF7707EA03373A434FF63C
:101C4000FF7707EA05273A438F4FB8420ED08F4FF0
:101C5000B8420BD0B0F1804F08D08D4FB84205D0BC
:101C60008C4FB84202D08C4FB84206D14FF6DF7786
:101C7000394046F01007394305E04FF65F773940A9
:101C800044F01007394302830184F0BD028B4FF604
:101C9000F3731A400283028B0A4302837047F0B544
:101CA0000C46154600220021068C4FF6FE773E407A
:101CB0000684028B018C4FF60C7632407E1C06EABD
:101CC00003162E433243704EB0420ED06F4EB042D8
:101CD0000BD0B0F1804F08D06D4EB04205D06D4EA4
:101CE000B04202D06C4EB04206D14FF6FD76314084
:101CF00044F00106314305E04FF6F576314044F0FB
:101D00000106314302830184F0BD70B505460C46DF
:101D10005D4885420ED05D4885420BD0B5F1804FBD
:101D200008D05B48854205D05A48854202D05A48BF
:101D3000854200D100E000BF208850B92389A288E5
:101D400061882846FFF7ABFFE1882846FFF79EFF32
:101D500025E0208804280AD12389A28861882846A2
:101D6000FFF753FFE1882846FFF742FF17E020887E
:101D700008280AD12389A28861882846FFF7FBFE3C
:101D8000E1882846FFF7EEFE09E02389A2886188F2
:101D90002846FFF7A6FEE1882846FFF795FE70BDAE
:101DA0002DE9F04105460C4600260127608808B958
:101DB000022600E00026A088012801D1022700E0C9
:101DC00001272088A0B92389A28861882846FFF7C7
:101DD00066FFE1882846FFF759FF23893A463146D6
:101DE0002846FFF712FFE1882846FFF701FF13E0BE
:101DF0002389A28861882846FFF707FFE1882846E3
:101E0000FFF7F6FE23893A4631462846FFF747FF9B
:101E1000E1882846FFF73AFFBDE8F0810A884B8841
:101E20001A438B881A43CB881A430B891A434B8970
:101E30001A438B891A43A0F8442070474FF6FF716C
:101E4000818000210180C1804180017270470021A2
:101E5000018041808180C180018141818181C18176
:101E60007047002101804180012181800021C180D3
:101E7000018170470021018041808180C180018102
:101E80004181818170470000002C014000340140F5
:101E90000004004000080040000C004021B102880E
:101EA00042F00102028004E002884FF6FE731A40FD
:101EB0000280704731B1B0F8442042F40042A0F8EB
:101EC000442005E0B0F84420C2F30E02A0F84420FC
:101ED00070471AB183890B43838102E083898B4366
:101EE000838170478182704741EA0203A0F848303D
:101EF00070471AB183890B43838102E083898B4346
:101F00008381704701894FF6F87211400181704753
:101F10000A46002101894FF68F7319401143018150
:101F2000704730B504460D4629462046FFF7F0FFBE
:101F3000208940F00700208130BD2DE9F0410446A2
:101F40000D4616461F46602D06D13B4601223146FE
:101F50002046FFF75AFE05E03B4601223146204667
:101F6000FFF79DFE29462046FFF7D2FF208940F06B
:101F700007002081BDE8F08130B50C4600210189C1
:101F8000C9B24FF6FF7505EA0325154325432943DA
:101F9000018130BD2DE9F04105460E4617469846B1
:101FA000002443463A4631462846FFF7E5FF2C8990
:101FB0004FF6F870044044F007044FF68F70044069
:101FC00044F070042C81BDE8F081F0B504460D4664
:101FD00016461F463B46324629462046FFF7CCFFB1
:101FE000208940F480402081F0BD018582827047C5
:101FF0000A46002101884FF68F7319401143018072
:102000007047F0B50C4615461E46002100220023FD
:102010000189028B038C4FF6F877394021434FF644
:10202000FC473A4040F201173A434FF6DD773B4018
:102030004FF6FF7707EA06172F433B4301810283E0
:102040000384F0BD0A460021018B4FF68F731940BF
:102050001143018370470A460021018B48F6FF7344
:1020600019404FF6FF7303EA0223194301837047B7
:102070000A460021818B4FF68F73194011438183EB
:1020800070470A460021818B48F6FF7319404FF6CE
:10209000FF7303EA022319438183704721B1028849
:1020A00042F08002028004E002884FF67F731A40FB
:1020B0000280704721B1828842F00402828004E0ED
:1020C00082884FF6FB731A408280704721B1828864
:1020D00042F00802828004E082884FF6F7731A40CB
:1020E0008280704721B1828842F00102828004E040
:1020F00082884FF6FE731A40828070470A4600219C
:10210000018B4FF6F77319401143018370470A465C
:102110000021018B4FF2FF7319404FF6FF7303EA62
:1021200002231943018370470A460021818B4FF631
:10213000F77319401143818370470A460021818B50
:102140004FF2FF7319404FF6FF7303EA022319435E
:10215000818370470A460021018B4FF6FB731940BB
:102160001143018370470A460021018B4FF6FF336C
:1021700019404FF6FF7303EA0223194301837047A6
:102180000A460021818B4FF6FB731940114381836E
:1021900070470A460021818B4FF6FF3319404FF6F6
:1021A000FF7303EA02231943818370470A46002123
:1021B000018B4FF67F7319401143018370470A4624
:1021C0000021018BC1F30E014FF6FF7303EA0223D6
:1021D0001943018370470A460021818B4FF67F73B4
:1021E00019401143818370470A460021818BC1F356
:1021F0000E014FF6FF7303EA0223194381837047F0
:102200000A460021018C4FF6FD73194011430184E9
:1022100070470A460021018C4FF6F77319401143AD
:10222000018470470A460021018C4FF6DF73194084
:102230004FF6FF7303EA02131943018470470A46FD
:102240000021018C4FF67F7319404FF6FF7303EAAC
:1022500002131943018470470A460021018C4FF68E
:10226000FF5319404FF6FF7303EA02231943018419
:1022700070470A460021018C4FF2FF7319404FF658
:10228000FF7303EA02231943018470470A460021C1
:10229000018C4DF6FF7319404FF6FF7303EA0233CA
:1022A00019430184704730B5002301248C40A3B248
:1022B000048C9C430484048C02FA01F5ADB22C43D7
:1022C000048430BD30B5002304248C40A3B2048CB8
:1022D0009C430484048C02FA01F5ADB22C430484BF
:1022E00030BD70B503460020002418461830012583
:1022F0008D40ACB21D8CA5431D8409B1082909D1BC
:1023000000EB6100056825F0700505600568154360
:1023100005600EE00D1FC5F34E052844056825F441
:10232000E045056005684FF6FF7606EA022635436C
:10233000056070BD21B1028842F00202028004E013
:1023400002884FF6FD731A400280704721B102885F
:1023500042F00402028004E002884FF6FB731A4048
:102360000280704721B1828842F08002828004E0BE
:1023700082884FF67F731A408280704702884FF63A
:10238000F7731A40028002880A43028070478288ED
:102390004FF68F731A40828082880A43828070478A
:1023A00002894FF6F8731A40028102890A430281BA
:1023B000704702894FF67F731A40028102890A43EF
:1023C000028170478184704781857047818670479C
:1023D0000187704781877047A0F8401070470288D6
:1023E0004FF6FF431A40028002880A43028070477A
:1023F0000146888E70470146088F70470146888FD6
:1024000070470146B1F8400070470146888C70471C
:102410000146088D704702460020138A0B400BB11D
:10242000012000E000207047CA430282704730B5A7
:102430000246002000230024158A05EA010395893D
:1024400005EA010413B10CB1012000E0002030BD09
:10245000CA430282704700002DE9FF5F80460C46A8
:102460009246002003900290002140460DF0ACF807
:1024700008D20120029088F0004B58460DF02CF84D
:10248000054603E040460DF027F80546002140468A
:102490000DF0A4F801D8404601E088F00040FE4964
:1024A00001900CF0F4FE83460DF016F80A2190FB23
:1024B000F1F201FB1206002E00DA0026092E00DDE3
:1024C00009260A2D0DDB0A2095FBF0F000F0FF092C
:1024D0000A2095FBF0F100FB1150C7B201200390D8
:1024E00004E04FF00009EFB200200390029888B199
:1024F000039838B1502315224C2105200094FDF794
:102500002FFE10E0502333224C2123200094FDF7AE
:1025100027FE08E04FF6FF7054233322502100902D
:102520000520FDF71DFE039860B34FF6FF706A2388
:1025300037222A2100901420FDF712FE4FF6FF707B
:102540006A235F222A2100903820FDF709FE00212E
:1025500009F13000C0B24FF6FF732246CDE9000109
:102560002A211620FEF7ECFB002107F13000C0B253
:102570004FF6FF732246CDE900012A213B20FEF7EA
:10258000DFFB0CE0002107F13000C0B24FF6FF7313
:102590002246CDE900012A213B20FEF7D1FBBAF10A
:1025A000000F28D0622364225E2160200094FDF792
:1025B000D7FD612365225F2108460094FDF7D0FD19
:1025C00063236422194660200094FDF7C9FD5D2352
:1025D0006422194660200094FDF7C2FD012106F136
:1025E0003000C0B24FF6FF732246CDE900014A2108
:1025F0006D20FEF7A5FBBDE8FF9F30B589B0002434
:102600001822A64903A80CF077FDA54800780128F8
:102610000BD1A4484FF6FF734FF478420521009088
:102620008820FEF7ACFC601CC4B29F4890F82700DD
:10263000012810D104EB44008821A1EBC000C5B2F1
:102640009A484FF6FF730022052100902846FEF7B6
:1026500096FC601CC4B2944890F8230001280ED167
:1026600004EB44008821A1EBC000C5B290484FF6AE
:10267000FF730022052100902846FEF780FC8D485C
:102680004FF6FF7300222D2100906420FEF777FCA7
:10269000854890F82E0048B987484FF6FF7300220E
:1026A000252100908820FEF76AFC0CE003A88349EE
:1026B000097850F821004FF6FF7300222521009081
:1026C0008820FEF75CFC7E48007850B17D484FF6CC
:1026D000FF734FF47842482100908820FEF74FFCAA
:1026E00008E078484FF6FF730022482100908820C8
:1026F000FEF745FC74480078052803D0724800783E
:10270000062812D10021102270486F4B1B7850F818
:1027100023004FF6FF73CDE9012100904FF478427A
:102720006A218820FEF73DFA0FE000221021674859
:10273000654B1B7850F823004FF6FF738DE80700B8
:102740001F226A218820FEF72CFA09B030BD1CB583
:1027500000205F4908804FF6FF705E4908805E48A0
:1027600000790A2190FBF1F03030C4B201204FF61D
:10277000FF7300220521CDE900400846FEF7E0FA8C
:10278000554800790A2190FBF1F201FB120030302C
:10279000C4B201204FF6FF7300220521CDE90040AD
:1027A0001520FEF7CDFA002012232B220F210090D6
:1027B0002820FDF7D5FC00201C232B221921009096
:1027C0002820FDF7CDFC444840790A2190FBF1F028
:1027D0003030C4B201204FF6FF7300220521CDE94D
:1027E00000402F20FEF7ACFA3B4840790A2190FBCD
:1027F000F1F201FB12003030C4B201204FF6FF733A
:1028000000220521CDE900403F20FEF799FAFFF7AD
:10281000F4FE3248007800282CD12148007848B9CD
:10282000214988690CF04AFE044601220021FFF785
:1028300013FE09E01C4988690CF040FE04460122A1
:102840004FF47841FFF708FE1A484FF6FF73002255
:102850002D2100906420FEF792FB44F620610120B8
:1028600009F0A7F910B91EA00DF00CF900202149BC
:10287000087052E01948007801284ED10A49886949
:102880000CF01CFE044600221F21FFF7E5FD09485D
:102890004FF6FF7300222FE000002041F05A01089C
:1028A000F0000020B8470108BC0400207047010870
:1028B000284701089048010848480108F100002015
:1028C0008D0100200048010882030020D001002073
:1028D0009C0400209E040020F2000020C80100207B
:1028E0005B4572725D20416C61726D204661696C5E
:1028F0000D0A00008C0100202D2100906420FEF7BD
:102900003EFB42F21071022009F053F910B9FBA00E
:102910000DF0B8F80220FE490870642009F007F9AC
:102920001CBD08B54FF6FF706C2382222821009051
:102930000520FDF715FC08BD38B505460C464FF6D9
:10294000FF7015231A46002100900846FDF708FC89
:102950004FF6FF701523A022002100909020FDF774
:10296000FFFB55B1EB484FF6FF734FF4784205215A
:1029700000900846FEF759FB08E0E6484FF6FF7363
:102980000022052100900846FEF74FFB54B1E248B3
:102990004FF6FF734FF47842052100908C20FEF72C
:1029A00044FB08E0DC484FF6FF730022052100904D
:1029B0008C20FEF73AFB38BD10B5D848007830B10E
:1029C0000020D64908700120D549087005E0012093
:1029D000D24908700020D2490870D0480178D04808
:1029E0000078FFF7A9FF10BDF0B585B004460F468B
:1029F000CC4903C9CDE903019FB14FF6FF754FF4F0
:102A000078463046009003A830F81400183083B29E
:102A1000C548028803A830F814100020FDF7A0FB79
:102A200011E000254FF6FF763046009003A830F8FD
:102A30001400183083B2BC48028803A830F8141080
:102A40000020FDF78DFB04BBB848009003A830F8C8
:102A50001400001D81B233462A460A20FEF73AFBD5
:102A6000B3480580B348068000201021B2A2CDE90A
:102A70000021029003A830F81400801C81B2334674
:102A80002A461E20FEF78DF867E0012C20D1A748CA
:102A9000009003A830F81400001D81B233462A4686
:102AA0000A20FEF717FBA2480580A24806800020F6
:102AB0001021A5A2CDE90021029003A830F814004E
:102AC000801C81B233462A461E20FEF76AF844E095
:102AD000022C20D1A148009003A830F81400001D5A
:102AE00081B233462A460A20FEF7F4FA9048058060
:102AF000904806800020102199A2CDE90021029083
:102B000003A830F81400801C81B233462A461E20E8
:102B1000FEF747F821E0032C1FD19548009003A849
:102B200030F81400001D81B233462A460A20FEF711
:102B3000D1FA7F4805807F480680002010218DA2B1
:102B4000CDE90021029003A830F81400801C81B266
:102B500033462A461E20FEF724F805B0F0BDF8B52E
:102B600004460D4616464FF6FF7000906E484388A7
:102B7000028800210846FDF7F3FA31462846FFF7A0
:102B8000DBFE012C01D1012000E0002001460020E5
:102B9000FFF72AFF022C01D1012000E000200146AE
:102BA0000120FFF721FF032C01D1012000E00020CC
:102BB00001460220FFF718FF042C01D1012000E09C
:102BC000002001460320FFF70FFFF8BD7FB5054643
:102BD0005448083000680390002476E000205449EF
:102BE00008804FF6FF70534908808CB900201021EF
:102BF00064A2CDE90021029003A830F81400001D62
:102C000081B24FF6FF7300222D20FDF7CAFF10E0BE
:102C1000002010215EA2CDE90021029003A830F827
:102C20001400001D81B24FF6FF7300222D20FDF726
:102C3000B8FF0DB1032D23D159480078A0420DD122
:102C40005848009003A830F81400001D81B20023FA
:102C50004FF6FF721420FEF7E8F934E04FF6FF70EC
:102C6000009003A830F81400143083B203A830F8A1
:102C70001400001D81B224221420FDF771FA22E015
:102C8000601CA8420ED14748009003A830F81400F9
:102C9000001D81B24FF478434FF6FF721420FEF707
:102CA000C4F910E04FF6FF70009003A830F814004C
:102CB000143083B203A830F81400001D81B224221E
:102CC0001420FDF74DFA601CC4B2022C86DB7FBDD8
:102CD000FEB504460D46164631462846FFF72CFE43
:102CE0000020134908804FF6FF7012490880002029
:102CF000102111A24FF6FF7356E000005B4572727F
:102D00005D20416C61726D2046756C6C210D0A006E
:102D10008C010020704B0108304B01088F0100200E
:102D20008E010020085B0108F4050020504C0108CA
:102D30009C0400209E0400204F7065726174696FCE
:102D40006E204D6F6465000048656174696E672090
:102D50005363686564756C6500000000604C010891
:102D6000436F6E74726F6C2041646A2E0000000025
:102D7000704C0108557365722053657474696E67F1
:102D8000730000004D616E75204D6F64650000009A
:102D90005363686564756C65204D6F646500000061
:102DA000B6010020D04A0108CDE900210290024678
:102DB00018210A20FDF7F5FE00200090FD4800884C
:102DC000001F82B22B232A210420FDF7C9F92046D7
:102DD000FFF7FCFE032C0ED100201021F6A24FF6C7
:102DE000FF73CDE9002102904FF478426C217F20DF
:102DF000FDF7D7FE0CE000201021EFA24FF6FF7385
:102E0000CDE90021029002466C217F20FDF7C9FE2A
:102E1000FEBDF8B50546012D0DD1E9480078092819
:102E200008DAE7480078401CE54908700846007851
:102E300008F02AFAAEE0022D0DD1E1480078002812
:102E4000F8DDDF480078401EDD490870084600784C
:102E500008F01AFA9EE0032DECD1DA48007830B978
:102E6000D7480078D849D94A1278885405E0D44820
:102E70000078D749D54A12788854D4480078401C45
:102E8000D249087008460078042875DBCD480078E0
:102E9000B0B90120CB4908700020CC490870C8495E
:102EA00008704FF6FF700090C248438802880021E6
:102EB0000846FDF755F9C348007808F03BFA69E089
:102EC0000126002409E0C048005DC149095D88422F
:102ED00001D0002603E0601CC4B2042CF3DB00BF69
:102EE000002E30D0002405E0B748015DB9480155F7
:102EF000601CC4B2042CF7DB0AF05CFB10B1B6A076
:102F00000CF0C0FD1620BB4908700020BA490870BB
:102F10000120BA4908700020B9490870B949087001
:102F20004FF6FF700090A3484388028800210846AE
:102F3000FDF716F9B3480278B1480178AF48007838
:102F400007F0EDF816E000209E4908709F490870D0
:102F50009B49087005F0DAFB4FF6FF70009095482A
:102F60004388028800210846FDF7FAF89548007862
:102F700008F0E0F90EE0FFE79248007828B993489E
:102F80000178914808F096F804E09048017890485C
:102F900008F090F8F8BD00B587B09B48407808B9B4
:102FA00007B000BD93480078002873D19748007897
:102FB00097490978884205D0954800789349087068
:102FC000FFF71BFB90480078012803D08E4800785B
:102FD000022860D18F48007858B100208D490870D0
:102FE0008D484FF6FF730022482100908820FDF79E
:102FF000C6FF7848283890F82E00012818D10A20FA
:103000007C490870002085490870012008F011FEF5
:1030100044F62061032008F0CCFD18B9AFF224304B
:103020000CF030FD7D48007805F07CFB04F01ABA06
:1030300002207049087067482838806906900CF0B3
:103040003DFA77490860012008F0F3FD42F2107163
:10305000022008F0AEFD18B9AFF260300CF012FD9E
:10306000012070490870FFF75CFC5A4828388069D5
:1030700005900CF023FA00221F210690FFF7ECF9CF
:1030800069484FF6FF7300222D2100906420FDF760
:1030900076FFCBE739E05C4800780328C6D15D486D
:1030A000007820B3032053490870012008F0C1FDC7
:1030B00044F62061032008F07CFD18B9AFF2C4305B
:1030C0000CF0E0FC00204E49087001204D490870CA
:1030D00000204A4908704B4802784948017847481F
:1030E0000078FFF73CFD0120434908709EE701206E
:1030F0004849087048484FF6FF734FF4784248211A
:1031000000908820FDF73BFF90E73A4800780128BF
:103110004ED13E4800783E490978884205D03C4867
:1031200000783A490870FFF768FA374800780028B5
:103130003FD03548007804283BD02648283890F8FE
:10314000270001287ED119202A49087000201F4934
:1031500008701B49087005F0D9FA642008F0E7FCF4
:1031600044F62061032008F024FD18B9AFF2744042
:103170000CF088FC4FF6FF7000900E4840880690D7
:103180000C4800880590024600210846069BFCF783
:10319000E7FF0020254908804FF6FF70244908808A
:1031A0000020102123A24FF6FF73CDE900214AE051
:1031B000A3E069E0F405002053617665000000009B
:1031C000F6010020F5010020EC010020F4010020B0
:1031D000F0010020E40400205B4572725D20466C23
:1031E000617368207772697465206661696C210D6E
:1031F0000A0000008C0100209101002090010020B5
:103200008E0100208F0100207C030020C9010020D6
:10321000F00000208D01002000480108F901002085
:1032200094010020C8010020904801089C0400205F
:103230009E040020456E7465722050696E20436FB5
:10324000646500000FE0029002460A210846FDF77F
:10325000A8FCFE480178FE4807F02CFFFD480078E6
:1032600008F012F8E2E60020FB49087044F62061FD
:10327000012008F09EFC18B9AFF280500CF002FC5F
:10328000642008F054FCD1E6F44800780428E9D121
:103290001F20F14908700120F14908700020F14910
:1032A00008700120F04908700020F04908704FF6BE
:1032B000FF700090EE4840880690ED480088059029
:1032C000024600210846069BFCF74AFFE6480278C2
:1032D000E4480178E548007807F08FFE642008F0A4
:1032E00026FC44F62061032008F063FC0028B9D1D5
:1032F000AFF2F8500CF0C6FB98E6D74800780228E9
:103300007ED1D6480078012830D1DA48806805900F
:103310000CF0D4F80690D848016806980CF05EF9D5
:1033200007D24FF07E51D44800680BF058FFD249C5
:103330000860D14800680CF0E8F802460B46CDE979
:103340000401CEA00CF09EFBFFF7EBFA00221F2138
:10335000C9480068FFF780F8CD484FF6FF73002298
:103360002D2100906420FDF70AFE5FE6BB4800783F
:10337000022830D1BF48C06805900CF09FF8069035
:10338000BD48016806980CF01FF907D24FF07E5136
:10339000B94800680BF075FFB7490860B648006887
:1033A0000CF0B3F802460B46CDE90401B3A00CF0D3
:1033B00069FBFFF7B6FA00221F21AF480068FFF74C
:1033C0004BF8B3484FF6FF7300222D210090642084
:1033D000FDF7D5FD2AE6A148007803288CD100200E
:1033E0009D490870A44800680CF076F8A1498861EE
:1033F0000020A8490870FFF794FA9E48806900E011
:1034000026E005900CF05AF8012200210690FFF703
:1034100023F89F484FF6FF7300222D21009064206F
:10342000FDF7ADFD0AF0C6F818B1AFF254200CF06C
:1034300029FB022008F0FDFB44F62061012008F082
:10344000B8FB002891D1AFF24C700CF01BFBEDE5FE
:103450008148007803287DD181480078E8B37F480F
:103460000078012803D07D480078022802D1FFF7B8
:10347000A3FADBE5794800780328ABD17A480078D5
:1034800090B101207949087000207549087075498C
:1034900008707549087008460278724801787348C8
:1034A0000078FFF75CFBC1E500206B4908706C49B0
:1034B000087079490870774908704FF6FF700090DE
:1034C0006B48408806906A480088059002460021B3
:1034D0000846069BFCF744FE00E005E0FFF737F9DD
:1034E000032008F0A6FBA1E55C480078022819D16A
:1034F0005E4800780428AADA5C480078401EC0B212
:1035000000210690FFF770FA58480078401C574990
:10351000087008460078401EC0B201210690FFF7EF
:1035200063FA83E54D480078012833D14F4800788D
:10353000012817DD4D480078401EC0B200210690DA
:10354000FFF752FA49480078401E4849087008467B
:10355000007800E0FDE0401EC0B201210690FFF7B8
:1035600043FA63E501203E49087000203D49087098
:1035700001203D490870084601783A480078FFF775
:10358000DBF9002039490870002138480078FFF73E
:103590002BFA4BE531480078032884D13348007872
:1035A000022825D106202C49087001202C490870DA
:1035B00000202E4908702B49087001202A49087004
:1035C0004FF6FF7000902A484088069028480088EF
:1035D0000590024600210846069BFCF7C1FD2248E3
:1035E0000278204801782148007804F047F91DE569
:1035F0001E480078032853D10B201749087001207A
:1036000017490870002019490870164908700120F0
:10361000154908700020214908704FF6FF7000908E
:103620001348408806901248008805900246002101
:103630000846069BFCF794FD0B4802780948017880
:103640000A48007805F08EFAF0E40000F40100204A
:10365000EC010020F60100208C0100207C030020FA
:10366000910100208E0100208F0100209001002098
:10367000F4050020BC040020940100205B496E6624
:103680005D20446973703A252E31660D0A000000F2
:1036900090480108C80100208D01002099010020F8
:1036A000FE480078042825D11620FD490870012025
:1036B000FC4908700020F9490870FB490870012096
:1036C000FA4908704FF6FF700090F948408806905C
:1036D000F74800880590024600210846069BFCF743
:1036E0003FFDF2480278F0480178EC48007806F097
:1036F00016FD9BE4E94800780128A5D10520E8499A
:1037000008700120E74908700020E4490870E64984
:1037100008700120E5490870E64890F82E00E64957
:1037200008704FF6FF700090E14840880690E0482E
:1037300000880590024600210846069BFCF710FD14
:10374000DA480278D8480178D4480078FFF7C0FA00
:103750006CE4D3480078052878D1D2480078E8B3E3
:10376000D6480078012803D0D4480078022802D136
:10377000FFF722F95AE4D14800780328B9D1CB48A1
:10378000007898B10020C74908700120C34908702B
:103790000020C5490870C549087008460278C2482B
:1037A0000178BE480078FFF793FA3FE40320BC4954
:1037B00008700020BB4908700120B849087000203B
:1037C000B9490870B94908704FF6FF700090B848C1
:1037D00040880690B6480088059000E00EE002465A
:1037E00000210846069BFCF7BBFCB0480278AE48B7
:1037F0000178AA480078FFF7B2F917E4A7480078E3
:10380000012803D0A5480078022856D1AB4800789B
:1038100002280BD1A1480078012899D102209F49A4
:10382000087008460078FFF7D1F932E4A348007821
:10383000012823D199480078022808D1012097490E
:10384000087008460078FFF7C1F922E487E0934842
:10385000007801288ED19349087000208F490870A4
:1038600091490870012091490870084602788E48F5
:1038700001788A480078FFF72BFA0AE48F4800782D
:10388000032892D185480078012803D100208A4975
:10389000087006E081480078022802D1012086499C
:1038A000087003207D490870804802787E480178BE
:1038B0007A480078FFF70CFA18E478480078032873
:1038C0009BD17E480078032830D1754908700020CC
:1038D000744908700120714908700020724908700D
:1038E0007249087074480078724981F82E0009F016
:1038F00061FE18B1AFF220700CF0C4F84FF6FF7003
:1039000000906B4840880690694800880590024600
:1039100000210846069BFCF723FC644802786248B5
:1039200001785E480078FFF71AF99BE46348007855
:10393000012803D061480078022886D10120574928
:1039400008700020584908705849087008460278E5
:103950005548017851480078FFF7BAF982E4504899
:103960000078062870D14F480078E0B353480078BB
:10397000012803D051480078022802D1FFF71CF833
:1039800070E44E480078032896D14848007898B1F2
:103990000020444908700120404908700020424935
:1039A000087042490870084602783F4801783B4851
:1039B000007803F063FF55E40320394908700020C4
:1039C00038490870022035490870002036490870CF
:1039D0003649087008460278334801782F48007845
:1039E000FFF7BDF83EE4FFE734480078022813D122
:1039F0002A480078032898DA00212848007803F044
:103A00009FFE26480078401C244908700121234865
:103A1000007803F095FE25E42848007801282BD192
:103A20001E480078012810DD00211C48007803F0B2
:103A300087FE1A480078401E18490870012117486F
:103A4000007803F07DFE0DE499E00120154908702F
:103A500000201249087014490870012013490870A9
:103A60000846017810480078FEF766FF0B48017899
:103A7000012003F065FE06E41048007803289AD17F
:103A800006480078012840D10720054908700948F8
:103A900090F82C000A490870012013E090010020E2
:103AA0008C010020910100208E0100208F01002058
:103AB000F4050020BC040020B60100207C03002097
:103AC000BE010020FC4908700020FC49087001205C
:103AD000FB4908700020FB4908704FF6FF7000900A
:103AE000F94840880690F848008805900246002171
:103AF0000846069BFCF734FBF1480278EF48017852
:103B0000F048007803F0DEFF2FE4EE48007802284A
:103B100003D0EC480078032895D1EA4800780228C1
:103B200001D0012000E00020E84908700820E849A1
:103B300008700120E04908700020E0490870012069
:103B4000DF4908700020DF490870E24908704FF62D
:103B5000FF700090DC4840880690DB4800880590A4
:103B6000024600210846069BFCF7FAFAD448027880
:103B7000D2480178D348007804F01EF92AE4D448EA
:103B80000078072877D1CC48007801284BD1D2485B
:103B90000078012803D0D0480078022802D1FEF72F
:103BA0000BFF17E4CC4800780328ADD1C348007858
:103BB00020B30620C64908700120C24908700020C1
:103BC000BE490870BE490870BB4908704FF6FF70C7
:103BD0000090BD4840880690BB480088059002468A
:103BE00000210846069BFCF7BBFAB5480278B348AB
:103BF0000178B448007803F041FE28E40120B1497F
:103C000008700020AD490870AD490870AA490870D5
:103C1000AB480178A9480078FEF78EFEAF480078DF
:103C200003F0DCFE13E4A7480078012834D1AA4849
:103C3000007802280DD1A948007801289EDDA74808
:103C40000078401EA54908700846007803F0C6FEBB
:103C50000FE4A148007801280ED1A048007802287E
:103C60008CDA9E480078401C9C4908700846007811
:103C700003F0B4FE17E45FE097480078032890D182
:103C80000220904908708E4802788C4801788D484F
:103C9000007803F017FF06E48A4800780228ACD1C8
:103CA0008D480078012803D08B48007802280ED177
:103CB00000208149087001208249087080480278FC
:103CC0007E4801787F48007803F0FCFE0BE48248D0
:103CD0000078032891D106207D490870002076499C
:103CE0000870764908707649087001207549087097
:103CF0007A4800787A4981F82C0009F05BFC18B109
:103D0000AFF62C300BF0BEFE4FF6FF7000906E4801
:103D1000408806906C4800880590024600210846BD
:103D2000069BFCF71DFA66480278644801786548EE
:103D3000007803F0A3FD14E465480078082876D1E4
:103D40005D48007898B364480078012803D0624841
:103D50000078022802D1FEF72FFE1AE45E480078B0
:103D6000032887D15648007890B100205249087046
:103D70005249087052490870012052490870504851
:103D800002784E4801784F48007804F015F82EE488
:103D900006204F49087000204749087047490870BD
:103DA000474908704948007810B9022001E01AE03C
:103DB0000320444908704FF6FF7000904248408845
:103DC0000690414800880590024600210846069B5F
:103DD000FCF7C6F93A480278384801783948007843
:103DE00003F04CFD30E43C48007802287AD1354895
:103DF000007807289FDA3348007806903148007829
:103E0000401C304908703348007805900846007817
:103E100006280DDC084601782E480078001D8142F6
:103E20000DDD28480078001F2A49087007E090E15E
:103E300028480078032802DA03202649087025491B
:103E400009780598884206D0002211461D4800785E
:103E500003F0B2FF61E01F4909780698401AC0B22A
:103E60000490184800781B490978401AC0B20390A2
:103E70000698072810D1002003F0A8FE114800780A
:103E8000401EC0B202900398401EC0B201220190B1
:103E9000029903F0C3FE3FE00A480078072822D1C8
:103EA0000498401EC0B200220290069903F0B6FEAC
:103EB000012003F08BFE2FE0910100208E010020F5
:103EC0008F01002090010020F4050020FD0100205A
:103ED0008C010020980100207C030020BE010020FE
:103EE000BC0400201AE00698401EC0B2029004985C
:103EF000401EC0B200220190029903F08FFEF948E3
:103F00000078401EC0B202900398401EC0B2012249
:103F10000190029903F082FE00BF19E4F248007894
:103F2000012873D1EF480078012871DDED48007851
:103F30000690EC480078401EEA490870EB4800788B
:103F4000059008460078401EE8490978884204DA5E
:103F5000E4480078401EE5490870E449097805986E
:103F600088420AD0DF480078062806D00022114691
:103F7000DC48007803F020FF47E0DC490978069828
:103F8000401AC0B20490D7480078D8490978401A3E
:103F9000C0B203900698072810D1D2480078401E7E
:103FA000C0B202900398401EC0B201220190029953
:103FB00003F034FE002003F009FE25E0C948007834
:103FC000072808D100220699049803F027FE012053
:103FD00003F0FCFD18E00698401EC0B20290049861
:103FE000401EC0B200220190029903F017FEBD48A6
:103FF0000078401EC0B202900398401EC0B2012259
:104000000190029903F00AFE00BF0EE415E0FFE7FD
:104010000120B74908700020B64908700120B64950
:1040200008700020AF490870B3480278B1480178A1
:10403000AC48007803F0C0FE07E4AB4800780328E2
:10404000E3D1A8480078072829D10620AB49087099
:104050000020A7490870A7490870A7490870A84818
:10406000007808B9022000E003209E4908704FF64E
:10407000FF700090A34840880690A24800880590F1
:10408000024600210846069BFCF76AF89A48027827
:10409000984801789348007803F0F0FB0CE49148CD
:1040A00000780628B1DC0920944908708D48007812
:1040B0009549087001208E49087000208D490870CC
:1040C00001208D4908700020864908708C480078CE
:1040D00008B18E4801E08D48183806908A4801786A
:1040E000491E069810F82100894908708648017811
:1040F000491E069800EB8100407886490870824886
:104100000178491E069800EB81008078824908708A
:104110007D480178491E069800EB8100C0787F49F0
:1041200008704FF6FF7000907648408806907548FA
:1041300000880590024600210846069BFCF710F80F
:104140006D4802786B4801786F48007803F067FE8D
:1041500004E46A480078092874D165480078D8B327
:1041600061480078012803D05F480078022802D116
:10417000FEF722FC04E45C48007803288ED15E48F8
:10418000007898B1012057490870002059490870FB
:1041900059490870564908705748017855480078C1
:1041A000FEF7CAFB012004F070F804E4082053492C
:1041B000087000204E4908704E4908704E4908703A
:1041C000514800784749087008460078042804DC04
:1041D00000204649087005E01CE042480078001FB6
:1041E000424908704FF6FF7000904648408806909C
:1041F000444800880590024600210846069BFBF7CC
:10420000AFFF3D4802783B4801783648007803F01C
:10421000D3FD18E433480078012836D132480078BD
:10422000012810D13A480078172805DA3848007874
:10423000401C3749087002E000203549087004F03E
:10424000E7F818E435E12848007802280FD1304813
:104250000078002805DD2E480078401E2C490870A3
:1042600002E017202A49087004F0D2F84CE41E48F6
:104270000078032899D102201A490870012004F01F
:1042800053F8022004F001F83EE4164800780228B2
:1042900053D11548007801280FD11E4800783B28DB
:1042A00005DA1C480078401C1A49087002E000201A
:1042B0001849087004F0ACF826E40B48007802288E
:1042C0002ED114480078002805DD12480078401EE1
:1042D0001049087002E03B200E49087004F098F87D
:1042E00012E40000900100207C03002098010020CF
:1042F000910100208E0100208F0100208C01002000
:10430000FD010020F4050020F70100200905002030
:10431000FA010020FB010020FC010020F801002030
:10432000FD48007803288CD1FC490870022003F076
:10433000FBFF032003F0A9FF20E4F84800780328DE
:1043400030D1F548007801280DD1F5488068F5494D
:104350000978884204DDF3480078401CF149087070
:1043600004F0DCF80AE4EC48007802280DD1EC48AF
:10437000C068EC490978884204DAEA480078401EAF
:10438000E849087004F0CAF80BE4E3480078032811
:1043900092D10420E1490870032003F0C5FF04F026
:1043A000F8F82AE4DD48007804281FD1DA480078BC
:1043B000012803D0D848007802280BD1DA480078C9
:1043C000012801D0012000E00020D749087004F046
:1043D000E0F812E4D04800780328ADD10520CF4999
:1043E000087004F0D6F804F06AF906E4CB480078C7
:1043F0000528A1D1C848007803289DD1CB48007872
:10440000401EC0B20690CA48007810B1C4484D3072
:1044100001E0C34835300590C6480278DDE9050162
:1044200000F82120C4480278DDE9050100EB810095
:104430004270BC480278DDE9050100EB8100827022
:10444000B9480278DDE9050100EB8100C27009F08E
:10445000B1F810B1B9480BF015FB0820B849087045
:10446000B2480078AD49087008460078042803DC9B
:104470000020B449087004E0A8480078001FB14942
:1044800008704FF6FF700090AF4840880690AE4825
:1044900000880590024600210846069BFBF760FE57
:1044A000AA480278AA4801789C48007803F084FC66
:1044B0000CE4A34800780B287ED1A6480078E8B326
:1044C00095480078012803D093480078022802D14B
:1044D000FEF772FA2FE490480078032885D19B48B4
:1044E0000078A8B100209B49087001208B49087012
:1044F00000209749087095490870974908709348BB
:104500000278934801788548007804F02BFB12E488
:1045100003208B49087000208E49087003207F49D2
:10452000087000208A490870884908704FF6FF70AB
:104530000090854840880690834800E010E000889D
:104540000590024600210846069BFBF709FE7F48BE
:1045500002787F48017871480078FEF700FB16E486
:104560006D480078022847D16C48007807289FDA08
:104570006A48007806907848007805906748007887
:10458000401C664908700846017873480078001D91
:10459000814204DD61480078001F6F4908706E4851
:1045A0000078032802DD03206B4908706A49097806
:1045B000059888420AD000E0EBE16448027864483C
:1045C00001785648007804F0CDFA14E00698401EB1
:1045D00061490978401AC0B20021049004F06BFAD6
:1045E0004E480078401E5C490978401AC0B201214B
:1045F000049004F060FA90E447480078012858D10C
:1046000046480078012841DD444800780690524829
:104610000078059041480078401E404908700846DF
:104620000078401E4C490978884204DA3B480078FB
:10463000401E4949087048480078032802DD0320DD
:1046400045490870444909780598884208D03F4890
:1046500002783F4801783148007804F083FA14E08A
:104660000698401E3C490978401AC0B200210490C7
:1046700004F021FA29480078401E37490978401A89
:10468000C0B20121049004F016FA46E40120314939
:1046900008702F49087000202C4908701F490870C5
:1046A0002A4802782A4801781C48007804F05AFA0F
:1046B00033E41948007803289DD118480078012870
:1046C0004ED10C201E49087001202249087000209C
:1046D000124908701E49087001201C4908701048D2
:1046E00090F82F001D4908704FF6FF700090164893
:1046F000408806901448008805900246002108462C
:10470000069BFBF72DFD11480278114801780348FC
:10471000007804F0BEFA78E47C03002090010020C9
:10472000BC040020FC010020F8010020F70100205B
:10473000FD010020FA010020FB010020D831000813
:104740008C01002098010020F40500208F0100203A
:104750008E0100209101002099010020B701002066
:10476000FD48007803282FD10D20FC490870012056
:10477000FB4908700020F8490870FA4908700120C8
:10478000F9490870F94890F83000F9490870F7487D
:1047900090F83100F74908704FF6FF700090F64826
:1047A00040880690F448008805900246002108469B
:1047B000069BFBF7D5FCEC480278EA480178E6480E
:1047C000007805F035FA20E4E348007802282FD17C
:1047D0000E20E24908700120E14908700020DE49FE
:1047E0000870E04908700120DF490870DF4890F840
:1047F0003300E2490870DD4890F83400E049087061
:104800004FF6FF700090DC4840880690DA48008838
:104810000590024600210846069BFBF7A1FCD24802
:104820000278D0480178CC48007805F003FB35E4E5
:10483000C9480078042826D11020C84908700120F2
:10484000C74908700020C74908700120C649087090
:104850000020C14908704FF6FF700090C64840889C
:104860000690C54800880590024600210846069B30
:10487000FBF776FCBC480278BA480178B648007865
:1048800004F0DEFA0AE4B4480078052826D11120A5
:10489000B24908700120B24908700020B14908707F
:1048A0000120B14908700020AB4908704FF6FF7035
:1048B0000090B14840880690AF48008805900246B5
:1048C00000210846069BFBF74BFCA7480278A54849
:1048D0000178A148007804F076FB39E49E4800781E
:1048E000062826D112209D49087001209C49087095
:1048F00000209C49087001209B49087000209649BF
:1049000008704FF6FF7000909B48408806909A48C8
:1049100000880590024600210846069BFBF720FC14
:10492000914802788F4801788B48007804F097FB13
:104930000EE4894800780728A4D11520874908701B
:1049400001208749087000208649087001208649A7
:104950000870002080490870844890F82200894936
:1049600008704FF6FF700090834840880690824898
:1049700000880590024600210846069BFBF7F0FBE5
:1049800079480278774801787348007804F0FCFE93
:104990000BE4724800780C2875D171480078012822
:1049A00049D179480078012803D077480078022857
:1049B00002D1FEF701F82CE47348007803288CD16B
:1049C0006948007890B10020654908706649087010
:1049D00064490870012060490870634802786148A2
:1049E00001785D48007804F054F912E40B205B492B
:1049F000087000205A4908705A4908705A490870CE
:104A00000120554908704FF6FF7000905A484088C1
:104A10000690594800880590024600210846069BEA
:104A2000FBF79EFB504802784E4801784A480078D0
:104A300004F098F805E448480078012843D152482A
:104A4000007802280DD1514800780128A0DA4F489B
:104A50000078401C4D4908703F48007804F0B6F8D3
:104A600004E449480078012821D14848007800280A
:104A70000ADD46480078401E4449087036480078F0
:104A800004F0A4F818E485E001203549087036499F
:104A900008700020334908702F49087032480278A6
:104AA000304801782C48007804F0F3F804E43648E4
:104AB0000078032899D10220274908700846007819
:104AC00004F084F80CE42448007802288DD12E48A4
:104AD000007803282FD10B2020490870002020499E
:104AE0000870204908702049087001201A49087090
:104AF000264800781D4981F82F0008F05BFD10B1B1
:104B000023480AF0BFFF4FF6FF7000901A48408814
:104B10000690194800880590024600210846069B29
:104B2000FBF71EFB104802780E4801780A4800780F
:104B300004F018F816E414480078012803D012484D
:104B4000007802288CD101200349087008460078BB
:104B500004F03CF806E40000900100208C010020E5
:104B6000910100208E0100208F010020BC04002054
:104B7000CA010020CB010020F4050020CC01002058
:104B8000CD010020B80100207C030020B7010020E7
:104B9000D8310008FE48007810287DD1FD48007803
:104BA000012853D1FC480078012803D0FA48007846
:104BB000022802D1FDF700FF0BE4F7480078032834
:104BC000B8D1F6480078E0B10020F2490870F34906
:104BD0000870F34908700120F2490870F248006833
:104BE000F2490860F0484068F1490860EB480178F4
:104BF000EB480078FDF7A0FEEA48007804F0AFF833
:104C000056E40B20E24908700020E2490870E449AC
:104C10000870E24908700220E24908704FF6FF7000
:104C20000090E44840880690E248008805900246DB
:104C300000210846069BFBF793FAD8480278D8482B
:104C40000178D848007803F08DFF31E4D54800782A
:104C5000012855D1D0480078012821D1D3480068D7
:104C60000AF053FC0022D44BCDE904010AF060FCA9
:104C7000A2D2CE4800680AF048FC0022CF4BCDE912
:104C800002010AF074FBCDE904010AF081FCC74976
:104C90000860C448007800E0D3E004F060F807E45E
:104CA000BD48007802281FD1C04800680AF02DFCDA
:104CB0000022C34BCDE904010AF052FCA0D2BB484C
:104CC00000680AF022FC0022BC4BCDE902010AF088
:104CD000EFFBCDE904010AF05BFCB4490860B14880
:104CE000007804F03CF812E4AB480078032887D140
:104CF0000220AC4908700846007804F030F806E459
:104D0000A8480078022852D1A348007801281FD172
:104D1000A74800680AF0F9FB0022A74BCDE904017F
:104D20000AF006FC91D2A24800680AF0EEFB0022CD
:104D3000A24BCDE902010AF01AFBCDE904010AF009
:104D400027FC9B4908609748007804F008F806E4BF
:104D50009148007802281FD1954800680AF0D5FBD9
:104D60000022974BCDE904010AF0FAFB97D2904854
:104D700000680AF0CAFB0022904BCDE902010AF05C
:104D800097FBCDE904010AF003FC894908608548D6
:104D9000007803F0E4FF2EE47F4800780328A2D1D6
:104DA000804908700846007803F0D9FF23E47D4865
:104DB0000078032897D178480078032831D10B2058
:104DC0007349087000207349087075490870734969
:104DD00008700220734908707448006872490860BE
:104DE00073480068486008F0E5FB10B175480AF0A8
:104DF00049FE4FF6FF7000906E48408806906D485F
:104E000000880590024600210846069BFBF7A8F99A
:104E100062480278624801786248007803F0A2FE96
:104E200033E45D480078012803D05B48007802280D
:104E30008DD101205B4908700846007803F08FFF90
:104E400023E45348007811287DD152480078012886
:104E500053D151480078012803D04F4800780228E8
:104E600002D1FDF7A9FD10E44B480078032892D148
:104E70004A480078E0B10020464908704749087068
:104E800047490870012047490870474880684E49E3
:104E900008604548C0684D4908604048017840486E
:104EA0000078FDF749FD3F48007804F015F832E43A
:104EB0000B203749087000203649087038490870BF
:104EC000364908700320374908704FF6FF7000908C
:104ED00038484088069037480088059002460021EF
:104EE0000846069BFBF73CF92C4802782C480178D1
:104EF0002C48007803F036FE0DE42A48007801289B
:104F000031D12548007801280DD12F480068462866
:104F100086DA2D480068401C2B490860214800783B
:104F200003F0DAFF4FE41C48007802280FD126482E
:104F30000068142884DD24480068401E2249086067
:104F40001848007800E0AEE003F0C6FF3BE41248EA
:104F50000078032887D1022012490870084600789B
:104F600003F0BAFF2FE40F480078022851D10A4815
:104F7000007801282FD1154800680A2897DA1348CD
:104F80000068401C114908600648007820E00000D5
:104F90008C010020910100207C0300208F01002063
:104FA0008E01002090010020BC0400209C01002004
:104FB000A0010020F4050020000014400000E03FA4
:104FC000000014C0D8310008A4010020A80100206E
:104FD00003F082FF2BE4FD48007802280ED1FC4844
:104FE000006810F10F0F87DDF9480068401EF8498E
:104FF0000860F848007803F06FFF18E4F348007881
:1050000003288FD1F34908700846007803F064FF45
:105010000DE4F0480078032884D1EC480078032898
:1050200031D10B20EC4908700020EC490870EC49A4
:105030000870EC4908700320E6490870EA480068E7
:10504000EA498860E2480068C86008F0B3FA10B125
:10505000E7480AF017FD4FF6FF700090E5484088DA
:105060000690E44800880590024600210846069B09
:10507000FBF776F8DB480278D9480178D548007804
:1050800003F070FD29E4D1480078012803D0CF480F
:10509000007802289ED10120CE4908700846007889
:1050A00003F01AFF19E4CC480078122879D1CB48D4
:1050B0000078012849D1C5480078012803D0C348A9
:1050C0000078022802D1FDF777FC06E4BF4800789B
:1050D000032892D1C348007890B10020BF490870DE
:1050E000C0490870BE4908700120BA490870BD481F
:1050F0000278BB480178B748007803F0B0FF17E4A6
:105100000B20B54908700020B4490870B4490870F4
:10511000B44908700420AF4908704FF6FF70009042
:10512000B44840880690B3480088059002460021A4
:105130000846069BFBF714F8AA480278A8480178AD
:10514000A448007803F00EFD22E4A048007802286D
:1051500011D1A0480078022894DA9E480078401CBB
:105160009C4908709F4802789D48017899480078CA
:1051700003F075FF0CE495480078012829D1954883
:10518000007802280ED193480078401E914908709B
:1051900094480278924801788E48007803F05FFFC7
:1051A00009E470E08B48007801288ED100208949FD
:1051B00008708B49087001208A4908708749087077
:1051C00088480278864801788248007803F047FFD3
:1051D0000BE47E480078032891D17E4800780128AE
:1051E00026D113207C49087001207C4908700020DA
:1051F0007B49087001207B490870002075490870C0
:105200004FF6FF7000907B484088069079480088F0
:105210000590024600210846069BFAF7A1FF714857
:1052200002786F4801786B48007804F0EFF817E4D3
:1052300068480078022887D1142067490870012047
:1052400066490870002066490870012065490870A9
:105250000020604908704FF6FF7000906548408854
:105260000690644800880590024600210846069B87
:10527000FAF776FF5B48027859480178554800787C
:1052800004F0B2F912E45448007813287ED1534850
:105290000078012852D14D480078012803D04B48AE
:1052A0000078022802D1FDF787FB0BE4474800781D
:1052B00003288DD14B480078D8B14C4800694E493D
:1052C00008604A4890F820004C4908700020434983
:1052D0000870444908704249087001203D4908702F
:1052E000404802783E4801783A48007804F08EF849
:1052F00020E41220384908700020384908703849E5
:105300000870384908700120324908704FF6FF7064
:10531000009038484088069036480088059002463C
:1053200000210846069BFAF71BFF2E4802782C48FE
:1053300001782848007803F092FE0BE425480078B5
:10534000012830D12148007801280DD12A48006871
:10535000462897DA28480068401C274908601D48FD
:10536000007803F0CDFF27E41848007802280ED11A
:10537000214800681E2885DD1F480068401E1E4920
:1053800008601448007803F0BBFF15E496E00F486E
:105390000078032889D102200E4908700846007859
:1053A00003F0AEFF08E40B48007802283BD1074821
:1053B0000078012803D005480078022828D10F483A
:1053C0000078E8B100200D4908701CE07C03002043
:1053D000A8010020900100208C01002091010020F4
:1053E0008E0100208F010020A4010020BC040020B9
:1053F000D8310008F4050020AC010020B4010020E1
:105400000120F8490870F848007803F079FF1CE49F
:10541000F6480078032890D1F349087008460078D0
:1054200003F06EFF11E4F0480078032885D1EF48BF
:105430000078032832D11220ED4908700020ED4990
:105440000870ED490870ED4908700120E6490870C0
:10545000EB480068EB490861E248007881F82000D9
:1054600008F0A8F810B1E8480AF00CFB4FF6FF70FE
:105470000090E64840880690E4480088059002467F
:1054800000210846069BFAF76BFEDC480278DA48F2
:105490000178D548007803F0E2FD24E4D348007891
:1054A000012803D0D14800780228B0D10120CE498C
:1054B00008700846007803F023FF14E4CC48007815
:1054C00014287DD1CB480078012852D1C7480078F4
:1054D000012803D0C5480078022802D1FDF76CFAF4
:1054E0000DE4C2480078032891D1C4480078D8B1AF
:1054F000C4484069C6490860C24890F82100C549BF
:1055000008700020BB490870BC490870BA4908708F
:105510000120B5490870B9480278B7480178B24807
:10552000007804F061F812E41220B14908700020FC
:10553000B0490870B0490870B04908700220AA4903
:1055400008704FF6FF700090B04840880690AF4852
:1055500000880590024600210846069BFAF700FEE7
:10556000A6480278A44801789F48007803F077FDA8
:1055700011E49D480078012832D19C480078012828
:105580000DD1A34800680A2887DAA1480068401CAA
:105590009F4908609448007803F07BFF06E4934835
:1055A0000078022810D19A48006810F10F0F84DDAE
:1055B00097480068401E964908608B48007800E0D4
:1055C0007EE003F066FF2BE488480078032887D14B
:1055D0000220854908700846007803F05AFF1FE44E
:1055E00081480078022820D180480078012803D023
:1055F0007E48007802280DD186480078012801D025
:10560000012000E00020834908707748007803F00B
:1056100040FF05E475480078032884D1724908707A
:105620000846007803F035FF0AE46F480078032845
:105630009ED16E480078032832D112206C49087040
:1056400000206C4908706C4908706C490870022091
:10565000654908706E4800686A4948616D4800787D
:1056600081F8210007F0A6FF10B167480AF00AFA96
:105670004FF6FF70009065484088069063480088A8
:105680000590024600210846069BFAF769FD5B4833
:105690000278594801785448007803F0E0FC06E4A9
:1056A00052480078012803D05048007802288AD157
:1056B00001204D4908700846007803F0EAFE1BE41B
:1056C0004B48007815286FD14A48007801284BD103
:1056D00046480078012803D044480078022802D1C7
:1056E000FDF76AF908E441480078032891D143485E
:1056F0000078A0B100203F490870404908703E4939
:1057000008700120384908703C4801783A48007810
:10571000FDF712F93448007803F0A9FF16E40B20D6
:105720003349087000203349087033490870334901
:10573000087005202C4908704FF6FF700090334820
:1057400040880690314800880590024600210846AE
:10575000069BFAF705FD2948027827480178224878
:10576000007803F0FFF935E41F480078012861D183
:105770001E480078012822D127480078012814D13A
:105780001C49087000201C49087001201B49087042
:105790000020154908701948027817480178124806
:1057A000007803F0F1FF15E493E01B480078401EF9
:1057B000194908700C48007803F059FF0AE40B48B7
:1057C000007802282AD11448007803288ADA12487F
:1057D0000078401C104908700348007803F047FF28
:1057E0000BE40000B4010020900100207C030020A5
:1057F0008C010020910100208E0100208F010020EB
:10580000AC010020BC040020D8310008F4050020C1
:10581000B0010020B5010020B8010020F94800784F
:105820000328A0D10220F84908700846007803F048
:105830001EFF27E4F4480078022894D1F14800784C
:10584000032832D10B20F14908700020F04908707C
:10585000F0490870F04908700520EB490870EF48DE
:105860000078EF4981F8220007F0A4FE10B1ED485E
:105870000AF008F94FF6FF700090EB484088069058
:10588000E94800880590024600210846069BFAF781
:1058900067FC0120E5490870DF480278DD4801789F
:1058A000D948007803F05EF90FE4D6480078012863
:1058B00003D0D4480078022892D10120D249087040
:1058C000D5480278D3480178CF48007803F05CFFD0
:1058D00015E4CE48007816287DD1CD480078E8B38D
:1058E000C8480078012803D0C6480078022802D1B1
:1058F000FDF762F828E4C3480078032899D1C64828
:105900000078A8B10020C24908700120BE49087083
:105910000020C0490870C0490870C4490870BE48DA
:105920000278BC480178B848007804F0F8FB0BE432
:105930000320B64908700020B54908700420B24918
:1059400008700020B3490870B34908704FF6FF7023
:105950000090B54840880690B34800E010E0008809
:105960000590024600210846069BFAF7F9FBAA4873
:105970000278A8480178A4480078FDF7F0F80FE411
:10598000A0480078022840D19F48007805288BDA8B
:105990009D4800780690A648007805909A480078BF
:1059A000401C9949087008460178A1480078001DFC
:1059B000814204DD94480078001F9D4908709C498D
:1059C0000978059888420AD093480278914801786E
:1059D0008D48007800E094E104F0A1FB14E0069803
:1059E000401E93490978401AC0B20021049004F087
:1059F0003FFB85480078401E8D490978401AC0B2A7
:105A00000121049004F034FB11E47E480078012861
:105A100050D17D480078012839DD7B480078069018
:105A200083480078059078480078401EC1B27648D7
:105A300001700078401E7E490978491C884202DACC
:105A400000217B4801707A4909780598884208D07E
:105A5000714802786F4801786B48007804F05FFB6A
:105A600014E00698401E72490978401AC0B200211D
:105A7000049004F0FDFA64480078401E6C490978EF
:105A8000401AC0B20121049004F0F2FA0DE40120A2
:105A90005F4908705F49087000205F4908705A49E3
:105AA00008705D4802785B4801785748007804F038
:105AB00036FB1DE4534800780328A5D152480078EE
:105AC00001282AD117205149087001205049087037
:105AD00000204D4908704F49087001204E49087058
:105AE0004F4890F82700534908704FF6FF70009018
:105AF0004D48408806904C48008805900246002199
:105B00000846069BFAF72CFB434802784148017887
:105B10003D48007804F0BCFB0FE43B4800780228C5
:105B200035D11A2039490870012039490870002000
:105B3000384908700120384908700020324908703F
:105B4000374890F823003C490870354890F8240005
:105B50003A490870324890F82500394908704FF6E4
:105B6000FF7000903048408806902F4800880590CC
:105B7000024600210846069BFAF7F2FA2648027808
:105B8000244801782048007804F059FC0AE41E48B3
:105B9000007803285AD11C201C49087001201C4998
:105BA000087000201B49087001201B490870002064
:105BB00015490870234800882349088021488078C7
:105BC00088702048C078C8701E48007908711D4848
:105BD000407948714FF6FF70009013484088069056
:105BE000114800880590024600210846069BFAF7F6
:105BF000B7FA09480278074801780348007804F0AA
:105C0000F6FE04E47C030020900100208C010020BB
:105C1000910100208E0100208F010020B80100209A
:105C2000BC040020D8310008F405002099010020B0
:105C30009A010020BD010020B9010020BA01002016
:105C4000BB010020F2000020C0010020FE480078C7
:105C500004282BD11E20FD4908700120FC49087042
:105C60000020FC4908700120FB4908700020F6491B
:105C70000870FA4890F82600F94908704FF6FF704E
:105C80000090F84840880690F64800880590024643
:105C900000210846069BFAF763FAEF480278ED48C0
:105CA0000178E948007805F03AF906E4E64800781A
:105CB0000528A6D11F20E54908700120E449087095
:105CC0000020E44908700120E34908700020DE4903
:105CD00008704FF6FF700090E24840880690E14857
:105CE00000880590024600210846069BFAF738FA1C
:105CF000D9480278D7480178D348007805F07DF973
:105D000011E4D2480078172878D1D1480078E8B358
:105D1000D5480078012803D0D3480078022802D162
:105D2000FCF74AFE24E4D04800780328BDD1CA48D5
:105D3000007898B10020C64908700120C249087057
:105D40000020C4490870C449087008460278C14858
:105D50000178BD48007804F09BFA09E41620BB499D
:105D600008700020BA4908700120B7490870002067
:105D7000B8490870B84908704FF6FF700090B948EC
:105D800040880690B7480088059000E00EE0024683
:105D900000210846069BFAF7E3F9AF480278AD48C0
:105DA0000178A948007804F0BAF90CE4A648007814
:105DB000012803D0A4480078022850D1AA480078CE
:105DC00002280BD1A0480078012899D102209E49D1
:105DD00008700846007804F0D5F91AE4A248007863
:105DE000012823D198480078022808D1012096493B
:105DF00008700846007804F0C5F90AE4A0E092486B
:105E0000007801288ED19249087000208E490870D0
:105E100090490870012090490870084602788D4822
:105E200001788948007804F033FA38E48E48007825
:105E3000032892D184480078012801D0012000E095
:105E400000208A49087003207F4908708248027840
:105E5000804801787C48007804F01AFA1FE47A48F8
:105E600000780328A1D180480078032854D17F48C6
:105E700000787A4981F827007C48007801281FD1F2
:105E80001820724908700020794908707949087013
:105E90007949087002F03AFC4FF6FF7000907148A3
:105EA000408806906F480088059002460021084609
:105EB000069BFAF755F96E48007805F03BFA11E4B5
:105EC00016206249087000206149087001205E496F
:105ED000087000205F4908705F49087007F06AFB8E
:105EE00010B1664809F0CEFD4FF6FF7000905D4896
:105EF000408806905B4800880590024600210846CD
:105F0000069BFAF72DF954480278524801784E481A
:105F1000007804F004F926E453480078012803D0FF
:105F200051480078022899D10120474908704A4811
:105F30000278484801784448007804F0A9F912E44E
:105F4000424800781A287DD141480078F0B346488D
:105F50000078012803D044480078022802D1FCF7D9
:105F60002BFD20E4404800780328A8D13A48007867
:105F700098B100203649087001203349087000208C
:105F8000344908703449087008460278314801786D
:105F90002D48007804F0C5F905E416202B49087057
:105FA00000202B4908700220274908700020294949
:105FB0000870294908704FF6FF7000902948408802
:105FC0000690284800880590024600E00DE0002178
:105FD0000846069BFAF7C4F81F4802781D48017866
:105FE0001948007804F09BF823E41748007801284A
:105FF0007FD11D480078022803D01B480078012873
:1060000011D11F48007818B100201D49087002E026
:1060100001201B490870104802780E4801780A4890
:10602000007804F07EF910480078032887D11448DE
:10603000007840B1022004490870074802780548FA
:1060400001781FE083E022E0900100208C01002015
:10605000910100208E0100208F010020BC0400204F
:10606000BC010020F40500207C030020BD010020BD
:10607000F5010020F4010020F6010020D8310008CD
:10608000B9010020FA48007804F04BF90CE416201E
:10609000F84908700020F84908700220F449087097
:1060A0000020F6490870F6490870F6480078F6496D
:1060B00081F8230007F07EFA10B1F44809F0E2FC01
:1060C0004FF6FF700090F24840880690F048008834
:1060D0000590024600210846069BFAF741F8E84879
:1060E0000278E6480178E248007804F018F81EE4E7
:1060F000FFE7DF4800780228C8D1E6480078032887
:10610000C4D11B20DB4908700120DB490870002046
:10611000D7490870D94908700120D94908704FF64D
:10612000FF700090DA4840880690D94800880590B2
:10613000024600210846069BFAF712F8D04802787A
:10614000CE480178CA48007804F0C6FA17E4C94876
:1061500000781B287AD1C8480078E8B3CD48007889
:10616000012803D0CB480078022802D1FCF724FC98
:1061700005E4C8480078032888D1C1480078A8B150
:106180000020BD4908700120B94908700020BB49B2
:106190000870BB49087008460178B8480078FCF7D9
:1061A000CBFBB348007804F020FA2DE41A20B14963
:1061B00008700020B04908700120AD490870002027
:1061C000AE490870AE4908704FF6FF700090B048B5
:1061D00040880690AE4800E010E000880590024636
:1061E00000210846069BF9F7BBFFA5480278A348A3
:1061F00001789F48007804F022F905E49C48007873
:10620000012830D1A348007802280DD1A248007897
:1062100003289BDDA0480078401E9F4908709448E1
:10622000007804F0E2F931E49A48007801280ED1B0
:1062300099480078142889DA97480078401C9649D4
:1062400008708B48007804F0D0F91FE48FE0914883
:10625000007803288CD10220854908700846007810
:1062600004F0C3F912E48248007802282ED189484C
:10627000007802280DD189480078052895DD8748E7
:106280000078401E854908707948007804F0ADF91F
:106290000FE48048007801280DD1804800783C2820
:1062A000ABDA7E480078401C7C4908707048007862
:1062B00004F09BF930E47748007803289DD16C49BD
:1062C00008700846007804F090F925E468480078E2
:1062D000032892D16F480078032838D116206549E9
:1062E000087000206449087002206149087000208D
:1062F000624908706249087062480078624981F812
:1063000023006548007881F824006448007881F80B
:10631000250007F04FF910B15C4809F0B3FB4FF6C8
:10632000FF7000905A4840880690594800880590B0
:10633000024600210846069BF9F712FF50480278F2
:106340004E4801784A48007803F0E9FE1EE45148BF
:106350000078012803D04F480078022898D1012006
:10636000434908700846007804F03FF90EE44148BC
:1063700000781C287AD140480078E8B34548007876
:10638000012803D043480078022802D1FCF714FB0F
:1063900037E44048007803288CD139480078A8B108
:1063A0000020354908700120314908700020334928
:1063B0000870334908700846017830480078FCF7C7
:1063C000BBFA2B48007804F0D4F91AE416202949C6
:1063D0000870002028490870032025490870002013
:1063E00026490870264908704FF6FF70009028482B
:1063F00040880690264800E010E00088059002469C
:1064000000210846069BF9F7ABFE1D4802781B48A1
:1064100001781748007803F082FE46E414480078BB
:1064200001284BD11B48007802280DD11C48008858
:106430001A288BDD1A480088401E194908800C482C
:10644000007804F096F930E412480078012829D148
:1064500013480088632889DA11480088401C1049D5
:1064600008800348007804F084F91EE43BE1000052
:10647000900100208C010020910100208E0100205D
:106480008F010020B9010020BC040020D831000891
:10649000F40500207C030020BA010020BB0100208D
:1064A000C0010020FA48007803288ED10220F94963
:1064B00008700846007804F05CF921E4F54800789B
:1064C00002282ED1F248007802280DD1F2488078B7
:1064D0000128A2DDF0488078401EEF498870ED4821
:1064E000007804F046F90BE4E948007801280DD162
:1064F000E94880780C2890DAE7488078401CE64923
:106500008870E448007804F034F90BE4E04800783F
:10651000032898D1DF4908700846007804F029F96B
:106520001BE4DC480078032876D1D948007802289B
:106530000DD1D948C078012885DDD748C078401EE4
:10654000D549C870D348007804F013F905E4D04861
:106550000078012870D1D0488078012817D0CE4823
:106560008078032813D0CC48807805280FD0CA48FB
:10657000807807280BD0C8488078082807D0C648FC
:1065800080780A2803D0C44880780C280DD1C248EE
:10659000C0781F2891DAC048C078401CBE49C87036
:1065A000BC48007804F0E5F817E4BB48807804287C
:1065B0000BD0B9488078062807D0B74880780928DA
:1065C00003D0B54880780B280DD1B348C0781E2879
:1065D00089DAB148C078401CAF49C870AD4800782E
:1065E00004F0C7F809E4AC48807802288DD1AA48A5
:1065F0000088C117069000EB917081100698A0EBFF
:10660000810050B9A448C0781D280FDAA248C0788C
:10661000401CA149C87009E01AE09F48C0781C28B6
:1066200004DA9D48C078401C9B49C870994800789E
:1066300004F09FF812E4FFE795480078032885D11D
:106640000420944908700846007804F092F805E4A4
:10665000904800780428A7D18D480078012803D0FD
:106660008B480078022814D101208A490870084616
:10667000007804F07EF80020102188A24FF6FF7306
:10668000CDE90021029002466C215720FAF789FAE1
:1066900015E47F480078032886D11D2082490870C0
:1066A00001208249087000207A49087080490870EA
:1066B0000120804908704FF6FF7000907E484088A6
:1066C00006907D4800880590024600210846069BFA
:1066D000F9F746FD77480278754801786D480078EB
:1066E00004F00FFB17E4704800781D287BD16F4839
:1066F0000078E8B366480078012803D06448007841
:10670000022802D1FCF758F905E461480078032813
:1067100090D168480078A8B1002064490870012031
:106720005C49087000206249087062490870084698
:1067300001785F480078FCF7FFF85648007804F0CD
:106740000CFA0EE41C2058490870012057490870C3
:106750000020504908700120554908700020554913
:1067600008704FF6FF70009053484088069000E094
:1067700011E0514800880590024600210846069B1A
:10678000F9F7EEFC4B480278494801784148007817
:1067900004F02DF928E43F480078012830D13C4826
:1067A000007802280DD13C48007900289ADD3A484B
:1067B0000079401E384908713648007804F0CDF958
:1067C00012E43348007801280ED1334800791728A5
:1067D00088DA31480079401C2F4908712D4800782B
:1067E00004F0BBF952E4A8E02948007803288BD1D3
:1067F0000220284908700846007804F0AEF945E404
:106800002448007802282ED12148007802280DD192
:1068100021484079002894DD1F484079401E1E49D8
:1068200048711C48007804F098F92FE41848007863
:1068300001280DD1184840793C28ABDA1648407938
:10684000401C154948711348007804F086F91DE48E
:106850000F48007803289DD10E490870084600783B
:1068600004F07BF912E40B480078032892D1084821
:106870000078012803D00648007802281ED10120A4
:10688000044908700846007804F067F92FE4000016
:106890007C03002090010020C0010020536574207B
:1068A000436C6F636B0000008C010020910100209D
:1068B0008E0100208F010020F4050020F8480078A8
:1068C00003288FD11620F74908700020F649087078
:1068D0000320F64908700020F5490870F549087052
:1068E0004FF6FF700090F44840880690F248008808
:1068F0000590024600210846069BF9F731FCED4859
:106900000278EB480178E948007803F008FCEB488E
:106910000088EB490880E94880788870E748C078AB
:10692000C870E64800790871E44840794871002051
:106930008871084606F070FB0BE2DA4800781E28E2
:106940007BD1D9480078E8B3D5480078012803D036
:10695000D3480078022802D1FCF72EF8F9E1D0489C
:106960000078032892D1D3480078A8B10020CE49FE
:1069700008700120CD4908700020CD490870CD492C
:10698000087008460178CA480078FBF7D5FFC74869
:10699000007804F06CFADCE11620C249087001208E
:1069A000C14908700020C14908700120C049087021
:1069B0000020C04908704FF6FF700090BE48408824
:1069C000069000E011E0BC480088059002460021D6
:1069D0000846069BF9F7C4FBB6480278B44801782C
:1069E000B248007803F09BFBB3E1B048007801287F
:1069F00030D1AB48007802280DD1B2480078002889
:106A00009ADDB04800780A38AE490870A748007887
:106A100004F02DFA9DE1A248007801280ED1A94882
:106A20000078322888DAA74800780A30A54908702B
:106A30009E48007804F01BFA8BE153E098480078F8
:106A400003288BD10220994908700846007804F089
:106A50000EFA7EE19548007802289CD19048007893
:106A6000012803D08E480078022807D101208F49E1
:106A700008700846007804F0FAF96AE1884800785E
:106A8000032888D116208749087004208749087098
:106A90000020854908708649087086490870894831
:106AA0000078894981F8260006F084FD10B18748F6
:106AB00008F0E8FF4FF6FF7000907F48408806908E
:106AC0007D4800880590024600210846069BF9F79C
:106AD00047FB78480278764801787448007803F0DC
:106AE0001EFB36E16F4800781F2874D16E4800788D
:106AF000F0B36B480078012803D069480078022879
:106B000002D1FBF759FF24E165480078032893D1AF
:106B100068480078A8B100206349087001206349E3
:106B200008700020624908706249087008460178C0
:106B30005F480078FBF700FF5C48007804F04CFAEF
:106B400007E11620574908700120574908700020B6
:106B500056490870012056490870002055490870B0
:106B60004FF6FF700090544840880690524800E06D
:106B700010E000880590024600210846069BF9F7C0
:106B8000EFFA4C4802784A4801784848007803F008
:106B9000C6FADEE0454800780128A2D140480078D6
:106BA000012803D03E480078022815D101203E4933
:106BB000087000203D49087001203D490870002000
:106BC0003C4908700846027839480178374800780F
:106BD00004F013FABDE02BE031480078032892D18D
:106BE0000020304908703049087030490870304939
:106BF00008703049087000F0FEFC06F0DBFC10B1B4
:106C0000324808F03FFF0020314908704FF6FF700E
:106C10000090294840880690274800880590024641
:106C200000210846069BF9F79BFAFBF790FD90E0E0
:106C30001C480078182805D1194800780690FCF700
:106C4000E8F886E01748007819287DD114480078C4
:106C5000012810D11F480078092808DA1D4800785B
:106C6000401C1C4908700846007804F00DFB032006
:106C700004F0D4FBF6E30A48007802282CD115482A
:106C80000078002808DD13480078401E114908707C
:106C90000846007804F0F8FA032004F0BFFBE1E3B3
:106CA0007C0300208C010020910100209001002035
:106CB0008E0100208F010020F4050020C00100207B
:106CC000F2000020BC010020BC040020D8310008E4
:106CD000C8010020F6010020FD4800780328A6D155
:106CE00004F09CFBFB480078FB49FC4A127888546E
:106CF000FA480078401CF9490870084600780428D2
:106D00005CDB04F057FB28B30020F5490870F34919
:106D10000870F049087001F0F9FC032004F089FFC5
:106D2000642004F004FF0020EE4908704FF6FF7065
:106D30000090ED4840880690EB4800880590024698
:106D400000210846069B00E03EE0F9F709FAFBF750
:106D5000FEFC87E30020E1490870DE49087001F07D
:106D6000D5FC4FF6FF700090DF4840880690DE4863
:106D700000880590024600210846069BF9F7F0F9C5
:106D80000020DA4908804FF6FF70D94908800020BA
:106D90001021D84A4FF6FF73CDE900210290024638
:106DA0000A210846F9F7FDFECC480178CA4804F0EC
:106DB00081F9C848007804F067FA53E3C7480178BE
:106DC000C54804F077F94DE3C54800780A2859D141
:106DD000BF480078012803D0BD48007802280CD1B4
:106DE000C548007808B9012000E00020C2490870B9
:106DF0000846007801F096FC34E3B5480078032893
:106E0000A7D1BD480078012821D1032004F011FF4B
:106E10000220B3490870B9488069069008F04EFB1B
:106E2000B74908604FF6FF700090AF484088069061
:106E3000AD4800880590024600210846069BF9F7F8
:106E40008FF90120A7490870FBF781FC0AE30320B2
:106E500004F0EFFE0020A24908704FF6FF7000908A
:106E6000A14840880690A04800880590024600216D
:106E70000846069BF9F774F900209A490870FBF759
:106E800066FCEFE2964800780D2872D19D480078A4
:106E9000F0B38F480078012803D08D48007802288D
:106EA00002D1FBF789FDDDE289480078032817D17C
:106EB00095480078A8B100209249087001209349B4
:106EC00008700020924908708F49087008460178C0
:106ED0008F480078FBF730FD8C48007802F0D8FC32
:106EE000C0E20B207E49087000208649087003200C
:106EF00086490870002086490870834908704FF65B
:106F0000FF7000907848408806907748008800E03D
:106F10000FE00590024600210846069BF9F720F98C
:106F2000794802787A4801787848007801F01AFEAA
:106F300098E276480078012824D165480078022834
:106F400003D063480078012808D17248007808B956
:106F5000012000E000206F4908700EE05C480078D6
:106F600003280AD16B48007820B9032067490870CC
:106F700003E07FE00220654908706448007802F071
:106F800087FC6FE261480078022826D150480078DB
:106F9000012809D1604800781E2819DA5E48007877
:106FA000401C5D49087013E049480078022809D167
:106FB0005948007801280BDD57480078401E564993
:106FC000087005E042480078032801D14F49087055
:106FD0004E48007802F05CFC44E24C4800780328FC
:106FE0000ED13B480078012803D0394800780228A8
:106FF00007D10120454908700846007802F048FC96
:1070000030E233480078032833D10B20344908702C
:1070100003203E49087000203A4908703C49087036
:10702000394908703C480078344981F830003948C3
:10703000007881F8310006F0BDFA18B12D485C38AF
:1070400008F020FD4FF6FF7000902748408806901A
:10705000254800880590024600210846069BF9F75E
:107060007FF8294802782A4801782848007801F0FA
:1070700079FDF7E11A4800780E2879D12148007887
:1070800028B313480078012803D01148007802285B
:1070900002D1FBF791FCE5E10D480078032840D1CF
:1070A00019480078D0B3002016490870012017490C
:1070B00008700020164908701349087008460178C6
:1070C00013480078FBF738FC1048007827E050E0C0
:1070D0007C030020F6010020EC010020F4010020D8
:1070E0008C010020C8010020F40500209C04002031
:1070F0009E04002034320008F9010020BC04002066
:1071000094010020910100208F01002090010020B7
:107110008E010020CB010020CA01002002E002F015
:10712000B2FD9FE10B20D34908700020D2490870BE
:107130000220D24908700020D1490870D149087056
:107140004FF6FF700090D04840880690CE480088E7
:107150000590024600210846069BF9F701F8C94848
:107160000278C7480178C548007801F0FBFC79E156
:1071700099E0C248007801281DD1C4480078012850
:1071800003D0C2480078022809D1C14800780128FC
:1071900001D0012000E00020BD49087006E0BB4896
:1071A0000078032802D10220B4490870B34800785F
:1071B00002F069FD56E1B1480078022811D1B448C7
:1071C0000078E8BBB1480078012803D0AF480078C8
:1071D000022807D10120A94908700846007802F06A
:1071E00052FD3FE1A9480078032830D10B20A14986
:1071F00008700220A149087000209F490870A0492A
:107200000870A0490870A2480078A24981F83300AC
:1072100006F0D0F910B1A04808F034FC4FF6FF702A
:10722000009099484088069097480088059002464B
:1072300000210846069BF8F793FF9248027800E089
:1072400006E08F4801788D48007801F08BFC09E159
:107250008F480078012825D10F208649087000202A
:10726000864908700120844908700020844908700C
:107270000120844908704FF6FF70009082484088D2
:107280000690814800880590024600210846069B2A
:10729000F8F766FF7B4802787948017877480078EC
:1072A00002F08EFEDEE0734800780F280CD17248A1
:1072B0000078E8B375480078012803D07348007857
:1072C000022802D1FBF778FBCCE070480078032855
:1072D00017D16C480078A8B10020674908700120D8
:1072E00066490870002066490870664908700846BB
:1072F000017863480078FBF71FFB6048007802F0D4
:10730000F8FDAFE00B205B49087000205A49087077
:1073100001205A49087000205949087059490870DD
:107320004FF6FF700090584840880690564800E09D
:1073300010E000880590024600210846069BF8F7F9
:107340000FFF504802784E4801784C48007802F010
:1073500071FD87E04948007801283AD14B48007810
:10736000022809D14D48007802282DDA4B480078D0
:10737000401C4A49087027E04448007801281CD185
:1073800046480078002805DD44480078401E4349FF
:10739000087019E001203849087039490870002048
:1073A0003849087035490870364802783448017801
:1073B0003248007802F004FE06E0344800780328E2
:1073C00002D102202D4908702C48007802F091FD6E
:1073D00048E02A480078022844D12C480078012847
:1073E00003D02A480078022807D1012023490870D9
:1073F0000846007802F07DFD34E024480078032838
:1074000030D100201C49087002201C49087000205F
:107410001B4908701B4908701D4800781D4981F8F8
:1074200033001E48007881F8340006F0C3F810B12C
:10743000194808F027FB4FF6FF700090124840886B
:107440000690114800880590024600210846069BD8
:10745000F8F786FE0B48027809480178074800785B
:1074600001F080FB0020094908704870887000BF57
:10747000FBF796BD8C0100209101002090010020B7
:107480008E0100208F010020F40500207C030020E5
:10749000CC010020BC040020D8310008CD01002020
:1074A0000021964A11705170002005E00022934996
:1074B000891C0A54411CC8B22028F7DB704770B5FC
:1074C000002505F0B6FC0446FFF7EAFFB4B98C4886
:1074D00005F020FD05F0A1FC18B1894800881A28A4
:1074E00000DA012545B1864805F009FD844805F01C
:1074F00093FD01208349087005F000FD70BD38B58B
:107500000121142006F072FC0121082006F06EFC17
:107510000120ADF8000028208DF8030069467A4864
:1075200006F0A8F94FF40050ADF8000028208DF8BF
:1075300003006946754806F09DF91020ADF800007B
:1075400028208DF8030069466F4806F093F94FF440
:107550008070ADF8000010208DF8030003208DF836
:10756000020069466A4806F085F900224FF48071EE
:10757000674806F030FA002066490870664948708E
:1075800088700870002405E000216348C01C015584
:10759000601CC4B2032CF7DB38BD30B55F4800680F
:1075A0004FF47A72B0FBF2F1B1F1807F01D3012088
:1075B0001DE021F07F40401E4FF0E0225061501747
:1075C0000F22002807DA13071D0E554B00F00F0499
:1075D000241F1D5503E013071C0E524B1C5400BF03
:1075E00000204FF0E022906107201061002008B1D8
:1075F00000BFFEE730BD10B500204B4981F82700E1
:10760000002405E00021484828300155601CC4B220
:10761000042CF7DB0020444981F82C00062081F877
:107620003000002081F8310081F83300012081F81A
:107630003400022081F82200002081F82D000F2064
:10764000C861002081F82F0012208861142081F881
:1076500026004FF03F404860344808603220886080
:107660000020C86081F82E003C200861002081F8CD
:10767000200004204861012081F82100002081F8C9
:107680002300052081F824001E2081F825001822FF
:1076900027492548353007F02FFD18222549224873
:1076A0004D3007F029FD164BDA789978188804F0E8
:1076B000F6FB2149087010BD1B4890F822000128F4
:1076C00005D1194890F82D001249087010E01648AD
:1076D00090F82200022803D100200E49087007E02C
:1076E000114890F82D00032802D1012009490870A3
:1076F00008480078114908707047000024050020F0
:10770000F200002078020020000801400010014033
:10771000000C0140F00000207C030020000100204C
:1077200018ED00E000E400E0BC040020000080BF91
:10773000707201088872010882030020C9010020CC
:10774000F0B585B004460F46FE4903C9CDE90301F3
:10775000601EC4B2022C01DD05B0F0BD9FB14FF632
:10776000FF754FF478463046009003A830F81400B7
:10777000183083B2F448028803A830F814100020AF
:10778000F8F7EEFC11E000254FF6FF76304600904A
:1077900003A830F81400183083B2EB48028803A81D
:1077A00030F814100020F8F7DBFC04BBE748009029
:1077B00003A830F81400001D81B233462A460C207D
:1077C000F9F788FCE2480580E24806800020102195
:1077D000E1A2CDE90021029003A830F81400001DB9
:1077E00081B233462A461E20F9F7DBF944E0012C2A
:1077F00020D1DD48009003A830F81400001D81B2AC
:1078000033462A460C20F9F765FCD1480580D1485B
:10781000068000201021D5A2CDE90021029003A806
:1078200030F81400001D81B233462A461E20F9F7B5
:10783000B8F921E0022C1FD1D048009003A830F8FD
:107840001400001D81B233462A460C20F9F742FC91
:10785000BF480580BF48068000201021C8A2CDE99E
:107860000021029003A830F81400001D81B23346B5
:107870002A461E20F9F795F900BF6DE72DE9F04182
:1078800005460E46174639463046FBF755F80124A3
:107890000CE0A54204D101212046FFF751FF03E08F
:1078A00000212046FFF74CFF601CC4B2042CF0DB23
:1078B000BDE8F0812DE9FC5F05460E4690469946ED
:1078C000C8F1010A4FF0010B4FEA48004042019015
:1078D0000027444606EB080083B2A6EB080081B2FD
:1078E0002A462846CDF80090F8F73AFC05EB080147
:1078F0008AB2A5EB080188B233463146CDF8009034
:10790000F8F72EFC66E0BAF1000F09DB601E04B246
:107910000198801C00B20190019850440FFA80FA3F
:10792000781C07B20BF102000FFA80FB0AEB0B0088
:107930000FFA80FA06EB040C1FFA8CF305EB070C28
:107940001FFA8CF206EB040C1FFA8CF1A5EB070C66
:107950001FFA8CF0CDF80090F8F702FCA6EB040CAF
:107960001FFA8CF305EB070C1FFA8CF2A6EB040C44
:107970001FFA8CF1A5EB070C1FFA8CF0CDF80090E4
:10798000F8F7EEFB06EB070C1FFA8CF305EB040C83
:107990001FFA8CF206EB070C1FFA8CF1A5EB040C16
:1079A0001FFA8CF0CDF80090F8F7DAFBA6EB070C85
:1079B0001FFA8CF305EB040C1FFA8CF2A6EB070CF4
:1079C0001FFA8CF1A5EB040C1FFA8CF0CDF8009097
:1079D000F8F7C6FBA74296DBBDE8FC9F2DE9F04F08
:1079E00087B007465749083103C9CDE905014FF66D
:1079F000FF704623A022322100900020F8F7B0FB50
:107A000000245AE04FF000084FF6FF794FF0180AB3
:107A1000022C01D1082100E0182104910499AAEB5D
:107A2000010000EBD07105AA32F8142002EB6101CD
:107A30001FFA81FB5648007848BBA74227D13C2556
:107A40000A2605A830F81400401E80B2039005A84D
:107A500030F814005044401C80B202904FF6FF787A
:107A60004FF478494B46324629460398FFF722FFE8
:107A70004B46324629460298FFF71CFF4846AB1991
:107A8000A91B0090DDE90220F8F76AFB00BF30482F
:107A9000A0F800802F48A0F80090002110223D4857
:107AA00050F824004B46CDE9012100904246342194
:107AB0005846F9F776F8601CC4B2032CA2DB07B075
:107AC000BDE8F08FFEB504460D4616463146284601
:107AD000FAF732FF00201E4908804FF6FF701D495B
:107AE0000880002010212CA24FF6FF73CDE9002161
:107AF0000290024619210A20F9F753F84FF6FF7059
:107B000029239222192100907A20F8F729FB0021DD
:107B100010222048244B1B7850F823004FF6FF73A7
:107B2000CDE9012100901F2219217A20F9F739F8B7
:107B30001D480078FFF752FF022C37D14FF47840F0
:107B400035E00000FC890108F40500205C7B010899
:107B50009C0400209E04002050726F6772616D20AB
:107B600054797065000000006C7B0108576F726BE0
:107B70006461792053657474696E67007C7B0108C9
:107B8000526573746461792053657474696E67001B
:107B900091010020F402002043757272656E74201A
:107BA000547970653A200000BE010020002007468D
:107BB00000201021FEA24FF6FF73CDE900210290B4
:107BC0003A4669217320F8F7ECFFFEBDFEB5054685
:107BD00015B14FF4784000E00020064666244FF6C9
:107BE000FF7004F118030090F3480288214600203A
:107BF000F8F7B6FAF14806804FF6FF70F0490880B2
:107C000000201021EFA2CDE900210290211D4FF6A6
:107C1000FF7332466420F8F7C4FFFEBD2DE9F0473C
:107C20008AB004460D469246E84903C9CDE90801E9
:107C3000BAF1000F05D04FF6FF784FF478490026CF
:107C400004E04FF6FF784FF0000900264FF6FF7072
:107C5000009008A830F81400183083B2D648028883
:107C600008A830F814100020F8F77AFA6A1CD8A196
:107C700004A807F017FF0020D04908804FF6FF70D6
:107C8000CF4908800020102104AACDE900210290EC
:107C900008A830F81400401C81B24FF6FF73002290
:107CA0000A20F8F77EFFCB48009008A830F81400AF
:107CB000401C81B24B4642462320F9F7B6F9C6482C
:107CC000007808B1C54801E0C4481838074607EBFA
:107CD0008500437817F82520C1A106A807F0E2FE29
:107CE00007EB85008278C1A105A807F0DBFEB34849
:107CF00006804FF6FF70B24908800020102106AAC6
:107D0000CDE90021029008A830F81400401C81B28F
:107D10004FF6FF7332463720F8F743FF002010215B
:107D200005AACDE90021029008A830F81400401CF3
:107D300081B24FF6FF7332466420F8F732FFAC4849
:107D4000009008A830F81400401C81B24FF6FF7371
:107D500000227420F9F769F907EB8500C07868B94B
:107D6000A448009008A830F81400401C81B24FF6D7
:107D7000FF7300228720F9F758F91AE000208F4995
:107D8000088008A830F81400103083B208A830F832
:107D90001400401C81B296228720F8F770FA08A8D8
:107DA00030F81400083081B2002305228E20FFF73E
:107DB00081FD0AB0BDE8F0872DE9F04705460F4682
:107DC000904641463846FAF7B7FD002423E08A483A
:107DD00000782044C6B24FF00009052E0CDD87481C
:107DE000007828B9072D03D10120FFF7EFFE10E03E
:107DF0000020FFF7EBFE0CE08048007820B9681EF9
:107E0000B04201D14FF001094A4631462046FFF702
:107E100005FF601CC4B2042CD9DBBDE8F0872DE956
:107E2000F04F89B005460E461746754800780A217E
:107E300090FBF1F000F0FF087148007890FBF1F240
:107E400001FB120000F0FF096E48007890FBF1F092
:107E500000F0FF0A6B48007890FBF1F201FB120082
:107E600000F0FF0B6848007890FBF1F0C0B208907A
:107E70006548007890FBF1F201FB1200C0B2079058
:107E800039463046FAF758FD6048007828B12A464E
:107E90005FA104A807F006FE04E02A4660A104A83A
:107EA00007F000FE0020454908804FF6FF70444966
:107EB00008800020102104AA4FF6FF73CDE90021AD
:107EC0000290024605212320F8F76BFE012108F1FC
:107ED0003000C0B24FF6FF730022CDE9000132211D
:107EE0000520F8F72DFF012109F13000C0B24FF64F
:107EF000FF730022CDE9000132211520F8F720FFA1
:107F0000002043232822412100902620F8F728F959
:107F1000002049232822472100902620F8F720F945
:107F200001210AF13000C0B24FF6FF730022CDE903
:107F3000000132212D20F8F703FF01210BF1300061
:107F4000C0B24FF6FF730022CDE9000132213D207F
:107F5000F8F7F6FE36480078012813D135484FF47B
:107F600078434FF6FF721E2100900D20F9F75DF85F
:107F700031484FF478434FF6FF72522100900D20A4
:107F8000F9F753F82A48007802285AD129484FF4C3
:107F900078434FF6FF721E2100903520F9F745F81F
:107FA00025484FF478434FF6FF725221009045E088
:107FB0005361766500000000F40500209C04002059
:107FC0009E04002046696E69736800000C8A0108EF
:107FD00050256400DC790108FD010020090500201E
:107FE000253032643A2530326400000025640000F8
:107FF000FC790108FC7A0108980100209101002019
:10800000FA010020FB010020FC010020F801002003
:10801000506572696F64202564204F6E0000000077
:10802000506572696F64202564204F666600000009
:10803000900100209C7A01081C7A01083520F8F78D
:10804000F4FF00201021FEA24FF6FF73CDE90021BE
:10805000029002463C215020F8F7A3FD0121089828
:108060003030C0B24FF6FF730022CDE9000132215B
:108070005820F8F765FE012107983030C0B24FF65E
:10808000FF730022CDE9000132216820F8F758FE85
:10809000EC480078032813D1EB484FF478434FF6AF
:1080A000FF721E2100906020F8F7BFFFE7484FF4F1
:1080B00078434FF6FF72522100906020F8F7B5FF29
:1080C000E3484FF6FF7300222D2100907920F8F746
:1080D000ACFFDC48007804284ED1DE48007828B395
:1080E00000201021DCA24FF6FF73CDE900210290A1
:1080F0004FF478423F217B20F8F753FD00201021F8
:10810000D6A24FF6FF73CDE900210290024650211E
:108110007B20F8F746FDD2484FF6FF734FF47842C4
:108120003F2100909320F8F7D5FF57E00020102161
:10813000C9A24FF6FF73CDE90021029002463F210C
:108140007B20F8F72EFD00201021C4A24FF6FF730C
:10815000CDE9002102904FF4784250217B20F8F7BE
:1081600020FDBF484FF6FF734FF478425021009036
:108170009320F8F7AFFF31E000201021B6A24FF6B0
:10818000FF73CDE90021029002463F217B20F8F7E2
:1081900008FD00201021B1A24FF6FF73CDE90021A8
:1081A0000290024650217B20F8F7FBFCA94800789A
:1081B00050B1AB484FF6FF734FF478423F21009027
:1081C0009320F8F787FF09E0A5484FF6FF734FF4B7
:1081D0007842502100909320F8F77CFF994800786E
:1081E000052802D14FF4784400E000249D48048023
:1081F0004FF6FF709C49088000201021AFF25022FA
:108200004FF6FF73CDE90021029022466E217820BF
:10821000F8F7C7FC09B0BDE8F08F08B54FF6FF705E
:108220002E231D221E2100900D20F7F799FF4FF6F7
:10823000FF7062231D22522100900D20F7F790FF5E
:108240004FF6FF702E2345221E2100903520F7F7B0
:1082500087FF4FF6FF7062234522522100903520A0
:10826000F7F77EFF4FF6FF702E2370221E2100903D
:108270006020F7F775FF4FF6FF70622370225221DE
:1082800000906020F7F76CFF08BD38B50446FFF793
:10829000C4FF84B3012C04D0022C17D0032C41D18D
:1082A0002AE069484FF478434FF6FF721E21009090
:1082B0000D20F8F7BAFE65484FF478434FF6FF7289
:1082C000522100900D20F8F7B0FE2BE05E484FF4ED
:1082D00078434FF6FF721E2100903520F8F7A5FE77
:1082E0005A484FF478434FF6FF72522100903520E0
:1082F000F8F79BFE16E014E053484FF478434FF62E
:10830000FF721E2100906020F8F78FFE4F484FF457
:1083100078434FF6FF72522100906020F8F785FEF7
:1083200000E000BF00BF38BD38B50446012C04D0C2
:10833000022C15D0032C39D125E04FF6FF702E23E7
:108340001D221E2100900D20F7F70AFF4FF6FF7047
:1083500062231D22522100900D20F7F701FF25E036
:108360004FF6FF702E2345221E2100903520F7F78F
:10837000F7FE4FF6FF706223452252210090352010
:10838000F7F7EEFE12E04FF6FF702E2370221E214B
:1083900000906020F7F7E4FE4FF6FF706223702232
:1083A000522100906020F7F7DBFE00BF00BF38BD10
:1083B00038B504469CB124484FF478434FF6FF7219
:1083C0001E2100903520F8F730FE20484FF4784306
:1083D0004FF6FF72522100903520F8F726FE38BD87
:1083E00038B504469CB118484FF478434FF6FF72F5
:1083F0001E2100906020F8F718FE14484FF47843CF
:108400004FF6FF72522100906020F8F70EFE38BD43
:108410002DE9FC41154800780A2190FBF1F0C4B227
:108420001248007890FBF1F201FB1200C5B210482F
:10843000007890FBF1F0C6B20D4800781AE0000019
:108440007C000000900100209C7A01081C7A010841
:10845000FC790108F80100204F4E00004F4646000D
:108460008C7B01089C0400209E040020FA0100205F
:10847000FB01002090FBF1F201FB1200C7B24FF6A6
:10848000FF7052234E22322100900520F7F768FE3C
:10849000012104F13000C0B24FF6FF730022CDE994
:1084A000000132210520F8F74BFC012105F13000D5
:1084B000C0B24FF6FF730022CDE900013221152032
:1084C000F8F73EFC0020432328224121009026207B
:1084D000F7F746FE00204923282247210090262056
:1084E000F7F73EFE012106F13000C0B24FF6FF73F0
:1084F0000022CDE9000132212D20F8F721FC0121D5
:1085000007F13000C0B24FF6FF730022CDE9000141
:1085100032213D20F8F714FCBDE8FC817CB5C94848
:1085200000780A2190FBF1F0C5B2C648007890FBB4
:10853000F1F201FB1200C4B24FF6FF705223792210
:10854000322100905820F7F70BFE012105F1300091
:10855000C0B24FF6FF730022CDE90001322158204E
:10856000F8F7EEFB012104F13000C0B24FF6FF73C3
:108570000022CDE9000132216820F8F7E1FBB24882
:108580004FF6FF7300222D2100907920F8F74DFD62
:108590007CBD0EB54FF6FF706023A2223F210090F4
:1085A0007B20F7F7DDFDA9480078042852D1A848C0
:1085B000007838B300201021AFF264124FF6FF7339
:1085C000CDE9002102904FF478423F217B20F8F75B
:1085D000E8FA00201021AFF27C124FF6FF73CDE9CC
:1085E00000210290024650217B20F8F7DAFA9948E0
:1085F0004FF6FF734FF478423F2100909320F8F735
:1086000069FD5BE000201021AFF2B4124FF6FF735A
:10861000CDE90021029002463F217B20F8F7C1FA04
:1086200000201021AFF2CC124FF6FF73CDE90021EC
:1086300002904FF4784250217B20F8F7B2FA854837
:108640004FF6FF734FF47842502100909320F8F7D3
:1086500041FD33E000201021AFF204224FF6FF73FA
:10866000CDE90021029002463F217B20F8F799FADC
:1086700000201021AFF21C224FF6FF73CDE900213C
:108680000290024650217B20F8F78BFA7048007860
:1086900050B170484FF6FF734FF478423F2100907D
:1086A0009320F8F717FD09E06A484FF6FF734FF47F
:1086B0007842502100909320F8F70CFD0EBD3EB596
:1086C0004FF6FF707E23A0226E2100907820F7F7EE
:1086D00047FD5E480078052802D14FF4784400E059
:1086E00000245D4804804FF6FF705C49088000203C
:1086F0001021AFF244724FF6FF73CDE900210290D2
:1087000022466E217820F8F74CFA3EBD002006E0A4
:10871000FF21534A1154534A1154411CC8B2042832
:10872000F6DB70472DE9FE43804613242825822777
:1087300050264FF6FF70AB19E219294600902046EB
:10874000F7F70EFD4FF4784043490880AB19E21962
:1087500029462046F7F793FD00203F4908804FF651
:10876000FF703E490880002010213FA2CDE9002182
:10877000029005F10A0104F10A004FF6FF7300228E
:10878000F8F70FFA002010213BA2CDE9002102905A
:1087900005F11C0104F128004FF6FF730022F8F7E1
:1087A00000FAB8F1000F12D10020102134A2CDE957
:1087B00000210290AA19163A91B204F1080290B26F
:1087C0004FF6FF734FF47842F8F7EBF910E0002012
:1087D00010212BA2CDE900210290AA19163A91B2DC
:1087E00004F1080290B24FF6FF730022F8F7D9F9AE
:1087F000B8F1010F12D10020102123A2CDE90021F0
:108800000290AA19163A91B2E219233A90B24FF6A1
:10881000FF734FF47842F8F7C4F910E000201021FC
:1088200019A2CDE900210290AA19163A91B2E219D3
:10883000233A90B24FF6FF730022F8F7B2F9BDE881
:10884000FE830000FC010020FC790108900100205B
:10885000F80100208C7B01089C0400209E0400206D
:10886000EC010020F00100204C6561766520536327
:10887000686564756C6500004D6F646500000000FC
:1088800043616E63656C0000596573002DE9F74F15
:1088900084B082460C46002003900290002150468E
:1088A00006F092FE08D2012002908AF0004001906A
:1088B00006F012FE054603E0504606F00DFE0546A2
:1088C0000021504606F08AFE01D8504601E08AF0A9
:1088D0000040FE49009006F0DAFC019006F0FCFD35
:1088E0000A2190FBF1F201FB1208B8F1000F01DA46
:1088F0004FF00008B8F1090F01DD4FF009080A2D0B
:108900000EDB0A2095FBF0F000F0FF0B0A2095FB30
:10891000F0F100FB115000F0FF090120039005E089
:108920004FF0000B05F0FF09002003904FF6FF7099
:108930006A235F22462100900520F7F711FC029878
:1089400088B30398B8B1E2480078132803D0E04810
:108950000078142807D15A231422562105200094A8
:10896000F7F7FEFB29E05E2315225A21052000942B
:10897000F7F7F6FB21E0D6480078132803D0D44857
:108980000078142807D15A23242256211420009459
:10899000F7F7E6FB11E05E233F225A212F200094D7
:1089A000F7F7DEFB09E0FFE74FF6FF705E232422B6
:1089B0005A2100900520F7F7D3FBC548007813280B
:1089C00003D0C3480078142802D14626302701E09E
:1089D0004A264827039890B34FF6FF70A7F110017D
:1089E000009088B206F1200348223146F7F7B8FB21
:1089F0004FF6FF7006F120035822314600903846AA
:108A0000F7F7AEFB01210BF13000C0B2CDE9000158
:108A1000A7F1100188B24FF6FF7322463146F8F7EE
:108A20008FF9012109F13000C0B24FF6FF732246E1
:108A3000CDE9000131463846F8F782F90DE0FFE74D
:108A4000012109F13000C0B24FF6FF732246CDE993
:108A5000000131463846F8F773F9069840B36923A8
:108A6000602265215C200094F7F77AFB682361227D
:108A700066215B200094F7F773FB6A236022194696
:108A80005C200094F7F76CFB6423602219465C209D
:108A90000094F7F765FB012108F13000C0B24FF6F2
:108AA000FF732246CDE900014A216520F8F748F915
:108AB00007B0BDE8F08FF0B58DB004460E4685498D
:108AC00003C9CDE90B011C228249083104A806F034
:108AD00013FB814800782044C7B2062F01DD0DB09A
:108AE000F0BD032C00DDFAE716B14FF4784500E045
:108AF00000254FF6FF7000900BA830F814001830D6
:108B000083B2764802880BA830F814100020F7F7DB
:108B100027FB734800900BA830F81400001D81B2A9
:108B20002B464FF6FF720A20F8F77FFA00206D49B6
:108B300008804FF6FF706C4908800021102204A8BD
:108B400050F82700CDE9012100900BA830F814005F
:108B5000001D81B24FF6FF7300221E20F8F721F8A6
:108B600000BFBCE72DE9F04706460F4690465A483D
:108B70000078032802DD0320574908704146384633
:108B8000F9F7DAFE54480078C0F10700C5B2042DA9
:108B900000DD0425002415E04F480078204400F053
:108BA000FF0A4FF000095148007828B90AF1010086
:108BB000B04201D14FF0010949462046FFF77BFF43
:108BC000601CC4B2AC42E7DBBDE8F0873EB50446AA
:108BD00047480078F8B94FF6FF705C2324224C21F7
:108BE00000901420F7F7BCFA012C0AD13C484FF44E
:108BF00078434FF6FF72382100901420F8F715FAE9
:108C000028E0374800234FF6FF72382100901420E7
:108C1000F8F70BFA1EE04FF6FF70482324223821A4
:108C200000901420F7F79CFA012C0AD12C484FF43D
:108C300078434FF6FF724C2100901420F8F7F5F9B5
:108C400008E0274800234FF6FF724C2100901420C3
:108C5000F8F7EBF9022C0ED10020102125A24FF6D7
:108C6000FF73CDE9002102904FF478426C217F2000
:108C7000F7F797FF0CE0002010211EA24FF6FF73BC
:108C8000CDE90021029002466C217F20F7F789FF91
:108C90003EBDFEB506460C46154629462046F9F768
:108CA0004BFE00200F4908804FF6FF700E490880E8
:108CB0000020102111A24FF6FF73CDE90021029090
:108CC000024618210A20F7F76CFF1FE00000204140
:108CD0008C01002070A1010899010020F4050020FA
:108CE000509101089C0400209E0400209101002066
:108CF000B7010020536176650000000054656D7077
:108D00002E526561642046726F6D00000020009055
:108D1000FA480088001F82B22B232A210420F7F78B
:108D20001FFA00201021F6A24FF6FF73CDE90021B3
:108D30000290024638212D20F7F733FF0020102142
:108D4000F1A24FF6FF73CDE90021029002464C21BB
:108D50002D20F7F726FF3046FFF738FFFEBD3EB562
:108D60000446012C1ED1EA484FF478434FF6FF72B7
:108D7000342100900420F8F758F901220021E54839
:108D80000068FFF783FD00201021AFF298024FF634
:108D9000FF73CDE90021029002466C217F20F7F796
:108DA00000FF4CE0022C30D14FF6FF704423142218
:108DB000342100900420F7F7D3F94FF6FF706A23AF
:108DC00075224A2100900520F7F7CAF9D0484FF4E0
:108DD00078434FF6FF72342100905020F8F725F9C0
:108DE00001220021CC480068FFF750FD002010212F
:108DF000AFF200124FF6FF73CDE900210290024658
:108E00006C217F20F7F7CDFE19E0032C17D14FF628
:108E1000FF7044236022342100905020F7F7A0F91E
:108E200000201021AFF234124FF6FF73CDE900217C
:108E300002904FF478426C217F20F7F7B2FE3EBDDE
:108E4000FEB506460C46154629462046F9F774FD40
:108E50000020B24908804FF6FF70B1490880002019
:108E60001021B0A24FF6FF73CDE900210290024617
:108E700018210A20F7F795FE002000909F480088EF
:108E8000001F82B22B232A210420F7F769F9002062
:108E9000A24908804FF6FF70A149088000201021E8
:108EA00097A24FF6FF73CDE90021029002463421CC
:108EB0001920F7F776FE0020102193A24FF6FF73DA
:108EC000CDE900210290024634216420F7F769FEC3
:108ED0003046FFF744FFFEBD3EB50446012C21D1CC
:108EE0008B484FF478434FF6FF72342100900420F2
:108EF000F8F79BF89048006806F0E0FA0546002273
:108F00001146FFF7C3FC00201021AFF218224FF6E4
:108F1000FF73CDE90021029002466C217F20F7F714
:108F200040FE4FE0022C33D14FF6FF704423142251
:108F3000342100900420F7F713F94FF6FF706A23ED
:108F400075224A2100900520F7F70AF970484FF47E
:108F500078434FF6FF72342100905020F8F765F8FF
:108F60007648006806F0AAFA054600221146FFF787
:108F70008DFC00201021AFF284224FF6FF73CDE963
:108F80000021029002466C217F20F7F70AFE19E0CB
:108F9000032C17D14FF6FF70442360223421009038
:108FA0005020F7F7DDF800201021AFF2B8224FF67D
:108FB000FF73CDE9002102904FF478426C217F20AD
:108FC000F7F7EFFD3EBDFEB506460C4615462946B1
:108FD0002046F9F7B1FC0020504908804FF6FF7099
:108FE0004F4908800020102155A24FF6FF73CDE9AC
:108FF00000210290024618210A20F7F7D2FD002036
:1090000000903E480088001F82B22B232A210420B2
:10901000F7F7A6F80020414908804FF6FF70404955
:1090200008800020102149A24FF6FF73CDE90021EE
:109030000290024634211920F7F7B3FD00201021D9
:1090400043A24FF6FF73CDE900210290024634217E
:109050006420F7F7A6FD3046FFF73EFFFEBDFEB5E4
:1090600004460D46164631462846F9F765FC012CA4
:109070007FD14FF4784000902048028830231E2191
:109080000020F7F76DF84FF6FF70244908804FF481
:10909000784023490880002010212EA24FF4784305
:1090A000CDE9002102904FF6FF7220210520F7F74D
:1090B00078FD2D4890F8200050B92C484FF47843A3
:1090C0004FF6FF72202100908C20F7F7AEFF90E062
:1090D0004FF6FF70114908804FF47840104908801E
:1090E0002F239B2220218C20F7F7C9F84FF6FF731E
:1090F000052227219420FEF7DDFB7AE0F40500200D
:10910000526F6F6D00000000466C6F6F72000000C0
:10911000509101089C010020A00100209C04002027
:109120009E04002053656E736F722043616C696208
:109130007261746500000000A4010020A8010020F5
:1091400054656D702E4C696D697400004D61780036
:109150004D696E004D61782054656D702E50726FB0
:109160007465637400000000BC0400207092010864
:10917000FFE74FF6FF700090F748028830231E216A
:109180000020F6F7EDFF0020F44908804FF6FF704D
:10919000F349088000201021AFF248024FF6FF7318
:1091A000CDE900210290024620210520F7F7F9FCC5
:1091B000EC4890F8200048B9EB484FF6FF730022C6
:1091C000202100908C20F7F730FF12E00020E349C7
:1091D00008804FF6FF70E24908802F239B22202150
:1091E0008C20F7F74CF80023052227219420FEF766
:1091F00061FB022C44D14FF478400090D64802889D
:1092000050233E210020F6F7ABFF4FF6FF70D34905
:1092100008804FF47840D249088000201021D3A262
:109220004FF47843CDE9002102904FF6FF724021C0
:109230000520F7F7B6FCCB4890F8210050B9CA4892
:109240004FF478434FF6FF72402100908C20F7F7DF
:10925000ECFE54E04FF6FF70C04908804FF47840B0
:10926000BF4908804F239B2240218C20F7F707F845
:109270004FF6FF73052247219420FEF71BFB3EE0CB
:109280004FF6FF700090B448028850233E21002022
:10929000F6F766FF0020B14908804FF6FF70B0492D
:1092A000088000201021B1A24FF6FF73CDE9002104
:1092B0000290024640210520F7F773FCA94890F878
:1092C000210048B9A8484FF6FF73002240210090C2
:1092D0008C20F7F7AAFE12E00020A04908804FF684
:1092E000FF709F4908804F239B2240218C20F6F776
:1092F000C6FF0023052247219420FEF7DBFAFEBDBE
:109300003EB504469E48007848B99E484FF6FF7324
:109310000022462100906020F7F7DCFD09E09A4822
:109320004FF6FF734FF47842462100906020F7F724
:10933000D1FD012C1DD19548006806F0BFF8054607
:1093400000221146FFF7A2FA91484FF478434FF6F6
:10935000FF72362100902820F7F767FE8D484FF402
:1093600078434FF6FF72682100902820F7F75DFEE2
:109370004BE0022C26D14FF6FF70462338223621CF
:1093800000902820F6F7ECFE4FF6FF707823382285
:10939000682100902820F6F7E3FE7D484FF47843DB
:1093A0004FF6FF72362100906820F7F73EFE7948AD
:1093B0004FF478434FF6FF72682100900846F7F7A4
:1093C00034FE22E0032C20D14FF6FF704423782294
:1093D000362100906820F6F7C3FE4FF6FF70782321
:1093E0001A46682100900846F6F7BAFE00201021C0
:1093F000AFF200724FF6FF73CDE9002102904FF4F7
:1094000078426C217F20F7F7CCFB3EBDFEB50646C7
:109410000C46154629462046F9F78EFA00204F499A
:1094200008804FF6FF704E49088000201021AFF2EF
:10943000DC224FF6FF73CDE900210290024618218D
:109440000A20F7F7AEFB0020009043480088001F79
:1094500082B22B232A210420F6F782FE4B480068B3
:1094600006F02CF8074600221146FFF70FFA0020FD
:109470001021AFF280724FF6FF73CDE90021029008
:1094800002466C217F20F7F78CFB3046FFF738FF50
:10949000FEBD3EB504464048007848B939484FF60D
:1094A000FF730022462100906020F7F713FD09E0CA
:1094B00035484FF6FF734FF4784246210090602004
:1094C000F7F708FD012C1DD13448006805F0F6FFC0
:1094D000054600221146FFF7D9F92D484FF478438D
:1094E0004FF6FF72362100902820F7F79EFD29489D
:1094F0004FF478434FF6FF72682100902820F7F769
:1095000094FD70E0022C4BD14FF6FF7046233822B9
:10951000362100902820F6F723FE4FF6FF707823BF
:109520003822682100902820F6F71AFE18484FF4D8
:1095300078434FF6FF72362100906820F7F775FDEB
:1095400014484FF478434FF6FF72682100900846A4
:10955000F7F76BFD47E00000F40500209C040020B5
:109560009E040020BC040020709201084D696E200A
:1095700054656D702E50726F746563740000000046
:10958000B4010020148D0108948C0108AC01002066
:109590001092010890910108B5010020B00100204F
:1095A000032C20D14FF6FF704423782236210090FF
:1095B0006820F6F7D5FD4FF6FF7078231A4668212C
:1095C00000900846F6F7CCFD00201021AFF6DC0233
:1095D0004FF6FF73CDE9002102904FF478426C21E1
:1095E0007F20F7F7DEFA3EBDFEB506460C4615466F
:1095F00029462046F9F7A0F90020FE4908804FF6D9
:10960000FF70FD49088000201021AFF2A0024FF644
:10961000FF73CDE900210290024618210A20F7F7D6
:10962000C0FA00200090F5480088001F82B22B236A
:109630002A210420F6F794FDF149486905F03EFF20
:10964000074600221146FFF721F900201021AFF64E
:109650005C124FF6FF73CDE90021029002466C21A7
:109660007F20F7F79EFA3046FFF713FFFEBD3EB5A9
:109670000446012C4ED1E3480078012804D002288A
:1096800016D0032845D130E0DF484FF478434FF639
:10969000FF72302100900A20F7F7C7FC4FF6FF70E9
:1096A00054231A22442100900A20F6F759FD30E095
:1096B000D5484FF478434FF6FF72442100900A20BA
:1096C000F7F7B3FC4FF6FF7040231A2230210090C9
:1096D0000A20F6F745FD4FF6FF7068231A2258213D
:1096E00000900A20F6F73CFD13E0C7484FF478439A
:1096F0004FF6FF72582100900A20F7F796FC4FF6BC
:10970000FF7054231A22442100900A20F6F728FD06
:1097100000BF38E0022C36D100201021AFF62C22F9
:109720004FF6FF73CDE9002102904FF478426C218F
:109730007F20F7F736FAB3480078012804D00228D2
:109740000CD003281ED113E0AF4800234FF6FF7260
:10975000302100900A20F7F768FC13E0AA480023A4
:109760004FF6FF72442100900A20F7F75EFC09E0F3
:10977000A54800234FF6FF72582100900A20F7F702
:1097800054FC00BF00BF3EBDFEB506460C46154664
:1097900029462046F9F7D0F80020964908804FF670
:1097A000FF70954908800020102198A24FF6FF73A2
:1097B000CDE900210290024618210A20F7F7F1F9BD
:1097C000002000908D480088001F82B22B232A21A0
:1097D0000420F6F7C5FC8B480078012808D18A4898
:1097E00000234FF6FF72302100900A20F7F71DFC8E
:1097F0000020102189A24FF6FF73CDE900210290CD
:10980000024630212020F7F7CCF97E480078022864
:1098100008D17D4800234FF6FF72442100900A20B2
:10982000F7F703FC002010217FA24FF6FF73CDE96C
:1098300000210290024644212020F7F7B2F9714836
:109840000078032808D1704800234FF6FF72582192
:1098500000900A20F7F7E9FB0020102176A24FF6CE
:10986000FF73CDE900210290024658212020F7F72E
:1098700098F900201021AFF684324FF6FF73CDE93E
:109880000021029002466C217F20F7F78AF9FEBD85
:10989000FEB505466B4800780A2190FBF1F0C4B292
:1098A0006848007890FBF1F201FB1200C6B2002D6F
:1098B0003FD16548007848B964484FF6FF730022ED
:1098C000462100902020F7F705FB23E060484FF683
:1098D000FF730022462100902020F7F7FBFA64B1C5
:1098E000012104F13000C0B24FF6FF730022CDE930
:1098F000000146215020F7F723FA012106F130003C
:10990000C0B24FF6FF730022CDE90001462160206E
:10991000F7F716FA00201021AFF628424FF6FF7332
:10992000CDE90021029002466C217F20F7F739F93A
:109930007DE1012D5CD14FF6FF7000902F4800882B
:10994000001F82B280232C210420F6F709FC414835
:109950004FF478434FF6FF72362100902820F7F736
:1099600064FB3D484FF478434FF6FF726821009046
:109970002820F7F75AFB3448007848B933484FF6A7
:10998000FF730022462100902020F7F7A3FA69E038
:109990002F484FF6FF734FF4784246210090202065
:1099A000F7F798FA64B1012104F13000C0B24FF624
:1099B000FF730022CDE9000146215020F7F7C0F9DE
:1099C000012106F13000C0B24FF6FF730022CDE94D
:1099D000000146216020F7F7B3F900201021AFF60F
:1099E00090024FF6FF73CDE900210290024635E068
:1099F00047E000009C0400209E040020F4050020A5
:109A0000BC040020B801002050910108506F776518
:109A100072204F6E20537461746500004B65657051
:109A20002053746174650000446576696365204362
:109A30006C6F736500000000446576696365204FB4
:109A400070656E00CA010020CB010020148D010852
:109A5000948C010810920108909101083221742021
:109A6000F7F79FF800201021AFF678524FF6FF73FA
:109A7000CDE90021029002466C217F20F7F791F892
:109A8000D5E0022D77D14FF6FF700090FE48008898
:109A9000001F82B280232C210420F6F761FBFB48D3
:109AA0004FF6FF734FF47842462100902020F7F7DD
:109AB00011FA0CB3F6484FF478434FF6FF72362193
:109AC00000905820F7F7B1FAF2484FF478434FF678
:109AD000FF72682100905820F7F7A7FA012104F1DE
:109AE0003000C0B24FF6FF730022CDE900014621DD
:109AF0005020F7F725F913E0E5484FF478434FF687
:109B0000FF72362100906020F7F78FFAE1484FF49A
:109B100078434FF6FF72682100906020F7F785FACE
:109B2000012106F13000C0B24FF6FF730022CDE9EB
:109B3000000146216020F7F703F900201021AFF65D
:109B4000F0124FF6FF73CDE9002102900246322158
:109B50007420F7F726F800201021AFF668624FF660
:109B6000FF73CDE90021029002466C217F20F7F7B8
:109B700018F85CE0FFE7032D59D14FF6FF70009015
:109B8000C1480088001F82B280232C210420F6F7F0
:109B9000E7FAC148007848B9C0484FF6FF73002281
:109BA000462100902020F7F795F931E0B7484FF6AD
:109BB000FF730022462100902020F7F78BF964B153
:109BC000012104F13000C0B24FF6FF730022CDE94D
:109BD000000146215020F7F7B3F8012106F13000CB
:109BE000C0B24FF6FF730022CDE90001462160208C
:109BF000F7F7A6F800201021AFF6AC224FF6FF735E
:109C0000CDE900210290024632217420F6F7C9FF07
:109C100000201021AFF624724FF6FF73CDE900212A
:109C200002904FF478426C217F20F6F7BAFFFEBD18
:109C3000FEB506460C46154629462046F8F77CFE3A
:109C40000020974908804FF6FF7096490880002051
:109C5000102195A24FF6FF73CDE900210290024634
:109C600018210A20F6F79DFF002000908648008802
:109C7000001F82B22B232A210420F6F771FA304606
:109C8000FFF706FEFEBD3EB504464FF6FF704C23BF
:109C90004A22342100901820F6F762FA4FF6FF703E
:109CA0007C239E225C2100900A20F6F759FA814815
:109CB0000078002860D136234A22342100901820F1
:109CC000F6F74EFA00204C231A2234210090182077
:109CD000F6F746FA00204C234A221146009018203D
:109CE000F6F73EFA00204C234A2234210090482007
:109CF000F6F736FA002010216FA24FF6FF73CDE978
:109D000000210290024638211E20F6F74AFF6B48D8
:109D10004FF6FF730022382100903620F7F785F9BF
:109D20004FF6FF7000905848438802886C2100204D
:109D3000F6F716FA0CB1012C0DD100201021604A63
:109D40004FF6FF73CDE90021029002466C217F207F
:109D5000F6F727FF6DE0022C6BD100201021584A46
:109D60004FF6FF73CDE9002102904FF478426C2149
:109D70007F20F6F716FF5CE04FF4784036234A2246
:109D8000342100901820F6F7EBF94FF478404C237B
:109D90001A22342100901820F6F7E2F94FF47840A7
:109DA0004C234A22114600901820F6F7D9F94FF4B7
:109DB00078404C234A22342100904820F6F7D0F90D
:109DC000002010213FA24FF6FF73CDE90021029041
:109DD0004FF4784238213220F6F7E3FE37484FF649
:109DE000FF734FF47842382100901E20F7F71DF9D9
:109DF0000CB1012C0DD10020102133A24FF6FF73BE
:109E0000CDE90021029002465C210A20F6F7C9FE46
:109E10000FE0022C0DD1002010212BA24FF6FF7372
:109E2000CDE9002102904FF478425C210A20F6F738
:109E3000B8FE3EBDFEB506460C46154629462046F0
:109E4000F8F77AFD0020164908804FF6FF70154993
:109E500008800020102121A24FF6FF73CDE90021D8
:109E60000290024618210A20F6F79BFE002000907F
:109E700005480088001F82B22B232A210420F6F710
:109E80006FF9304632E00000F4050020948C0108A0
:109E90001092010890910108CB010020148D010857
:109EA0009C0400209E040020506F776572204C694E
:109EB0006D697400CC0100204F4646009092010865
:109EC000F48C00084F4E000053657420466C6F6F91
:109ED00072204D6174657269616C0000436F6D663C
:109EE0006F7274204D6F646500000000FFF7CBFEB9
:109EF000FEBD7FB5044648A00068039000201021F5
:109F000046A24FF6FF73CDE90021029002463221AE
:109F10001920F6F746FE0020102144A24FF6FF73E9
:109F2000CDE900210290024646211920F6F739FEBC
:109F30000020102141A24FF6FF73CDE900210290CD
:109F400002465A211920F6F72CFE4FF6FF707223B5
:109F50001522322100900520F6F702F9012C02D1DA
:109F60004FF4784000E0002005463848009003A8F0
:109F7000374A1278815C2B464FF6FF720520F7F7BF
:109F800054F8022C0ED100201021324A4FF6FF73F4
:109F9000CDE9002102904FF478426C217F20F6F742
:109FA00000FE0CE0002010212A4A4FF6FF73CDE995
:109FB0000021029002466C217F20F6F7F2FD7FBD62
:109FC000FEB506460C46154629462046F8F7B4FC71
:109FD0000020214908804FF6FF70204908800020AA
:109FE00010211FA24FF6FF73CDE900210290024617
:109FF00018210A20F6F7D5FD002000901B480088A4
:10A00000001F82B22B232A210420F6F7A9F830463C
:10A01000FFF76FFFFEBD000032465A00576F6F64B6
:10A020002F4C616D696E61746500000054696C6548
:10A030002F436F6E63726574650000004661737430
:10A0400020526573706F6E736500000050910108B7
:10A05000CD010020F48C00089C0400209E04002008
:10A06000466C6F6F7420547970650000F405002011
:10A07000F0B58BB004460E46FE4903C9CDE909018F
:10A080001422FC49083104A805F036F8FA48007893
:10A090002044C7B2042F01DD0BB0F0BD032C00DD5E
:10A0A000FAE716B14FF4784500E000254FF6FF704F
:10A0B000009009A830F81400183083B2EF480288E5
:10A0C00009A830F814100020F6F74AF8EC48009080
:10A0D00009A830F81400001D81B22B464FF6FF721C
:10A0E0000A20F6F7A2FF0020E64908804FF6FF702D
:10A0F000E54908800021102204A850F82700CDE986
:10A100000121009009A830F81400001D81B24FF61B
:10A11000FF7300221E20F6F744FD00BFBCE72DE9C7
:10A12000F04707460E469046D3480078012802DDE6
:10A130000120D149087041463046F8F7FDFBCE4872
:10A140000078C0F10500C5B2042D00DD042500240F
:10A1500014E0C9480078204400F0FF094FF0000ADD
:10A16000CA48007820B9781E484501D14FF0010A4D
:10A1700051462046FFF77CFF601CC4B2AC42E8DBCE
:10A18000BDE8F0877FB50546BA481C3000680390EB
:10A1900000247AE00020BB4908804FF6FF70BA49DE
:10A1A00008808CB900201021B9A2CDE900210290CD
:10A1B00003A830F81400001D81B24FF6FF7300228F
:10A1C0002D20F6F7EEFC10E000201021B1A2CDE921
:10A1D0000021029003A830F81400001D81B24FF650
:10A1E000FF7300222D20F6F7DCFC0DB1032D23D1E7
:10A1F000A9480078A0420DD1A148009003A830F8EA
:10A200001400001D81B200234FF6FF721420F6F7F0
:10A210000CFF38E04FF6FF70009003A830F81400F0
:10A22000143083B203A830F81400001D81B2242238
:10A230001420F5F795FF26E0012D01D0022D22D143
:10A24000601CA8420ED18E48009003A830F814007C
:10A25000001D81B24FF478434FF6FF721420F6F7D9
:10A26000E4FE10E04FF6FF70009003A830F81400F1
:10A27000143083B203A830F81400001D81B22422E8
:10A280001420F5F76DFF601CC4B2022C82DB7FBD89
:10A29000FEB504460D46164631462846F8F74CFBF7
:10A2A0000020784908804FF6FF7077490880002029
:10A2B00010217AA24FF6FF73CDE9002102900246E9
:10A2C00018210A20F6F76DFC002000906B480088EA
:10A2D000001F82B22B232A210420F5F741FF2046DC
:10A2E000FFF750FF032C0ED1002010216EA24FF675
:10A2F000FF73CDE9002102904FF478426C217F205A
:10A30000F6F74FFC0CE00020102167A24FF6FF7318
:10A31000CDE90021029002466C217F20F6F741FC36
:10A32000FEBDFEB505460E46174661480078012879
:10A3300002D14FF4784000E0002004463946304610
:10A34000F8F7FAFA4FF6FF704C234A2234210090B6
:10A350001820F5F705FFA0B236234A2234210090D9
:10A360001820F5F7FDFEA0B24C231A2234210090EC
:10A370001820F5F7F5FEA0B24C234A2211460090B2
:10A380001820F5F7EDFEA0B24C234A2234210090AC
:10A390004820F5F7E5FE46480078B0B900201021C6
:10A3A0003BA24FF6FF73CDE900210290024638210F
:10A3B0001E20F6F7F6FB3F484FF6FF7300223821C8
:10A3C00000903620F6F731FE17E00020102131A270
:10A3D0004FF6FF73CDE9002102904FF47842382107
:10A3E0003220F6F7DEFB33484FF6FF734FF4784226
:10A3F000382100901E20F6F718FE012D0ED1002006
:10A4000010212DA24FF6FF73CDE90021029048F2F2
:10A4100030425C210A20F6F7C4FB0FE0022D0DD17B
:10A420000020102124A24FF6FF73CDE900210290F5
:10A430004FF478425C210A20F6F7B3FBFEBDFEB56F
:10A4400006460C46154629462046F8F775FA0020C0
:10A450000C4908804FF6FF700B490880002010213E
:10A460001AA24FF6FF73CDE900210290024618218F
:10A470000A2033E0F0B801089A010020F40500201A
:10A48000D0A801089C0400209E0400209101002017
:10A490004F4646004F4E0000BD0100204368696CE6
:10A4A00064206C6F636B00005361766500000000F0
:10A4B000B901002010AA010854726967676572200B
:10A4C00054656D702E2F54696D65000057696E6478
:10A4D0006F772046756E6374696F6E00F6F761FBE7
:10A4E00000200090FE480088001F82B22B232A2102
:10A4F0000420F5F735FEFB480078B8BB0020362372
:10A500004A22342100901820F5F72AFE00204C231F
:10A510001A22342100901820F5F722FE00204C2347
:10A520004A22114600901820F5F71AFE00204C230D
:10A530004A22342100904820F5F712FE0020102115
:10A54000AFF2B4024FF6FF73CDE90021029002464C
:10A5500038211E20F6F725FBE3484FF6FF73002253
:10A56000382100903620F6F760FD3DE0FFE74FF41C
:10A57000784036234A22342100901820F5F7F0FD68
:10A580004FF478404C231A22342100901820F5F71C
:10A59000E7FD4FF478404C234A22114600901820E2
:10A5A000F5F7DEFD4FF478404C234A223421009029
:10A5B0004820F5F7D5FD00201021AFF228124FF604
:10A5C000FF73CDE9002102904FF478423821322008
:10A5D000F6F7E7FAC4484FF6FF734FF47842382194
:10A5E00000901E20F6F721FDFEBD3EB50446012C6D
:10A5F00021D1BE484FF478434FF6FF7234210090CA
:10A600000420F6F712FDBA48007804F060FF054612
:10A6100000221146FEF73AF900201021AFF278121D
:10A620004FF6FF73CDE90021029002466C217F2096
:10A63000F6F7B7FA4FE0022C33D14FF6FF70442300
:10A640001422342100900420F5F78AFD4FF6FF70A4
:10A650006A2375224A2100900520F5F781FDA34861
:10A660004FF478434FF6FF72342100905020F6F7F4
:10A67000DCFCA048007804F02AFF054600221146C1
:10A68000FEF704F900201021AFF2E4124FF6FF7339
:10A69000CDE90021029002466C217F20F6F781FA75
:10A6A00019E0032C17D14FF6FF70442360223421A8
:10A6B00000905020F5F754FD00201021AFF2182231
:10A6C0004FF6FF73CDE9002102904FF478426C21E0
:10A6D0007F20F6F766FA3EBDFEB506460C461546E7
:10A6E00029462046F8F728F90020834908804FF6CC
:10A6F000FF708249088000201021AFF230224FF60F
:10A70000FF73CDE900210290024618210A20F6F7D6
:10A7100048FA0020009072480088001F82B22B2364
:10A720002A210420F5F71CFD0020734908804FF60C
:10A73000FF70724908800020102171A24FF6FF734C
:10A74000CDE900210290024634211920F6F729FABA
:10A75000002010216CA24FF6FF73CDE9002102907A
:10A76000024634216420F6F71CFA3046FFF73DFF1D
:10A77000FEBDFEB50646012E44D1654800880A217B
:10A7800090FBF1F0C4B26248008890FBF1F201FB4B
:10A790001200C5B24FF6FF70502331223A210090CB
:10A7A0001120F5F7DDFC012104F13000C0B24FF6B5
:10A7B000FF730022CDE900013A211120F6F7C0FA1B
:10A7C000012105F13000C0B24FF6FF730022CDE940
:10A7D00000013A212120F6F7B3FA4E484FF47843AE
:10A7E0004FF6FF722A2100901920F6F71EFC4A4806
:10A7F0004FF478434FF6FF725E2100901920F6F770
:10A8000014FCF3E0022E56D1414880780A2190FBD7
:10A81000F1F0C4B23E48807890FBF1F201FB1200E7
:10A82000C5B24FF6FF703A2329222A210090192041
:10A83000F5F796FC4FF6FF706E2329225E210090FB
:10A840001920F5F78DFC4FF6FF705A2362223A214A
:10A8500000904120F5F784FC012104F13000C0B2E2
:10A860004FF6FF730022CDE900013A214120F6F7AF
:10A8700067FA012105F13000C0B24FF6FF730022E4
:10A88000CDE900013A215120F6F75AFA21484FF458
:10A8900078434FF6FF722A2100904920F6F7C5FB56
:10A8A0001D484FF478434FF6FF725E210090492017
:10A8B000F6F7BBFB9AE0032E76D11548C0780A2143
:10A8C00090FBF1F0C4B21248C07890FBF1F201FBAA
:10A8D0001200C5B24FF6FF703A2359222A211DE01B
:10A8E000F4050020B901002010AA0108D0A8010831
:10A8F000BA010020BB0100209C0400209E0400201F
:10A9000054656D702E00000054696D6500000000F4
:10A91000C001002090A9010810A901080090492059
:10A92000F5F71EFC4FF6FF706E2359225E21009052
:10A930004920F5F715FC4FF6FF705A2391223A2172
:10A9400000907120F5F70CFC012104F13000C0B239
:10A950004FF6FF730022CDE900013A217120F6F78E
:10A96000EFF9012105F13000C0B24FF6FF7300226C
:10A97000CDE900013A218120F6F7E2F9FE484FF4D3
:10A9800078434FF6FF722A2100907920F6F74DFBAD
:10A99000FA484FF478434FF6FF725E210090792019
:10A9A000F6F743FB22E0FFE7042E1FD14FF6FF70BE
:10A9B0003A2389222A2100907920F5F7D1FB4FF61E
:10A9C000FF706E2389225E2100907920F5F7C8FB85
:10A9D00000201021EAA24FF6FF73CDE9002102907A
:10A9E0004FF478426C215720F6F7DBF8FEBD2DE9D5
:10A9F000FE4380460E461746E44800880A2190FB35
:10AA0000F1F0C4B2E148008890FBF1F201FB1200C2
:10AA1000C5B239463046F7F78FFF0020DC49088081
:10AA20004FF6FF70DB49088000201021DAA24FF6B4
:10AA3000FF73CDE900210290024618210620F6F7A7
:10AA4000B0F8D2480188D9A005F01CF8012104F122
:10AA50003000C0B24FF6FF730022CDE900013A2169
:10AA60001120F6F76DF9012105F13000C0B24FF663
:10AA7000FF730022CDE900013A212120F6F760F9A9
:10AA8000002056233A223E2100903920F5F768FB3A
:10AA9000BE4880780A2190FBF1F0C4B2BB488078B0
:10AAA00090FBF1F201FB1200C5B2012104F130006C
:10AAB000C0B24FF6FF730022CDE900013A214120D8
:10AAC000F6F73EF9012105F13000C0B24FF6FF73F1
:10AAD0000022CDE900013A215120F6F731F900209A
:10AAE00056236A223E2100906920F5F739FBA748DA
:10AAF000C0780A2190FBF1F0C4B2A448C07890FB62
:10AB0000F1F201FB1200C5B2012104F13000C0B224
:10AB10004FF6FF730022CDE900013A217120F6F7CC
:10AB20000FF9012105F13000C0B24FF6FF7300228A
:10AB3000CDE900013A218120F6F702F90020102129
:10AB40008FA24FF6FF73CDE90021029002466C21DF
:10AB50005720F6F726F8BDE8FE83FEB50446012C23
:10AB600044D18A4800790A2190FBF1F0C6B28748A7
:10AB7000007990FBF1F201FB1200C5B24FF6FF70B5
:10AB8000602346223A2100902620F5F7E9FA0121B8
:10AB900006F13000C0B24FF6FF730022CDE900018C
:10ABA0003A212620F6F7CCF8012105F13000C0B299
:10ABB0004FF6FF730022CDE900013A213620F6F767
:10ABC000BFF86D484FF478434FF6FF722A2100908A
:10ABD0002E20F6F72AFA69484FF478434FF6FF72B1
:10ABE0005E2100902E20F6F720FA57E0022C55D176
:10ABF000664840790A2190FBF1F0C6B2634840797B
:10AC000090FBF1F201FB1200C5B24FF6FF7060231A
:10AC100076223A2100905620F5F7A2FA4FF6FF70FF
:10AC20003A233E222A2100902E20F5F799FA4FF67A
:10AC3000FF706E233E225E2100902E20F5F790FAE1
:10AC4000012106F13000C0B24FF6FF730022CDE9BA
:10AC500000013A215620F6F773F8012105F1300082
:10AC6000C0B24FF6FF730022CDE900013A21662001
:10AC7000F6F766F840484FF478434FF6FF722A2102
:10AC800000905E20F6F7D1F93C484FF478434FF638
:10AC9000FF725E2100900846F6F7C7F9032C21D118
:10ACA0004FF6FF703A236E222A2100905E20F5F7BE
:10ACB00057FA4FF6FF706E231A465E210090084641
:10ACC000F5F74EFA00201021AFF624024FF6FF737D
:10ACD000CDE9002102904FF478426C217F20F5F7F6
:10ACE00060FF0DE000201021AFF644024FF6FF7325
:10ACF000CDE90021029002466C217F20F5F751FF3B
:10AD0000FEBD2DE9FE4380460C4615461F480079DE
:10AD10000A2190FBF1F0C7B21C48007990FBF1F2D8
:10AD200001FB1200C6B229462046F7F705FE0020B7
:10AD3000174908804FF6FF7016490880002010213F
:10AD40001EA24FF6FF73CDE90021029002461821A2
:10AD50001E20F5F726FF012107F13000C0B24FF6A3
:10AD6000FF730022CDE900013A212620F5F7E8FF24
:10AD7000012106F1300029E090A9010810A901087D
:10AD800053657420436C6F636B000000C0010020AA
:10AD90009C0400209E040020202059656172204DF3
:10ADA0006F6E746820446174650000005B496E66D4
:10ADB0005D20593A25640D0A0000000020486F7597
:10ADC0007220204D696E757465000000C0B24FF6A8
:10ADD000FF730022CDE900013A213620F5F7B0FFDC
:10ADE000FE4840790A2190FBF1F0C7B2FB48407958
:10ADF00090FBF1F201FB1200C6B2012107F1300015
:10AE0000C0B24FF6FF730022CDE900013A2156206F
:10AE1000F5F796FF012106F13000C0B24FF6FF733F
:10AE20000022CDE900013A216620F5F789FF0020D4
:10AE300047235022432100904C20F5F791F9002040
:10AE4000532350224F2100904C20F5F789F9002020
:10AE50001021AFF6AC124FF6FF73CDE9002102903E
:10AE600002466C217F20F5F79CFEBDE8FE833EB5CF
:10AE70000446DB4800780A2190FBF1F0C5B2012CB2
:10AE800029D1D8484FF478434FF6FF724E210090F5
:10AE90002420F6F7CAF8D4484FF478434FF6FF72EF
:10AEA0004E2100907420F6F7C0F84FF6FF70722321
:10AEB0005422322100903420F5F752F9002105F197
:10AEC0003000C0B24FF6FF730A46CDE900013221CF
:10AED0003420F5F735FF022C20D14FF6FF705E23AA
:10AEE00034224E2100902420F5F73AF94FF6FF70F6
:10AEF0005E2384224E2100907420F5F731F9002062
:10AF00001021AFF65C224FF6FF73CDE900210290CD
:10AF10004FF478426C217F20F5F743FE3EBDFEB52D
:10AF200007460C46154629462046F7F705FD002042
:10AF3000AE4908804FF6FF70AD490880002010210F
:10AF4000ACA24FF6FF73CDE9002102900246182112
:10AF50000A20F5F726FE00200090AA480088001F6E
:10AF600082B22B232A210420F5F7FAF89C480078B6
:10AF70000A2190FBF1F0C6B2002106F13000C0B208
:10AF80004FF6FF730A46CDE9000132213420F5F770
:10AF9000D7FE002030214FF6FF730246CDE90010A6
:10AFA00032215420F5F7CCFE97484FF6FF7300226C
:10AFB000322100907420F6F738F800201021AFF607
:10AFC00018324FF6FF73CDE90021029002466C2142
:10AFD0007F20F5F7E6FDFEBD3EB5044600201021BA
:10AFE0008AA24FF6FF73CDE9002102904FF4784218
:10AFF0006C217720F5F7D5FD3EBDFEB506460C4623
:10B00000154629462046F7F797FC00207749088027
:10B010004FF6FF7076490880002010217DA24FF680
:10B02000FF73CDE900210290024618210A20F5F7AE
:10B03000B8FD0020009073480088001F82B22B23C7
:10B040002A210420F5F78CF80020102175A24FF674
:10B05000FF73CDE9002102904FF4784232210A209B
:10B06000F5F79FFD0020102173A24FF6FF73CDE985
:10B0700000210290024642210A20F5F792FD0020AD
:10B08000102172A24FF6FF73CDE900210290024613
:10B0900052210A20F5F785FD002010215BA24FF612
:10B0A000FF73CDE90021029002466C217720F5F76D
:10B0B00078FDFEBD2DE9FE4F81468A464FF0100B0C
:10B0C0002D241C262427062002904FF00008D5E0EE
:10B0D0000298304408FB00B085B2D0453BD14FF612
:10B0E000FF700090E01983B2A81982B22146284669
:10B0F000F5F736F84FF478400090A01C83B2A819F9
:10B1000082B221462846F5F72BF84FF4784000909C
:10B11000E01983B2A81982B2E019801E81B22846D4
:10B12000F5F71EF84FF478400090E01983B2A81CA0
:10B1300082B221462846F5F713F84FF47840E1191A
:10B140008BB2A9198AB2A919891E009088B221462A
:10B15000F5F706F836E04FF6FF700090E01983B27D
:10B16000A81982B221462846F4F7FAFF0020009081
:10B17000A01C83B2A81982B221462846F4F7F0FF3A
:10B1800000200090E01983B2A81982B2E019801E55
:10B1900081B22846F4F7E4FF00200090E01983B262
:10B1A000A81C82B221462846F4F7DAFF0020E119F4
:10B1B0008BB2A9198AB2A919891E009088B22146BA
:10B1C000F4F7CEFF19F80800FF2853D0012119F831
:10B1D00008003030C0B2A21C42E00000C0010020D4
:10B1E000BC01002090A9010810A901089C040020BE
:10B1F0009E040020536574204261636B6C6967682C
:10B2000074000000F405002030AA0108526573653F
:10B2100074000000466163746F7279205265736533
:10B2200074000000526573657420746F2044656675
:10B2300061756C743F000000546869732077696C15
:10B240006C2065726561736520000000616C6C2084
:10B2500073617665642073657474696E67732E001C
:10B26000CDE9000191B2AA1D90B24FF6FF73002202
:10B27000F5F766FD08F1010000F0FF08B8F1040FD2
:10B28000FFF626AFBDE8FE8F2DE9FF470746642590
:10B290004FF00A084FF00E0900200390002445E00B
:10B2A00004FB098086B204F13000C0B28DF80C00B6
:10B2B000BC421DD14FF47840009005F1140083B2D8
:10B2C00006F10C0082B229463046F4F749FF00200F
:10B2D000102103AACDE900210290AA1C91B2B21C50
:10B2E00090B24FF478434FF6FF72F5F75AFC1BE02B
:10B2F0004FF6FF70009005F1140083B206F10C00C8
:10B3000082B229463046F4F72BFF0020102103AA11
:10B31000CDE900210290AA1C91B2B21C90B24FF666
:10B32000FF730022F5F73DFC601CC4B20A2CB7DBAA
:10B33000BDE8FF873EB504464FF6FF7000902548F4
:10B340004388028800210846F4F70AFF00202249BA
:10B3500008804FF6FF70214908806CB90020102149
:10B360001FA24FF6FF73CDE90021029002460A2189
:10B370000846F5F716FC0CE0002010211DA24FF640
:10B38000FF73CDE90021029002460A210846F5F735
:10B3900008FC2CB91C4801781C48FFF78BFE04E020
:10B3A000194801781A48FFF785FE1A480078FFF718
:10B3B0006BFF3EBD002109E01448425C1648405C2A
:10B3C000824201D000207047481CC1B20429F3DB3F
:10B3D0000120F8E7F40500209C0400209E040020D2
:10B3E000506C656173652053657475702050696E8B
:10B3F00000000000506C6561736520436F6E6669E4
:10B40000726D2050696E0000F4010020EC010020F4
:10B41000F0010020F6010020E404002010B50146F0
:10B42000002010E000EB4002FE4B03EB8202127A98
:10B430008A4206D1FC4A126800EB4003F94C44F8FA
:10B440002320421CD0B20528ECDB10BD10B502460B
:10B450000C46F5480168914201D38B1A01E0504235
:10B460004318A34201D3012010BD0020FCE770B5B2
:10B470001421EE480068FFF7E9FF00B970BDEA4803
:10B480000068EA4908600121E94802F086FA08B933
:10B49000012000E0002004464FF40051E54802F08E
:10B4A0007CFA08B9012000E0002005461021E048A0
:10B4B00002F073FA08B9012000E000200646002CD3
:10B4C00034D0002D32D0DC48007828B90120DA4988
:10B4D00008700020D9490870D948C078FF2804DADC
:10B4E000D748C078401CD649C870D5480079FF2895
:10B4F00005DAD3480079401CC1B2D1480171CF4868
:10B500000078E8B9CE48C078FA2819DBCC48007931
:10B51000FA2815DB0120C9490870CAA004F0B2FA64
:10B520000120C74948700420087009E044B93DB9BA
:10B53000C148007820B10020BF490870BF49087099
:10B54000BF488078002874D0BD480078042800D116
:10B5500094E7BB48807800F00100F0B1002C14D1D2
:10B56000C5A004F08FFA0120B54948700870C6489C
:10B57000007858B1C4480078012807D0C248007844
:10B58000022803D00320FFF749FFB6E0BE48007849
:10B590000228FAD1FFF742FFAFE0A948807800F017
:10B5A0000200F8B1002DF0D1B8A004F06BFA012030
:10B5B000A349487002200870B348007858B1B248D7
:10B5C0000078012807D0B0480078022803D0032073
:10B5D000FFF724FF91E0AC4800780228D5D1FFF7AF
:10B5E0001DFF8AE09648807800F00400002817D0FC
:10B5F000002E15D1AAA004F045FA01209049487008
:10B6000003200870A048007858B19F4800780128AE
:10B6100007D09D480078022803D00320FFF7FEFEE4
:10B620006BE099480078022867D1FFF7F7FE64E0E5
:10B63000FFE78248007800285FD18148407888BBC6
:10B6400001217B4802F0A9F9B0B97D48C0780128F2
:10B6500008DD00207A49C8700846807840F0010073
:10B6600088700CE07648C078012808DC7448C078FF
:10B67000401C7349C87002E000207149C8704FF443
:10B6800000516C4802F089F9C0B96D480079012871
:10B6900009DD00216A480171807840F002006849A4
:10B6A00088700EE029E066480079012809DC6448CA
:10B6B0000079401CC1B26248017102E0002160487B
:10B6C000017110215A4802F068F998B95C48407934
:10B6D000012808DD00215A484171807840F00400BB
:10B6E0005749887009E056484079401CC1B2544817
:10B6F000417102E000215248417100BFBEE638B5F9
:10B7000004460D466B4951F824106B4A52F8242028
:10B71000114341F00100012102F068FB34B967498F
:10B7200051F82400012102F061FB05E0634951F862
:10B730002400012102F067FB18208DF80300604807
:10B7400030F81400ADF8000003208DF802005D49C8
:10B7500051F82400694602F08DF848208DF8030066
:10B76000594830F81400ADF80000584951F8240049
:10B77000694602F07FF8564951F82400294601F045
:10B7800026FD534951F82400012101F0ACFD38BDDC
:10B7900070B504460D4600BF80214E4801F07EFE84
:10B7A0000028F9D0E1B24B4801F00AFE204670BDF6
:10B7B00008B54FF4E1304849086000208880C8800F
:10B7C000088188810C2048810020FFF798FF012222
:10B7D00040F225513F4801F092FD25208DF80000F0
:10B7E00001208DF801008DF802008DF803006846F5
:10B7F00001F077FF2021394803F097FC08BD10B510
:10B80000FF248AE0334801F0DFFDC4B21CB10D2CE7
:10B8100001D00A2C66D100213048801E4278801C5D
:10B8200081545DE05805002078030020A00300202B
:10B830000008014000100140A5030020A4030020DF
:10B840007C0300205B496E665D2055702B446F774A
:10B850006E204C6F6E672050726573732035733A9B
:10B860002054726967676572205359535F5245537C
:10B8700045540A0D000000005B496E665D2055705E
:10B88000204B65790A0D00008C0100205B496E6633
:10B890005D20446F776E204B65790A0D0000000033
:10B8A0005B496E665D20456E746572204B65790A52
:10B8B0000D00000074D001087CD001086CD0010894
:10B8C00084D001088C03002088D001089403002054
:10B8D0008403002000380140480500202605002090
:10B8E000012010BD612C04DB7A2C02DCA4F12000C5
:10B8F000C4B2FB4840781F2809DAF9484178801C17
:10B900004454801E4078401CF549487005E0F5A07D
:10B9100004F0B8F80020F2494870FA48008800F0B6
:10B92000200000287FF46EAF00BFDAE710B50024D6
:10B9300040F22551F34801F0C7FD58B1FFF75FFF12
:10B94000044614B10120E649087040F22551ED4843
:10B9500001F0E4FD10BD2DE9F04781460D46164685
:10B960004F464FF000080522E7A1384603F013FCCC
:10B9700010B10020BDE8F0877F1D3A21384603F062
:10B98000EBFB8046B8F1000F0FD1384603F0EEFB19
:10B990000446202C00DB1F2422463946284603F0AB
:10B9A000CFFB00202855307013E0A8EB0704202CB3
:10B9B00000DB1F2422463946284603F0C1FB002045
:10B9C00028551F2208F10101304603F0B9FB002081
:10B9D000F0770120CEE730B587B0C14CA41C2046DB
:10B9E00003F0C4FB054603E00021681E21546D1ED0
:10B9F000002D07DD681E205C0A28F5D0681E205C3B
:10BA00000D28F1D001AA04A92046FFF7A4FF28B908
:10BA10002146BFA004F036F807B030BD01AA04A942
:10BA2000C4A004F02FF8CBA104A803F0A6FB0028C3
:10BA30002CD0CAA104A803F0A0FB002826D0C9A1DD
:10BA400004A803F09AFB002820D0C7A104A803F0A3
:10BA500094FB00281AD0C7A104A803F08EFB48B9B4
:10BA6000C5A101A803F0A6FB80B1C5A101A803F000
:10BA7000A1FB0BE0C3A104A803F07FFB30B104A934
:10BA8000C2A003F0FFFFC8A003F0FCFF00BFC3E7A4
:10BA900010B59348007820B1FFF79DFF0020904932
:10BAA000087010BD00B589B00121082002F09EF990
:10BAB0000121042002F0A7F94FF40070ADF8200036
:10BAC00018208DF8230003208DF8220008A9BD4816
:10BAD00001F0D0FE40F2CF70ADF818004720ADF86D
:10BAE00014000020ADF81A00ADF8160005A9B648FC
:10BAF000F5F778FE6020ADF804000120ADF80600EF
:10BB00000020ADF80A00ADF80C0001A9AE48F5F729
:10BB100080FF0821AC48F6F710FB0121AA48F6F790
:10BB2000BDFA0121A848F6F7B9F909B000BD70B512
:10BB30000546642D00DD64254FF4FA6068436421F6
:10BB400090FBF1F084B2B4F5FA6F01DB40F2CF74F0
:10BB500021469D48F6F740FC70BD9C480068704740
:10BB600000B50146FFF7F9FF024600BFFFF7F5FFFA
:10BB7000801A8842FAD300BDF0B502464FF0E026A5
:10BB8000B169934E3668934FB6FBF7F302FB03F4AB
:10BB900000BF4FF0E026B069884201D80E1A04E0D9
:10BBA0004FF0E0267669361A0E443546A542F0D3AA
:10BBB000F0BD2DE9F04105460F460126002434E092
:10BBC00085480078304010B17006060E2BE004EB7B
:10BBD0004400824901EB800005727C48006804EB58
:10BBE00044017E4A42F8210004EB4400114601EB77
:10BBF0008000476004EB440001EB8000407A20F0B5
:10BC00000200801C04EB440102EB8101487272487F
:10BC10000078304370490870294671A003F032FF64
:10BC20000120BDE8F081601CC4B2052CC8DB0020F7
:10BC3000F7E770B50546012600242AE004EB44002E
:10BC4000664901EB8000007AA8421ED104EB440053
:10BC500001EB8000407A20F0020004EB44015F4ACF
:10BC600002EB81014872002004EB440102EB8101E8
:10BC7000087229465FA003F005FF86F0FF065648CC
:10BC8000007830405449087070BD7006060E601C84
:10BC9000C4B2052CD2DB29465BA003F0F3FE00BF43
:10BCA000F2E72DE9F041614890F82C0048B960486E
:10BCB0000078052802DA5D4D3535C5E05B4D4D3520
:10BCC000C2E05A4890F82C00012806D15848007864
:10BCD000062803DA554D3535B6E0ADE0AAE00000A0
:10BCE000240500205B496E665D2055415254206258
:10BCF0007566666572206F766572666C6F77210A6D
:10BD00000D000000003801405B434D445D00000021
:10BD10005B496E665D20496E76616C696420636F75
:10BD20006D6D616E6420666F726D61743A2025736B
:10BD30000A0000005B496E665D20506172736564A5
:10BD40003A20636D643D25732C20706172616D3DF6
:10BD500025730A00434F4E4E4543540045584954FD
:10BD6000000000004C4344004B45595F5445535478
:10BD7000000000004745540054454D5000000000AD
:10BD80005643430052454C41590000005B496E66E2
:10BD90005D20556E6B6E6F776E20636F6D6D616E9B
:10BDA000643A2025730A00005B434D445D524553BD
:10BDB0003A554E4B4E4F574E3A434F4D4D414E44E0
:10BDC0000A000000000C0140000800407803002039
:10BDD0000001002040420F009C0300205805002075
:10BDE0005B496E665D20525F416C61726D3A202541
:10BDF000640D0A005B496E665D20445F416C6172B0
:10BE00006D3A2025640D0A005B496E665D204E6F19
:10BE10007420666F756E6420616C61726D20736F43
:10BE2000757263653A2025640D0A0000BC04002089
:10BE300082030020EA4D07E0E9484D3890F82C00D5
:10BE4000022801D1E64D183DE6484079E5490979D7
:10BE5000C1EB011100EB810600240DE005EB84002D
:10BE6000407815F82410C1EB011100EB8107B742AF
:10BE700000D903E0601CC4B2062CEFDB00BF002C2D
:10BE800003DD601ED849087002E00520D64908701D
:10BE9000D5480178D5A003F0F5FDBDE8F081F0B5F7
:10BEA000034603F5FA6083B2012901D0022904D1C7
:10BEB00001F10C00C1B2581E83B24D1C05EB4505C3
:10BEC000052695FBF6F5022606FB012635441D44A2
:10BED0001846DE1703EB967605EBA605642693FB62
:10BEE000F6F6AD1B4FF4C87693FBF6F635440726FD
:10BEF00095FBF6F706FB1755ECB22046F0BD30B5C2
:10BF000089B004461822BE4903A803F0F5F8012CB5
:10BF100006D0022C31D0032C54D0042C7ED164E006
:10BF20000120FFF786FEB748007858B10020B549D8
:10BF30000870B5484FF6FF73002248210090882012
:10BF4000F5F71DF8B14800780A280CD10020AF4958
:10BF5000087044F620610120FFF72BFE60B9ACA009
:10BF600003F090FD08E00120A84908709C494D3974
:10BF700091F82600FFF7DBFD01E10220FFF759FEF3
:10BF80000020A2490870F6F7CCFC95494D39886924
:10BF900003F094FA054601220021F6F75DFAA14864
:10BFA0004FF6FF7300222D2100906420F4F7E7FF85
:10BFB00044F620610120FFF7FCFD10B99AA003F0C0
:10BFC00061FDDCE00320FFF734FE00209B49087090
:10BFD0004FF6FF7000909A48438802880021084677
:10BFE000F4F7BEF8F6F7B3FBC9E00420FFF716FA42
:10BFF0008648007818B18548007801287ED17948B4
:10C0000000F088FF4FF6FF702523152205210090D0
:10C010000846F4F7A5F84FF6FF7000E0AAE02523E4
:10C020001A46052100901520F4F79AF86D4800791A
:10C030000A2190FBF1F03030C5B201204FF6FF73BA
:10C0400000220521CDE900500846F4F779FE654845
:10C0500000790A2190FBF1F201FB12003030C5B2E9
:10C0600001204FF6FF7300220521CDE90050152075
:10C07000F4F766FE4FF6FF7025233F22052100905E
:10C080002F20F4F76DF84FF6FF7025234F2205217E
:10C0900000903F20F4F764F8524840790A2190FB61
:10C0A000F1F03030C5B201204FF6FF7300220521B8
:10C0B000CDE900502F20F4F743FE4A4840790A2189
:10C0C00090FBF1F201FB12003030C5B201204FF6B7
:10C0D000FF7300220521CDE900503F20F4F730FE28
:10C0E0004048007938BB3F484079012823D13D4B77
:10C0F000DA7899781888FFF7D2FE00E039E05149E4
:10C1000008704FF6FF7078231522692100900520F2
:10C11000F4F726F8002110224B484A4B1B7850F8C0
:10C1200023004FF6FF73CDE9012100900A466921F3
:10C130000520F4F736FD2A484D3890F82E000128E6
:10C1400017D1FFF7AEFD4FF6FF704523A0222D213A
:10C1500000908820F4F704F803A82349097850F8E0
:10C1600021004FF6FF7300222D2100908820F4F764
:10C1700006FF04E0214635A003F084FC00BF00BFA9
:10C1800009B030BD70B5012538480678002424E098
:10C1900006EA0500E8B104EB4402354B03EB8202EA
:10C1A000516804EB440253F82200FFF74FF980B1C5
:10C1B00004EB44002E4A02EB8000017A2DA003F02C
:10C1C00061FC04EB44012A4A02EB8101087AFFF783
:10C1D00096FE6806050E601CC4B2052CD8DB70BD47
:10C1E00009050020F2000020F10000205B496E6686
:10C1F0005D20535F506572696F643A25640D0A00D3
:10C200008CD001088D0100207CBD01088C0100202C
:10C210005B4572725D20416C61726D2046756C6C7D
:10C22000210D0A000CBE01085B4572725D20416C55
:10C2300061726D204661696C0D0A0000C801002022
:10C24000F405002082030020D00100205B457272BB
:10C250005D20556E6B6E6F7720416C61726D20733F
:10C260006F757263653A2025640D0A009C030020F7
:10C27000580500205B496E665D2054696D65206F2E
:10C2800075743A2025640D0A0000000010B50220E4
:10C2900002F031FC002838D0022002F040FCF748C0
:10C2A000007808280FD1002407E0F54830F8140082
:10C2B000F44921F81400601CC4B2102CF5DB0120F5
:10C2C000F149087012E0ED48007809280ED10024E9
:10C2D00007E0EB4830F81400EC4921F81400601C2A
:10C2E000C4B2102CF5DB0120E94908700021E948AF
:10C2F00002F0C7FB0021E84802F02CF90021E648D3
:10C3000002F01DF90020DD49087010BD00B593B0A2
:10C3100001214FF4027001F069FD0121084601F08E
:10C3200058FD0320ADF8480000208DF84B0012A9FD
:10C33000DA4801F09FFAD74802F0D6FAD6484C30D6
:10C340000290CF4803900020049010200590002018
:10C3500006908020079040000890800009900020FF
:10C360000A904FF400500B9000200C9002A9C9488D
:10C3700002F05CFB01220221C64802F08EFB0B207A
:10C380008DF8040000208DF805008DF806000120CE
:10C390008DF8070001A801F0A4F900200D900120FC
:10C3A0008DF838008DF839004FF460200F90002090
:10C3B000109002208DF844000DA9B74802F093F8C0
:10C3C000072301220821B44802F025F90121B248CF
:10C3D00002F0B5F8B04802F0D4F800BFAE4802F061
:10C3E000D5F80028FAD1AC4802F0DAF800BFAA4824
:10C3F00002F0DBF80028FAD1A9A003F043FB13B048
:10C4000000BD10B58CB00446082C05D0092C03D013
:10C41000112C01D00CB010BD082C03D100209A497A
:10C42000087004E0092C02D1002099490870934853
:10C430000470984802F058FA97484C3001909048A0
:10C44000029000200390102004900020059080208E
:10C4500006904000079080000890002009904FF45B
:10C4600000500A9000200B9001A98A4802F0DEFAE1
:10C4700001220221874802F010FB082C06D1072375
:10C4800001220821844802F0C6F810E0092C06D1E8
:10C49000072301220921804802F0BDF807E0112C92
:10C4A00005D10723012211217B4802F0B4F80121B4
:10C4B000784802F0E6FA0121774802F04BF80121B2
:10C4C000754802F03CF80121734802F078F800BF8B
:10C4D000A0E710B50820FFF794FF10BD2DE9F0414B
:10C4E00004460E4675480768082C01D1664D0AE0DF
:10C4F000092C01D1664D06E0112C01D1624D02E0FC
:10C500000020BDE8F081112C11D109E06B480068D2
:10C51000C01BB04204D96AA003F0B4FA0020F0E7CF
:10C520005C4802F0C5FA0028F0DC0120E9E70AE0E7
:10C5300062480068C01BB04205D9214667A003F0DD
:10C54000A1FA0020DDE728780028F1D00120D8E703
:10C5500010B5044621460820FFF7C0FF10BD10B5F6
:10C5600002460024082A01D1464B05E0092A01D1E0
:10C57000464B01E0002010BD002104E033F811001B
:10C580000444481CC1B21029F8DBC4F30F10F2E7D1
:10C590002DE9FC410446082C04D0092C02D00020CF
:10C5A000BDE8FC812046FFF72CFF64212046FFF701
:10C5B00095FF28B9214650A003F064FA0020EFE768
:10C5C0002046FFF7CCFF8046404602F080FF07463A
:10C5D000524902F05CFE06464FF08B4102F089FEA4
:10C5E0000546284602F091FF4246CDE9000121466A
:10C5F0004BA003F047FA2846D2E72DE9FC47082074
:10C60000FFF7C6FF04460920FFF7C2FF81464846F0
:10C6100002F07BFF05460E46204602F076FF0746F5
:10C620003A460B4648A0CDE9005603F02BFA2046C7
:10C63000BDE8FC872DE9F04385B00024012002F01D
:10C640000FF90120FFF78CFA002000908DF804000C
:10C650008DF805004FF46020029000200390012027
:10C660008DF8100069460C4801F03DFF07230122B8
:10C670001121094801F0CFFF0027A1E0220400208A
:10C68000D40500209405002020040020B4050020DB
:10C69000210400200800024000240140000C014059
:10C6A0005B496E665D2041444320496E69742043B6
:10C6B0006F6D706C6574650A0D00000078030020D2
:10C6C0005B496E665D204144432056726566696E23
:10C6D000742054696D656F75740A0D005B496E6650
:10C6E0005D2041444320434825642054696D656FB3
:10C6F00075740A0D000000005B496E665D204144C0
:10C7000043204348256420436F6E76657273696FDA
:10C710006E204661696C65640A0D00003333534036
:10C720005B496E665D2041444320434825643A20BE
:10C7300025642C20566F6C746167653A20252E3372
:10C7400066560A0D000000005B496E665D20564388
:10C7500043204D6561737572656D656E74202D2083
:10C760004348383A20252E3366562C204348393A20
:10C7700020252E3366560A0D0000000001212F48A7
:10C7800001F01DFF42F210780EE0A8F10100B0F1B7
:10C79000000809D12AA003F075F9002002F060F822
:10C7A000002005B0BDE8F0830221244802F078F8AB
:10C7B0000028EAD0214801F095FF0444781CC7B254
:10C7C000102FDBDBC4F30F15284602F080FE8146F4
:10C7D0004946234802F08DFD0646002002F040F84D
:10C7E00001208DF804008DF805008DF810006946D1
:10C7F000124801F078FE3046D3E72DE9F041FFF70B
:10C8000085FDFFF717FF0746384602F07EFE044617
:10C8100022460B4613A003F035F90A20FFF7A0F9D2
:10C820000820FFF7B5FE80460A20FFF799F9092096
:10C83000FFF7AEFE0646BDE8F0810000002401408F
:10C840005B496E665D20564343204D65617375728A
:10C85000656D656E742054696D656F75740A0D00A1
:10C860009A9999455B496E665D2053797374656D3D
:10C87000205643433A20252E3266560A0D0000000A
:10C8800010B504464FF40060FE490860401008608F
:10C890002146FD4800F038FA4FF40060F949091FBD
:10C8A000086010BD10B504464FF40060F5490860FB
:10C8B0004010091F08602146F34800F025FA4FF4A4
:10C8C0000060F049091F086010BD70B505460C46B0
:10C8D0002846FFF7D5FFE0B2FFF7E4FF70BD10B5C3
:10C8E000EA49087AFFF7CCFF10BD10B504464FF4B3
:10C8F0000060E44908604010091F08602112E24806
:10C9000000F002FAE1B2E04800F0FEF94FF40060F6
:10C91000DC49091F086010BD2DE9F04104460D46B1
:10C9200016461F46D949887AFFF7AAFF0020FFF76D
:10C93000B9FFE0B2FFF7B6FF0020FFF7B3FFF0B298
:10C94000FFF7B0FFD149087BFFF79AFF0020FFF700
:10C95000A9FFE8B2FFF7A6FF0020FFF7A3FFF8B298
:10C96000FFF7A0FFFFF7BBFFBDE8F08170B50446FD
:10C970000D462B46224629462046FFF7CDFF70BDC7
:10C9800070B504460D4629462046FFF7EFFFC04824
:10C990000088FFF7AAFF70BD70B50646BB48408807
:10C9A000401E83B2B9480088401E82B2002108466A
:10C9B000FFF7B2FF4FF40060B24908604010091F52
:10C9C000086000240AE0002503E03046FFF78DFFF1
:10C9D0006D1CAE480088A842F7D8641CAB4840885C
:10C9E000A042F0D84FF40060A649091F086070BD4E
:10C9F00008B50121082001F0F9F94FF4E050ADF835
:10CA0000000003208DF8020010208DF80300694615
:10CA10009C48143800F02EFF08BD10B54FF480502C
:10CA2000984908606420FFF79BF84FF480509549BF
:10CA3000091F08603220FFF793F810BD10B50446B7
:10CA40002A20924948812B2088812C20088134B1EA
:10CA5000012C0ED0022C16D0032C28D11DE08020F2
:10CA60008A490880A0204880C0213620FFF72DFF8A
:10CA70001EE0A0208549088080204880A021362023
:10CA8000FFF723FF14E0802080490880A020488021
:10CA900000213620FFF719FF0AE0A0207B4908801B
:10CAA0008020488060213620FFF70FFF00E000BFA4
:10CAB00000BF10BD10B500F04BF9FFF799FFFFF76D
:10CAC000ACFF1120FFF7DCFE7820FFF749F8B1201A
:10CAD000FFF7D6FE0120FFF7E5FE2C20FFF7E2FE70
:10CAE0002D20FFF7DFFEB220FFF7CAFE0120FFF77F
:10CAF000D9FE2C20FFF7D6FE2D20FFF7D3FEB32062
:10CB0000FFF7BEFE0120FFF7CDFE2C20FFF7CAFE87
:10CB10002D20FFF7C7FE0120FFF7C4FE2C20FFF7F2
:10CB2000C1FE2D20FFF7BEFEB420FFF7A9FE0720AF
:10CB3000FFF7B8FEC020FFF7A3FEA220FFF7B2FE6A
:10CB40000220FFF7AFFE8420FFF7ACFEC120FFF705
:10CB500097FEC520FFF7A6FEC220FFF791FE0A2030
:10CB6000FFF7A0FE0020FFF79DFEC320FFF788FE21
:10CB70008A20FFF797FE2A20FFF794FEC420FFF7D4
:10CB80007FFE8A20FFF78EFEEE20FFF78BFEC5208A
:10CB9000FFF776FE0E20FFF785FE3620FFF770FECA
:10CBA000C020FFF77FFEE020FFF76AFE0F20FFF7AF
:10CBB00079FE1A20FFF776FE0F20FFF773FE18208C
:10CBC000FFF770FE2F20FFF76DFE2820FFF76AFEAB
:10CBD0002020FFF767FE2220FFF764FE1F20FFF7EB
:10CBE00061FE1B20FFF75EFE2320FFF75BFE372070
:10CBF000FFF758FE0020FFF755FE0720FFF752FE13
:10CC00000220FFF74FFE1020FFF74CFEE120FFF758
:10CC100037FE0F20FFF746FE1B20FFF743FE0F20D5
:10CC2000FFF740FE1720FFF73DFE3320FFF73AFEE7
:10CC30002C20FFF737FE2920FFF734FE2E20FFF7C8
:10CC400031FE3020FFF72EFE3020FFF72BFE39207B
:10CC5000FFF728FE3F20FFF725FE0020FFF722FE0A
:10CC60000720FFF71FFE0320FFF71CFE1020FFF731
:10CC700019FE2A20FFF704FE0020FFF713FE002014
:10CC800008E00000140C014000380040F4050020CA
:10CC90009C040020FFF706FE0020FFF703FE7F2024
:10CCA000FFF700FE2B20FFF7EBFD0020FFF7FAFD5A
:10CCB0000020FFF7F7FD0020FFF7F4FD9F20FFF7AE
:10CCC000F1FDF020FFF7DCFD0120FFF7EBFDF62082
:10CCD000FFF7D6FD0020FFF7E5FD3A20FFF7D0FD76
:10CCE0000520FFF7DFFD2920FFF7CAFD0020FFF731
:10CCF000A5FE0120034908604FF6FF70FFF74CFEC8
:10CD000010BD0000A4812142024600BF108900F03E
:10CD100002000028FAD0918100BF108900F00100C4
:10CD20000028FAD09089C0B2704702884FF6C773C6
:10CD30001A400280012902D10288028003E00288A1
:10CD400042F020020280028842F0400202807047D6
:10CD500000B587B00121092001F048F84FF42040C8
:10CD6000ADF8040003208DF8060018208DF80700A8
:10CD700001A91C4800F07EFD4FF48040ADF804008E
:10CD800048208DF8070003208DF8060001A91548FA
:10CD900000F070FD0121880301F035F80020ADF8A6
:10CDA00008004FF48270ADF80A000020ADF80C00C6
:10CDB000ADF80E00ADF810004FF40070ADF81200A1
:10CDC0000020ADF81400ADF816000720ADF81800EB
:10CDD00002A9054801F094F80121034801F035F952
:10CDE00007B000BD000C014000380040014601F0D2
:10CDF0000F000A1102EB820200EB4200C0B2704742
:10CE000001460A2091FBF0F200FB12100A2291FB6E
:10CE1000F2F240EA0210C0B2704710B5042001F0EF
:10CE20000EFB4AF2A551884201D1012010BD00201D
:10CE3000FCE710B5002401214FF0C05000F0E3FFE3
:10CE4000012001F06CFAFFF7E8FF002847D101F05C
:10CE5000C1FA012000F037FF00BF20E0601C84B25F
:10CE60000A20FEF77DFEFA2C19DD002000F02BFFD2
:10CE7000012000F041FF002408E0601C84B20A2079
:10CE8000FEF76EFE642C01DD012010BD612000F074
:10CE900082FE0028F1D04FF4007000F030FF4120F6
:10CEA00000F079FE0028D9D0412000F074FE18B1BE
:10CEB0004FF4807000F023FF012000F026FF01F006
:10CEC000E4F901F0D9F947F6FF7001F0AFF901F08C
:10CED000D3F94AF2A551042001F0A5FA06E0012099
:10CEE00000F013FF01F0D1F901F0C6F90121084665
:10CEF00001F066F901F0C0F90020C6E7704740B1C3
:10CF00001A21018001218170C170002101714171DC
:10CF1000817170472DE9FE4305464FF4FA6486A2FD
:10CF200007CA8DE8070015B90120BDE8FE8301F0AE
:10CF300067F980468349B8FBF1F6B8FBF1F201FBD3
:10CF400012894FF46160B9FBF0F028714FF4616011
:10CF5000B9FBF0F100FB11993C20B9FBF0F06871CE
:10CF60003C20B9FBF0F100FB1190A8714FF4FA647A
:10CF700020E0E11704EB91718910A4EB810129B93C
:10CF8000642194FBF1F201FB124131B94FF4C871F5
:10CF900094FBF1F201FB124141B9B6F5B77F04D31E
:10CFA000A6F5B776601C84B204E006E0A6F26D1622
:10CFB000601C84B2B6F5B67FDBD800BFA4F5FA607A
:10CFC000C0B2288000271EE01DF80710012F14D1E1
:10CFD000E21704EB92729210A4EB82022AB9642247
:10CFE00094FBF2F302FB134232B94FF4C87294FB84
:10CFF000F2F302FB134202B91D218E4200D204E07B
:10D00000761A781CC7B20C2FDEDB00BF781CA87024
:10D01000701CE870002088E72DE9FE4304460025D7
:10D0200045A2D2E900109268CDE90102009114B93D
:10D030000120BDE8FE832088632814DCA078012845
:10D0400011DBA0780C280EDCE07801280BDBE078FF
:10D050001F2808DC2079172805DC60793B2802DCD2
:10D06000A0793B2801DD0120E3E7208800F5FA6084
:10D0700087B24FF4FA661AE0F11706EB9171891046
:10D08000A6EB810129B9642196FBF1F201FB126143
:10D0900031B94FF4C87196FBF1F201FB126111B97D
:10D0A00005F5B77501E005F26D15701C86B2BE423C
:10D0B000E2DB4FF000081EE01DF80810B8F1010F88
:10D0C00014D1FA1707EB92729210A7EB82022AB9D9
:10D0D000642297FBF2F302FB137232B94FF4C87269
:10D0E00097FBF2F302FB137202B91D210D4408F104
:10D0F000010000F0FF08A078401E4045DCDCE0782D
:10D10000401E05440F4845432079C0EB4011C1EB58
:10D11000002005EB00156079C0EB001005EB8005E1
:10D12000A0790544012001F0FAF8284601F071F8D1
:10D1300001F0A2F800207CE71F1C1F1E1F1E1F1FEE
:10D140001E1F1E1F8051010010B50446FB4884427B
:10D1500009D10121880300F063FE00214FF48040D3
:10D1600000F05EFE32E0F648844209D10121480415
:10D1700000F063FE00214FF4003000F05EFE25E079
:10D18000F048844209D10121880400F056FE0021B4
:10D190004FF4802000F051FE18E0EB48844209D1A2
:10D1A0000121C80400F049FE00214FF4002000F0E6
:10D1B00044FE0BE0E548844208D10121080500F057
:10D1C0003CFE00214FF4801000F037FE10BD2DE929
:10D1D000F04786B005460E460024A24600BFA14691
:10D1E0000027B08900B100BF2F462C8A4CF6FF7093
:10D1F0000440F08804432C82AC894EF6F3100440BE
:10D20000B08831890843718908430443AC81AC8AF2
:10D210004FF6FF400440B0890443AC8201A800F0FF
:10D2200078FDC648874202D1DDF810A001E0DDF8A4
:10D230000CA0A88900F4004040B10AEBCA0000EB42
:10D240000A1031684900B0FBF1F807E00AEBCA00A8
:10D2500000EB0A1031688900B0FBF1F86420B8FBDC
:10D26000F0F004012009642101FB1089A88900F471
:10D27000004040B1322000EBC900B0FBF1F000F0FB
:10D280000700044308E0322000EB09106421B0FBE2
:10D29000F1F000F00F0004432C8106B0BDE8F087E8
:10D2A0004FF41651016000218180C18001810C2161
:10D2B000418100218181704710B502460020108A0B
:10D2C0004FF2FF0318400B884C8823438C8823437C
:10D2D000CC8823431843108210BD00210180418077
:10D2E0008180C180704721B1828942F400528281DD
:10D2F00004E082894DF6FF731A4082817047F0B5D1
:10D300000346002400260025002040F66A17B94293
:10D3100000D100BF1846C1F3421401F01F060127D7
:10D3200007FA06F5012C01D10C3004E0022C01D1E2
:10D33000103000E014301AB107682F43076002E094
:10D340000768AF430760F0BD1AB1838A0B4383823D
:10D3500002E0838A8B4383827047028A4FF6F07320
:10D360001A400282028A0A430282704782894FF27F
:10D37000FF731A40828182890A438281704721B1FA
:10D38000828942F00202828104E082894FF6FD73B5
:10D390001A4082817047028A4FF6DF731A40028278
:10D3A000028A0A430282704721B1028A42F4804213
:10D3B000028204E0028A4BF6FF731A400282704731
:10D3C000C1F308028280704701468888C0F30800D4
:10D3D0007047818941F0010181817047028BD2B28F
:10D3E0000283028B42EA012202837047028B02F41D
:10D3F0007F420283028B0A430283704721B1828AF3
:10D4000042F02002828204E0828A4FF6DF731A40E3
:10D410008282704721B1828A42F01002828204E047
:10D42000828A4FF6EF731A408282704721B1828A56
:10D4300042F00802828204E0828A4FF6F7731A40B3
:10D440008282704721B1828942F40042828103E0E6
:10D450008289C2F30E028281704721B1828A42F42E
:10D460000062828204E0828A4FF2FF731A40828255
:10D470007047828A4FF6FB731A408282828A0A437F
:10D480008282704721B1828A42F00202828204E0E5
:10D49000828A4FF6FD731A4082827047024600204E
:10D4A000B1F5007F00D100BF13880B400BB1012004
:10D4B00000E00020704701F40072B2F5007F00D157
:10D4C00000BFCA430280704770B5024600240023A3
:10D4D0000025002040F66A16B14200D100BFC1F31A
:10D4E000421501F01F03012606FA03F3012D02D1B4
:10D4F0009689334006E0022D02D1168A334001E0BE
:10D50000968A33400C12012606FA04F41688344039
:10D5100013B10CB1012000E0002070BD10B5002255
:10D52000002340F66A14A14200D100BF0A12012470
:10D530009440A3B2DC43048010BD000000380140D9
:10D540000044004000480040004C004000500040B3
:10D5500010B502460B460020002102E0545C204436
:10D56000491C9942FAD310BD10B501F006FB10BD5D
:10D5700010B501F00EFB10BD10B54C4801F042FB98
:10D580000446042C01D0022010BD0020FCE770B539
:10D5900004460D462946204601F004FC0646042EAA
:10D5A00001D0012070BD2068A84201D00320F9E716
:10D5B0000020F7E72DE9FF474FF0A530009001204C
:10D5C00001906820029068213948FFF7C1FF03905D
:10D5D000FFF7CAFFFFF7D0FF06462EB1FFF7C8FFDF
:10D5E000304604B0BDE8F087304F6C464FF0040879
:10D5F00000250CE038462168FFF7C9FF06461EB13A
:10D60000FFF7B6FF3046ECE73F1D241D6D1C454576
:10D61000F0D3274C4FF0680909F103004FEA900856
:10D6200000250CE038462168FFF7B1FF06461EB121
:10D63000FFF79EFF3046D4E73F1D241D6D1C454576
:10D64000F0D3FFF795FF0020CBE72DE9F047174C0B
:10D650002068B0F1A53F02D00420BDE8F087A068A3
:10D66000682801D00420F8E7104D1035104E4FF017
:10D67000680A0AF103004FEA90094FF0000805E03C
:10D6800028683060361D2D1D08F10108C845F7D304
:10D6900068210748FFF75CFF0746E068B84201D001
:10D6A0000420DAE70020D8E76820704700F8030874
:10D6B000BC0400200648804706480047FEE7FEE716
:10D6C000FEE7FEE7FEE7FEE7FEE7FEE7FEE7FEE732
:10D6D000371500083101000831490143314A116012
:10D6E000704770B5002100230F22C47804B32D4C7D
:10D6F000246804F4E064C4F5E064210AC1F1040381
:10D70000CA40447804FA03F18478144021430901A3
:10D71000254C0678A155047804F01F050124AC407F
:10D7200005786D11AD0005F1E025C5F8004109E06F
:10D73000047804F01F050124AC401C4D06787611D6
:10D7400045F8264070BD1A4A0A400243154B1B1F7C
:10D750001A60704739B1134A121D12680243114B07
:10D760001B1D1A6006E00F4A121D126882430D4B02
:10D770001B1D1A607047042808D14FF0E021096989
:10D7800041F004014FF0E022116107E04FF0E02189
:10D79000096921F004014FF0E02211617047000097
:10D7A0000000FA050CED00E000E400E080E100E09C
:10D7B00080FFFF1F10B50446CC48844208D10121E8
:10D7C000042000F02DFB0021042000F029FB46E09E
:10D7D000C748844208D10121082000F021FB002124
:10D7E000082000F01DFB3AE0C248844208D1012124
:10D7F000102000F015FB0021102000F011FB2EE09E
:10D80000BD48844208D10121202000F009FB0021FD
:10D81000202000F005FB22E0B848844208D1012115
:10D82000402000F0FDFA0021402000F0F9FA16E057
:10D83000B348844208D10121802000F0F1FA002190
:10D84000802000F0EDFA0AE0AE48844207D10121C1
:10D85000801500F0E5FA0021A01500F0E1FA10BDF6
:10D8600010B50121084600F0DBFA0021012000F08C
:10D87000D7FA10BD2DE9F041024600250026002010
:10D8800000230024002791F803C00CF00F0591F845
:10D8900003C00CF0100CBCF1000F03D091F802C0D3
:10D8A0004CEA050591F800C0BCF1000F31D01468B6
:10D8B00000202BE04FF0010C0CFA00F3B1F800C08F
:10D8C0000CEA03069E4220D183004FF00F0C0CFAA5
:10D8D00003F7BC4305FA03FC4CEA040491F803C0C7
:10D8E000BCF1280F06D14FF0010C0CFA00FCC2F875
:10D8F00014C00AE091F803C0BCF1480F05D14FF005
:10D90000010C0CFA00FCC2F810C0401C0828D1D34E
:10D910001460B1F800C0BCF1FF0F34DD5468002082
:10D920002EE000F1080C4FF0010808FA0CF3B1F8F2
:10D9300000C00CEA03069E4221D183004FF00F0C79
:10D940000CFA03F7BC4305FA03FC4CEA040491F813
:10D9500003C0BCF1280F05D100F1080C08FA0CF83F
:10D96000C2F8148091F803C0BCF1480F07D100F150
:10D97000080C4FF0010808FA0CF8C2F81080401C9F
:10D980000828CED35460BDE8F0814FF6FF710180C6
:10D99000022181700421C170704702460020936803
:10D9A0000B400BB1012000E0002070470146886861
:10D9B00080B2704702460020D3680B400BB10120B3
:10D9C00000E0002070470146C86880B270470161DE
:10D9D0007047416170470AB1016100E041617047E1
:10D9E000C16070474FF480320A4382618161826175
:10D9F00082698269704702460020434B18684FF6DF
:10DA00008073184040EA021008433F4B186070478B
:10DA10003E49C8617047F0B50A4600230024002142
:10DA2000002500F00046B6F1004F02D1364EF169F4
:10DA300001E0354E7168C0F3034583B200F440162F
:10DA4000B6F5401F08D121F070612F4E766826F0A0
:10DA500070662D4F7E6012E000F48016B6F5801FD0
:10DA600006D1032606FA05F4A14341F0706106E0F1
:10DA7000460D360103FA06F6B14341F0706122B15A
:10DA8000460D360103FA06F6314300F00046B6F1C2
:10DA9000004F02D11C4EF16101E01B4E7160F0BDE0
:10DAA00030B500228B071C0F0F2303FA04F2164B2C
:10DAB00008338C1053F824309343134C08348D10E2
:10DAC00044F8253023468C1053F824308C07240F5B
:10DAD00000FA04F423430C4C08348D1044F825302C
:10DAE00030BD0A49DC310860704700000008014081
:10DAF000000C0140001001400014014000180140DA
:10DB0000001C0140002001400000014000002042B4
:10DB1000DF48006840F00100DD49086008464068C1
:10DB2000DC490840DA49486008460068DA4908409C
:10DB3000D74908600846006820F48020086008463D
:10DB4000406820F4FE0048604FF41F008860704772
:10DB5000CF49096821F48031CD4A11601146096826
:10DB600021F480211160B0F5803F03D0B0F5802F03
:10DB70000ED106E0C649096841F48031C44A1160FB
:10DB800007E0C349096841F4A021C14A116000E0DF
:10DB900000BF00BF704710B50146002200230020DF
:10DBA0004A11012A02D1BA4C236806E0022A02D1A6
:10DBB000B74C236A01E0B64C636A01F01F020124EE
:10DBC00094401C400CB1012000E0002010BD38B58D
:10DBD000002000900024002500BF3120FFF7DBFF6C
:10DBE00005460098401C00900098B0F5A06F01D049
:10DBF000002DF2D03120FFF7CEFF08B1012400E064
:10DC00000024204638BD01460020A14A106820F0BB
:10DC1000F80040EAC10010607047A04908607047F2
:10DC2000024600209A4B586820F47C1042EA010317
:10DC30001843974B586070479849086670470146EB
:10DC40000020934A506820F003000843506070475A
:10DC50008F48406800F00C007047014600208C4A55
:10DC6000506820F0F00008435060704701460020E3
:10DC7000874A506820F4E0600843506070470146CE
:10DC80000020834A506820F4605040EAC100506090
:10DC9000704729B17E4A527A02437D4B5A7204E0A2
:10DCA0007B4A527A82437A4B5A7270477B49D83109
:10DCB0000860704701460020754A506820F44040D3
:10DCC0000843506070470021714A20321170704A39
:10DCD00082F82010012802D004280AD104E0012192
:10DCE0006B4A2032117005E00521694A203211701B
:10DCF00000E000BF00BF7047694908607047644991
:10DD0000096A0143624A11627047654944390860F3
:10DD1000704730B500210022002400235C4D6D685F
:10DD200005F00C0121B1042905D0082923D105E013
:10DD30005C4D056022E05B4D05601FE0544D6D6851
:10DD400005F47012524D6D6805F48034022505EB20
:10DD500092421CB9544D554305600BE04C4D6D6823
:10DD600005F400351DB1504D5543056002E04D4DA1
:10DD70005543056002E04B4D056000BF00BF444DB8
:10DD80006D6805F0F0010909484D6B5C0568DD40E0
:10DD900045603F4D6D6805F4E061090A434D6B5CD9
:10DDA0004568DD4085603A4D6D6805F46051C90AEB
:10DDB0003E4D6B5C4568DD40C560354D6D6805F4D2
:10DDC0004041890B3A4D6B5CC568B5FBF3F50561C5
:10DDD00030BD29B12E4A526902432D4B5A6104E0ED
:10DDE0002B4A526982432A4B5A61704729B1284A0B
:10DDF00092690243264B9A6104E0254A9269824364
:10DE0000234B9A61704729B1214AD2690243204BC2
:10DE1000DA6104E01E4AD26982431D4BDA61704721
:10DE200029B11B4AD2680243194BDA6004E0184A50
:10DE3000D2688243164BDA60704729B1144A1269DE
:10DE40000243134B1A6104E0114A12698243104BDA
:10DE50001A61704712494039086070470F49C86419
:10DE600070470B49C87170470948406A40F080709C
:10DE700007494862704701460020054A92680A40F7
:10DE80000AB1012000E00020704701498872704704
:10DE9000001002400000FFF8FFFFF6FE00004242C3
:10DEA0008004424200127A0000093D00A2040020D2
:10DEB000B204002010B50446BE48844208D10121B6
:10DEC0008014FFF7ADFF0021A014FFF7A9FF16E0B3
:10DED000B948844208D101210014FFF7AEFF0021A8
:10DEE0002014FFF7AAFF0AE0B448844207D10121B9
:10DEF000C013FFF7A2FF0021E013FFF79EFF10BD44
:10DF000010B50022028802F441520B884C8823434A
:10DF10008C882343CC8823430C8923434C89234397
:10DF20008C892343CC8923431A430280838B4FF28D
:10DF3000FF74234083830B8A038210BD2DE9F04FC9
:10DF400085B005460C464FF0000902274FF0000847
:10DF50004FF0010B0026B246A88B4FF2400108405B
:10DF6000A88302202884B5F81C90A068022801D15B
:10DF700000BF38E0A08810B94FF0010B01E04FF06E
:10DF8000020B8D48854200D100E000BF6846FFF7D4
:10DF9000C0FEDDF800A0E088B0F5007F0AD14FEAAE
:10DFA0001A2000EB80004000A168B0FBF1F0401D9A
:10DFB00086B20BE04FEA4B10BAFBF0F000EB8000AA
:10DFC0004000A168B0FBF1F0401D86B20A20B6FB0C
:10DFD000F0F606F00108A6EB0800C0F34F074FF675
:10DFE000FF7000EA0828022F01DBFF2F02DD022765
:10DFF0004FF00008E08840EA080038432884A088F1
:10E00000A1890843618808432188084340F40060DF
:10E0100040EA0909A5F81C9005B0BDE8F08F002181
:10E02000018041808180C180018141818181C181E4
:10E030000721018270470021018041808180C180D9
:10E040000221816000218181704721B1028842F064
:10E050004002028004E002884FF6BF731A4002803B
:10E06000704721B1828B42F48062828304E0828B0C
:10E070004FF6FF331A408283704730B500240023E7
:10E080000C110125A540ABB21AB185881D438580CE
:10E0900002E085889D43858030BD1AB183880B439B
:10E0A000838002E083888B4383807047818170473F
:10E0B0000146888970474FF6FF62914204D002887A
:10E0C00042F48072028004E002884FF6FF631A4037
:10E0D0000280704721B1828842F00402828004E00D
:10E0E00082884FF6FB731A408280704702884FF295
:10E0F000FF731A40028002880A4302807047018839
:10E1000041F480510180704721B1028842F40052ED
:10E11000028004E002884DF6FF731A4002807047C7
:10E1200002460020012901D0108B00E0908A704740
:10E130000146088A7047B1F5804F04D1028842F445
:10E140008042028004E002884BF6FF731A4002808E
:10E1500070470246002013890B400BB1012000E0FC
:10E1600000207047CA4302817047F0B50246002084
:10E1700000240023002501F00F070126BE40B4B2A1
:10E180000B1101269E40B3B2968806EA0305168954
:10E19000264016B10DB1012000E00020F0BD10B501
:10E1A000002201F00F040123A3409AB2D34303815C
:10E1B00010BD00000030014000380040003C00402D
:10E1C00029B1504A128802434E4B1A8004E04D4A4E
:10E1D000128882434B4B1A8070474A48001D0088C2
:10E1E00040F010004749091D088070474548001D50
:10E1F00000884FF6EF7108404249091D08807047BA
:10E20000002140481C300188001F008841EA00407E
:10E21000704700B50246FFF7E0FF100C394918318E
:10E220000880091D0A80FFF7E1FF00BD00B5024626
:10E23000FFF7D3FFC2F30340324908310880091DBC
:10E240000A80FFF7D3FF00BD00B50246FFF7C5FF08
:10E25000100C2C4920310880091D0A80FFF7C6FFE9
:10E2600000BD00202749103109880907080B2549FE
:10E27000143109880843704700BF2248001D0088F8
:10E2800000F020000028F8D070471E48001D0088CC
:10E290004FF6F77108401B49091D088000BF194857
:10E2A000001D008800F008000028F8D070470146E3
:10E2B0000020144A121D12880A400AB1012000E011
:10E2C000002070470F49091D098881430D4A121D1E
:10E2D00011807047014600200A4A121D12880A4028
:10E2E000D0B2084A12880A4012B108B1012000E0F9
:10E2F000002070470349091D09888143014A121D06
:10E30000118070470028004010B501210807FFF771
:10E3100094FD00214FF08050FFF78FFD10BD2A497A
:10E320000862704728490861704701460020274A63
:10E33000106820F0E0000843106070472249A031C7
:10E340000860704710B502460020204B186820F086
:10E350000300104318601E4B1B6843F004031C4C61
:10E360002360012901D130BF00E020BF184B1B689A
:10E3700023F00403164C236010BD1448006840F0DD
:10E380000400124908600846006840F00200086076
:10E390000F48006840F004000D49086000BF00BF4E
:10E3A00030BF704701460020084A52680A400AB14F
:10E3B000012000E0002070470449096841EA80011B
:10E3C000024A11607047000000000E4200700040D9
:10E3D00010ED00E010B50120FFF73CFD0020FFF735
:10E3E00039FD10BD2A49086070472949091F086096
:10E3F0007047274984310860704701460020254A4C
:10E4000010884FF67F4210400843224A1080704720
:10E41000014600201F4A10884FF6807210400843C2
:10E420001C4A1080704708B500220092194A2C3A05
:10E430000092009A02440092009A116008BD08B54B
:10E4400001460020009013482C38009000980844A2
:10E4500000900098008808BD0D489C300068C0B24C
:10E4600070470C480830008840F001000949083125
:10E47000088070470648A0300068C0B27047054861
:10E480000830008840F002000249083108807047D7
:10E4900004860D422C6C004010B50446FA488442B4
:10E4A00008D101214015FFF7BBFC00216015FFF7E3
:10E4B000B7FC17E0F548844208D101210015FFF7A9
:10E4C000AFFC00212015FFF7ABFC0BE0F0488442C5
:10E4D00008D10121C803FFF7A3FC00214FF400403D
:10E4E000FFF79EFC10BD30B50246002000235068A7
:10E4F000E84C20400D790C6844EA05242043506024
:10E500009068E54C2040D1E902542C434D7944EA0F
:10E51000450420439060D06A20F470000C7C641E97
:10E52000E4B2234340EA0350D06230BD00210160D1
:10E53000017141718160C16001210174704721B195
:10E54000826842F00102826003E0826822F00102E8
:10E550008260704721B1826842F48072826003E079
:10E56000826822F480728260704710B50023CBB2BB
:10E570001AB144681C43446002E044689C43446010
:10E5800010BD816841F0080181607047014600209C
:10E590008A6802F008020AB1012000E000207047FA
:10E5A000816841F0040181607047014600208A685B
:10E5B00002F004020AB1012000E00020704721B1FE
:10E5C000826842F4A002826003E0826822F4A00222
:10E5D00082607047014600208A6802F480020AB116
:10E5E000012000E00020704710B50A4600210023FA
:10E5F000416821F46041531E41EA4331416010BD3E
:10E6000021B1426842F40062426003E0426822F4B1
:10E61000006242607047F0B504460D4600200021BC
:10E62000092D11DDE068A5F10A0606EB460707266D
:10E6300006FA07F18843A5F10A0606EB460603FA37
:10E6400006F10843E0600CE0206905EB450707266A
:10E6500006FA07F1884305EB450603FA06F108437D
:10E660002061072A0FDA606B561E06EB86071F260D
:10E6700006FA07F18843561E06EB860605FA06F1F0
:10E680000843606322E00D2A0FDA206BD61F06EBE9
:10E6900086071F2606FA07F18843D61F06EB860673
:10E6A00005FA06F10843206310E0E06AA2F10D06C6
:10E6B00006EB86071F2606FA07F18843A2F10D062E
:10E6C00006EB860605FA06F10843E062F0BD21B1CB
:10E6D000826842F48012826003E0826822F4801231
:10E6E000826070470146C86C80B2704766484C3003
:10E6F0000068704721B1426842F48062426003E0E2
:10E70000426822F480624260704721B1426842F45C
:10E710008052426003E0426822F4805242607047B7
:10E720000A460021816821F4E0411143816070476D
:10E7300021B1826842F40042826003E0826822F4E0
:10E7400000428260704721B1826842F40212826006
:10E7500003E0826822F402128260704701460020C2
:10E760008A6802F400120AB1012000E0002070471C
:10E77000F0B504461546002000220026092911DDC7
:10E78000E068A1F10A0707EB470C072707FA0CF22C
:10E790009043A1F10A0707EB470703FA07F210437A
:10E7A000E0600CE0206901EB410C072707FA0CF24E
:10E7B000904301EB410703FA07F210432061A06B7D
:10E7C000C0F30156EF1C06F1010CA7EB0C0707EB99
:10E7D000870C1F2707FA0CF29043EF1C06F1010C7F
:10E7E000A7EB0C0707EB870701FA07F21043A063BA
:10E7F000F0BD10B50A4600210023816B21F44011C1
:10E80000531E41EA0351816310BD08B500230093F4
:10E810000090009B0B440093009B1A6008BD08B554
:10E82000024600200090009201F12800009B18444D
:10E8300000900098006880B208BD0A460021416837
:10E84000164B194011434160704741628262704724
:10E850000A460021416821F01F01114341607047C1
:10E8600040B109490831096841F40001064A0832FB
:10E87000116007E004490831096821F40001024AE7
:10E880000832116070470000002401400028014058
:10E89000003C0140FFFEF0FFFDF7F1FFFFFD3FFFF1
:10E8A0000246002013680B400BB1012000E000205D
:10E8B0007047CA430260704770B5024600200023CB
:10E8C00000240B125568CEB205EA060415681D40F7
:10E8D00015B10CB1012000E0002070BD00220A1229
:10E8E000D34303607047000001684FF6FE72114089
:10E8F00001600021016041608160C1608D498842F2
:10E9000008D18C490839496841F00F01894A083A11
:10E9100051608AE087491431884208D18549083915
:10E92000496841F0F001834A083A51607DE081492D
:10E930002831884208D17F490839496841F470611B
:10E940007C4A083A516070E07A493C31884208D1EB
:10E9500078490839496841F47041764A083A51606B
:10E9600063E074495031884208D1724908394968D6
:10E9700041F470216F4A083A516056E06D496431A4
:10E98000884208D16B490839496841F47001694AE5
:10E99000083A516049E067497831884208D16549B1
:10E9A0000839496841F07061624A083A51603CE0B8
:10E9B0006149884206D1011F096841F00F01021F19
:10E9C000116032E05C491431884208D15A49091F6C
:10E9D000096841F0F001584A121F116025E05649BC
:10E9E0002831884208D15449091F096841F47061EF
:10E9F000514A121F116018E04F493C31884208D13A
:10EA00004D49091F096841F470414B4A121F1160BA
:10EA10000BE049495031884207D14749091F09682D
:10EA200041F47021444A121F1160704710B5002252
:10EA3000026847F6F0739A430C6A8B6823430C69AB
:10EA400023434C6923438C692343CC6923434C6A99
:10EA500023438C6A23431A430260CB6843600B68EC
:10EA600083604B68C36010BD00210160416081601C
:10EA7000C160016141618161C16101624162816284
:10EA8000704721B1026842F00102026004E00268AE
:10EA90004FF6FE731A40026070471AB103680B43C9
:10EAA000036002E003688B43036070474160704776
:10EAB0000146486880B2704701460020002201F0FC
:10EAC00080531BB11C4B083B1A6802E0194B083BF2
:10EAD0001A6802EA01030BB1012000E00020704730
:10EAE00000F0805119B11449091F086002E0114972
:10EAF00008394860704701460020002201F0805329
:10EB00001BB10D4B083B1A6802E00A4B083B1A6820
:10EB100002EA01030BB1012000E00020704700F081
:10EB2000805119B10449091F086002E00149083900
:10EB30004860704708000240080402400146002077
:10EB4000FE4A106800F03800084310607047FB4927
:10EB5000096821F00801F94A11601146096801436A
:10EB600011607047F549096821F01001F34A1160FE
:10EB700011460968014311607047F148EF49486048
:10EB8000F04848607047EE48EC494860ED484860FE
:10EB90007047EA48006940F08000E8490861704722
:10EBA000E648006940F08000E449086170470420AD
:10EBB000E249C96801F0010109B101200EE0DF4915
:10EBC000C96801F0040109B1022007E0DB49C96806
:10EBD00001F0100109B1032000E00420704700B5E6
:10EBE00002460423FFF7E3FF034603E0FFF7DFFFDE
:10EBF0000346521E012B01D1002AF7D102B9052389
:10EC0000184600BD30B5044604254FF43020FFF708
:10EC1000E6FF0546042D17D1C848006940F0020000
:10EC2000C649086108464461006940F04000086137
:10EC30004FF43020FFF7D3FF0546C048006941F686
:10EC4000FD710840BD490861284630BD10B5042457
:10EC50004FF43020FFF7C3FF0446042C16D1B74809
:10EC6000006940F00400B54908610846006940F0B9
:10EC7000400008614FF43020FFF7B1FF0446AF4871
:10EC8000006941F6FB710840AC490861204610BD9F
:10EC900000B502460423FFF78AFF034603E0FFF7AF
:10ECA00086FF0346521E012B01D1002AF7D102B97B
:10ECB0000523184600BD10B504244FF43020FFF79B
:10ECC000E7FF0446042C16D19C48006940F004007C
:10ECD0009A4908610846006940F0400008614FF415
:10ECE0003020FFF7D5FF04469448006941F6FB71D8
:10ECF000084092490861204610BD00208F49C9692B
:10ED000001F0020109B1012000E00020704730B598
:10ED1000A5250424FFF7F1FF00B100254FF43020B2
:10ED2000FFF75DFF0446042C3AD18548834988608B
:10ED3000844888600846006940F020000861084661
:10ED4000006940F0400008614FF43020FFF747FFB2
:10ED50000446042C1BD17948006941F6DF71084054
:10ED6000764908610846006940F01000086176485D
:10ED70000580E002FFF733FF0446052C10D06F48F2
:10ED8000006941F6EF7108406C49086108E0052C04
:10ED900006D06A48006941F6EF710840674908618A
:10EDA000204630BD78B506460C460425002000906C
:10EDB000E802FFF714FF0546042D24D15F480069DF
:10EDC00040F001005D4908613480E802FFF707FF69
:10EDD0000546042D10D1B01C0090200C009908802D
:10EDE000E802FFF7FCFE05465448006941F6FE7153
:10EDF00008405249086106E05048006941F6FE713A
:10EE000008404E490861284678BD70B504460D4655
:10EE10000426F002FFF7E3FE0646042E11D1474810
:10EE2000006940F00100454908612580F002FFF7C4
:10EE3000D6FE06464148006941F6FE7108403F494A
:10EE40000861304670BD70B505460E460424E002E8
:10EE5000FFF7C5FE0446042C17D1394837498860AE
:10EE6000384888600846006940F0100008612E802C
:10EE7000E002FFF7B4FE0446052C06D02F480069D7
:10EE800041F6EF7108402D490861204670BD2DE91B
:10EE9000F04304464FF6FF763746B046B1460425A8
:10EEA000E443E6B2C4F30727C4F307484FEA146902
:10EEB000E802FFF794FE0546042D49D120481F497A
:10EEC0008860204888600846006940F010000861AA
:10EED000FF2E06D01C4808300680E802FFF77FFEB0
:10EEE0000546042D08D1FF2F06D017480A300780A9
:10EEF000E802FFF774FE0546042D0AD1B8F1FF0FB2
:10EF000007D011480C30A0F80080E802FFF767FE38
:10EF10000546042D0AD1B9F1FF0F07D00A480E307B
:10EF2000A0F80090E802FFF75AFE0546052D0FD025
:10EF30000248006941F6EF71084007E000200240F6
:10EF400023016745AB89EFCD00F8FF1F66490861D3
:10EF50002846BDE8F08330B5054604244FF4302040
:10EF6000FFF73DFE0446042C41D160485E498860AD
:10EF70005F4888600846006940F020000861084644
:10EF8000006940F0400008614FF43020FFF727FE91
:10EF90000446042C22D15448006941F6DF71084030
:10EFA000514908610846006940F0100008611DB130
:10EFB00000205049088002E0A5204E4908804FF407
:10EFC0003020FFF70CFE0446052C10D0464800699F
:10EFD00041F6EF7108404449086108E0052C06D06D
:10EFE0004148006941F6DF7108403F490861204609
:10EFF00030BDF0B505460E46174604243B483A4955
:10F0000088603B488860E002FFF7E9FD0446042C75
:10F0100019D13548006940F010003349086147F0C4
:10F02000F800304328433349891C0880E002FFF789
:10F03000D6FD0446052C06D02B48006941F6EF7139
:10F040000840294908612046F0BD2748C06980086A
:10F0500070472548006A704700202349096801F07D
:10F06000200109B1012000E00020704729B11E4AAB
:10F07000126902431C4B1A6104E01B4A1269824365
:10F08000194B1A61704701460020012908D1164A20
:10F09000D26902F001020AB1012008E0002006E076
:10F0A000114AD2680A400AB1012000E000207047EE
:10F0B0000D49C860704704200B49C96801F001017F
:10F0C00009B101200EE00849C96801F0040109B145
:10F0D000022007E00449C96801F0100109B10320CA
:10F0E00000E0042070470000002002402301674533
:10F0F000AB89EFCD00F8FF1F40EA01039B0703D067
:10F1000009E008C9121F08C0042AFAD203E011F866
:10F11000013B00F8013B521EF9D27047D2B201E028
:10F1200000F8012B491EFBD270470022F6E710B50C
:10F1300013460A4604461946FFF7F0FF204610BD65
:10F1400010B5044604E00B7800F8013B03B1491CFC
:10F15000521EF8D2204610BDCAB2401E10F8011F40
:10F160008A4202D00029F9D100207047421C10F8D1
:10F17000011B0029FBD1801A704710B5002200E066
:10F18000521C835C8C5CA34201D1002BF8D1D8B215
:10F19000E1B2401A10BD30B505460020034600E03C
:10F1A0005B1C934205D2EC5CC85C201A01D1002C98
:10F1B000F6D130BD2DE9F0410E460546002400E0B1
:10F1C000641C285D00F07CFA0746305D00F078FA98
:10F1D000381A02D1295D0029F2D1BDE8F081F0B4DE
:10F1E00080EA0102D40F4200B2EB410F02D2024684
:10F1F000084611464A0042D0C30DDDB2C1F3C752E2
:10F20000AD1A202D35DAC1F3160141F4000204B124
:10F210005242C5F1200602FA06F12A411044B3EB2E
:10F22000D05F23D0C4B1012DA0EBC35009DCF0BCEA
:10F230004FF0004202EAC352DBB200F5000000F0DA
:10F240004EBA400000F1807000EBC350A0F1807016
:10F2500040EAD170490009E0490841EAC071A0EBD9
:10F26000C35000F50000400800EBC350F0BC00F0B4
:10F270002DBA6142012202EB4101001BF6E7F0BC0E
:10F28000704781F00041AAE780F00040A7E780EADC
:10F29000010210B502F00043400022D04A001FD006
:10F2A000010E01EB1261C0F35600C2F3560240F4A6
:10F2B000000042F40002A0FB022000047F39140485
:10F2C00000D0401C50EA124001D44000491EC2B296
:10F2D0000C0604EBD010401C4008802A02D003E04A
:10F2E000002010BD20F00100002900DA00201843A2
:10F2F00010BD30B480EA010202F0004530F0004257
:10F3000021F0004013D090B1C30DD40DC2F316010B
:10F31000C0F31600E41A41F4000140F400027D3409
:10F32000914201D3641C00E04900002C02DA30BC99
:10F33000002070474FF400000023914201D3891A46
:10F34000034340084FEA4101F7D151B1914202D144
:10F350004FF0004105E002D24FF0010101E06FF0F3
:10F36000010103EBC450284430BC00F0AFB92DE9D3
:10F37000FE4F804681EA0300C00F0C46009021F04A
:10F38000004123F00045B8EB0200A94105D24046F8
:10F39000214690461C460B46024623F0004010438F
:10F3A00047D0270DC7F30A00C3F30A510290401A51
:10F3B000019040286BDAC3F3130040F4801B0098DF
:10F3C000924620B10023D2EB030A63EB0B0B0198AA
:10F3D0005946C0F14002504600F051F906460D462C
:10F3E00050465946019A00F059F910EB0800614166
:10F3F000002487EA115284EAE7731A4340D0009A46
:10F4000062B3019A012A4FEA075215DC001B61EB37
:10F4100002014FF0004202EA0752CDE90042001C0F
:10F4200041F5801132462B4600F096F903B0BDE855
:10F43000F08F40462146F9E7001B61EB0201001CFA
:10F4400041F5801300185B412018A2F5001747EB27
:10F45000030140EAD570B6196D4111E06D084FEA1D
:10F46000360645EAC0754FEA0752001B61EB020100
:10F47000001C41F5801149084FEA30000019514144
:10F4800032462B4603B0BDE8F04F00F056B9009865
:10F49000012240000023D0EB020263EBE0730098EE
:10F4A00021464FEAE074B8EB000061EB0401E9E7A4
:10F4B00083F000435BE781F0004158E7C10F80EA29
:10F4C000E0700844CA079623002100F008B996238B
:10F4D0000022114600F003B900F0004220F0004085
:10F4E000C10DC0F3160040F400007F2901DA0020AE
:10F4F0007047962903DCC1F19601C84001E09639B6
:10F500008840002AF4D04042704700F0004230F0BA
:10F5100000400AD0C10D01F56071C0F3160042EA47
:10F520000151C2084007114370470020014670474F
:10F5300030B5041E71F1000404DB4FF0004440427A
:10F5400064EB0101141E73F1000405DB1C464FF04F
:10F550000043524263EB04038B4208BF824230BD3A
:10F5600030B5041E71F1000404DB4FF0004440424A
:10F5700064EB0101141E73F1000405DB1C464FF01F
:10F580000043524263EB0403994208BF904230BDEE
:10F5900001F0004330B421F0004150EA010206D0EE
:10F5A0000A0DA2F56072C1F31301002A02DC30BC1F
:10F5B00000207047440F44EAC104C100E01830BC89
:10F5C00000EBC25000F082B8002801DBC0F100401F
:10F5D000002901DBC1F1004181427047002801DBB5
:10F5E000C0F10040002901DBC1F1004188427047B1
:10F5F00030B50B46014600202022012409E021FA03
:10F6000002F59D4205D303FA02F5491B04FA02F5FF
:10F610002844151EA2F10102F1DC30BD2DE9F05F96
:10F620000546002092469B46884606468146402471
:10F630001BE0284641464746224600F0E7F953467C
:10F640005A46C01A914110D311461846224600F07E
:10F6500016F82D1A67EB01084F46224601200021BB
:10F6600000F00DF817EB00094E41201EA4F1010433
:10F67000DFDC484631462A464346BDE8F09F202A53
:10F6800004DB203A00FA02F1002070479140C2F1F9
:10F69000200320FA03F3194390407047202A06DB29
:10F6A000CB17203A41FA02F043EAE07306E041FA50
:10F6B00002F3D040C2F1200291400843194670473E
:10F6C000A0F14101192900D8203070470029A8BFB6
:10F6D0007047401C490008BF20F00100704710B47B
:10F6E000B0FA80FC00FA0CF050EA010404BF10BC30
:10F6F000704749B1CCF1200421FA04F411FA0CF15D
:10F7000018BF012121430843A3EB0C01CB1D4FEA95
:10F7100000614FEA102042BF002010BC704700EB90
:10F72000C35010440029A4BF10BC7047401C4900BE
:10F7300008BF20F0010010BC704710B5141E73F113
:10F74000000408DA401C41F1000192185B411A43A1
:10F7500001D120F0010010BD2DE9F04D92469B46ED
:10F7600011B1B1FA81F202E0B0FA80F22032904693
:10F77000FFF785FF04460F4640EA0A0041EA0B0105
:10F7800053465A46084313D0114653EA010019D094
:10F79000C8F14002504600F039F905460E46504681
:10F7A00059464246FFF76BFF084305D0012004E0AD
:10F7B00020463946BDE8F08D0020054346EAE07654
:10F7C0002C4337430A986305E40AA0EB08000022A3
:10F7D000FD0A44EA47540A3002D500200146E9E711
:10F7E000010510196941DDE9084500196941BDE8C5
:10F7F000F04DA2E72DE9FE4F81EA030404F0004436
:10F8000021F0004100944FF0000B23F0004350EA38
:10F8100001045ED052EA03045BD0C3F30A54C1F37F
:10F820000A552C44A4F2F3340194A0FB0254C1F312
:10F83000130141F48011C3F3130343F4801301FB5C
:10F84000024400FB034E840A970A44EA815447EAC3
:10F850008357A4FB076802958D0A05FB07854FEACD
:10F86000932C04FB0C542705029D4FEA065847EAE7
:10F870001637B5EB08056EEB070C870E920E47EABC
:10F88000811742EA8312A7FB0201B6EB0B0164EB7E
:10F8900000042B0D43EA0C335E1844EB1C50DA468F
:10F8A0005146E7FB0201C5F313044FEA0B3343EA69
:10F8B00014534FEA0432019C43EA0603A4F10C04FA
:10F8C0000294009CCDE900B4FFF746FF03B0BDE809
:10F8D000F08F00200146F9E72DE9F04D81EA03049D
:10F8E00004F0004B21F0004514464FF0000A23F0CD
:10F8F000004150EA050220D054EA01021DD0C5F3B0
:10F900000A570246C5F31303C1F31300C1F30A56A5
:10F9100040F4801543F48013A7EB0608101BD6466D
:10F9200008F2FD3873EB050002D308F1010801E08D
:10F9300092185B41B8F1000F03DA00200146BDE8E0
:10F94000F08D00204FF48011064684460EE0171B10
:10F9500073EB050705D3121B63EB050306434CEA63
:10F96000010C49084FEA300092185B4150EA010748
:10F97000EDD152EA030012D082EA040083EA0501C5
:10F98000084305D0101BAB4106D20122002306E03C
:10F9900000224FF0004302E06FF0010253101AEB17
:10F9A00006004CEB085110EB0A0041EB0B01BDE8DF
:10F9B000F04DFFF7C2BEC1F30A52C1F3130140F28A
:10F9C000FF3341F480119A4202DA00200146704769
:10F9D00040F233439A42A2F2334202DC524200F038
:10F9E00015B8FFF74CBE0000064C074D06E0E06876
:10F9F00040F0010394E8070098471034AC42F6D376
:10FA0000F0F79AFB7C0002089C000208202A04DB25
:10FA1000203A21FA02F00021704721FA02F3D04087
:10FA2000C2F12002914008431946704770B58C1806
:10FA300010F8015B15F0070301D110F8013B2A1102
:10FA400006D110F8012B03E010F8016B01F8016BEF
:10FA50005B1EF9D12B0705D40023521E0DD401F8EB
:10FA6000013BFAE710F8013BCB1A921C03E013F8B4
:10FA7000015B01F8015B521EF9D5A142D8D30020E9
:10FA800070BD00000FB4054B10B503A9044A0298DD
:10FA900000F0EEF810BC5DF814FB000091B7000810
:10FAA000B80400200FB4084B10B504A902AA0398AB
:10FAB00000F0DEF8044602A9002000F05CFC2046BD
:10FAC00010BC5DF814FB00007703010802E008C8D1
:10FAD000121F08C1002AFAD170477047002001E0C8
:10FAE00001C1121F002AFBD1704700002DE9FF5F02
:10FAF00082B00021DDE90430020DDDF840B003439F
:10FB000018D044F61050A2F2FF3242431514119857
:10FB100001281FD0A5EB0B00401C5FEA000A4FF044
:10FB200000064E4FDFF83891B046504615D5CAF161
:10FB3000000413E0119801244AA3012801D16FEABF
:10FB40000B010298119AC0E90031C0E9024206B0E7
:10FB5000BDE8F09FCBF10000DFE704460021404AFA
:10FB6000491842EB0450CDE9001012E0E00707D03D
:10FB700032463B4640464946FFF73CFE80468946B2
:10FB800032463B4610461946FFF734FE06460F46FE
:10FB90006410002CEAD1DDE90401DDE90023BAF1AB
:10FBA000000F06DAFFF726FE42464B46FFF722FE1D
:10FBB00005E0FFF791FE42464B46FFF78DFE0446F7
:10FBC0000E460022284BFFF7CBFC03D84FF0FF3046
:10FBD000014607E00022254B20463146FFF7C7FBD0
:10FBE000FFF7E9FE102409E0002C0ADB0A220023BB
:10FBF000FFF714FD039B30321A55641E50EA0102D0
:10FC0000F2D1641C039AC4F111031444119A012A1D
:10FC100003D0012208430DD10AE0084304D000209C
:10FC20004FF0110B119072E7A3EB0B056D1E0DE069
:10FC30005B4504DD4FF0000205F1010504E003DA45
:10FC40004FF00002A5F10105002AECD002981199AD
:10FC5000C0E90231C0E9004579E700000000144026
:10FC60000000F03F300000000000F0430000E03FE3
:10FC70002DE9FF4F95B09A46884606460025EEE1ED
:10FC8000252877D100242746F94A0121039400E072
:10FC9000044316F8013F203B01FA03F01042F7D16C
:10FCA00030782A2811D06FF02F033078A0F130027D
:10FCB000092A16D8039A44F0020402EB820203EBED
:10FCC00042021044761C0390EFE758F8042B03928D
:10FCD000002A03DA504244F40054039044F0020432
:10FCE000761C30782E2816D116F8010F44F0040443
:10FCF0002A280DD06FF02F023078A0F13003092BA5
:10FD000009D807EB870302EB4303C718761CF3E718
:10FD100058F8047B761C30786C280FD006DC4C2811
:10FD200017D068280DD06A2814D104E0742810D0A8
:10FD30007A280FD10DE044F400140AE044F4801452
:10FD400001E044F440147278824202D104F5801438
:10FD5000761C761C307866280BD013DC582877D0B8
:10FD600009DC002875D04528F6D04628F4D047286D
:10FD70001AD193E118E0632835D0642879D065283A
:10FD800012D18BE1702873D008DC6728F1D0692884
:10FD90006FD06E280DD06F2806D1ACE073282CD020
:10FDA000752874D0782853D05246179990476D1C07
:10FDB00054E1C4F30250022809D003280DD0D8F82A
:10FDC000001004280DD00D6008F1040846E1D8F8B1
:10FDD0000010EA17C1E90052F6E7D8F800100D80CC
:10FDE000F2E70D70F0E718F8041B8DF80010002002
:10FDF0008DF80100EB46012003E058F804BB4FF0FA
:10FE0000FF3061074FF0000102D40DE009F101015C
:10FE10008946B9420FDA8145F8DB1BF80910002941
:10FE2000F4D108E009F1010189468142FADB1BF8AF
:10FE300009100029F6D103985346A0EB0907214683
:10FE40003846179A00F080FA284400EB090507E0CD
:10FE500044E008E10DE01BF8010B5246179990476A
:10FE6000B9F10109F7D2534621463846179AF2E014
:10FE700039E00A21C4F302524FF0000B0091022A2C
:10FE800006D058F8040BC117032A09D00AE023E072
:10FE900008F1070020F00702F2E80201904605E0B1
:10FEA00000B2C117042A01D140B2C117002906DAF5
:10FEB0000A460021404261EB02012D2202E02205A8
:10FEC00004D52B228DF80420012203E0E20701D0A3
:10FED0002022F7E7914657E00A2100E010214FF079
:10FEE000000B00910BE010214FF0000B44F00404D4
:10FEF0000827009103E008204FF0000B0090C4F3A6
:10FF00000252022A05D058F8040B0021032A08D017
:10FF100008E008F1070020F00702F2E8020190462D
:10FF200003E080B2042A00D1C0B24FF000092207DA
:10FF30002AD53278702A07D0DDF800C08CF0100C7A
:10FF40005CEA0B0C05D00EE040228DF80420012263
:10FF500008E050EA010306D030238DF804308DF814
:10FF6000052002229146009B83F0080353EA0B030D
:10FF70000AD150EA010201D1620705D530228DF87D
:10FF800004204FF001097F1E3278582A04D039A28C
:10FF90000C920CAA02920BE03BA2F9E75B46009A96
:10FFA000FFF73CFB0C9B9B5C029A521E0292137063
:10FFB00050EA0102F2D1029804A9081A00F1200BBC
:10FFC000600702D524F4803400E001275F4502DD9C
:10FFD000A7EB0B0000E0002000EB0B010090039862
:10FFE0004944401A0390E00306D453462146179A29
:10FFF000039800F0A9F90544002706E001A852463D
:020000040801F1
:10000000C05D179990476D1C7F1C4F45F6DBE003E0
:100010000CD553462146179A039800F095F90544EC
:1000200004E030205246179990476D1C0099481EF5
:1000300000900029F5DC08E0029802995246007809
:10004000491C0291179990476D1CBBF10001ABF15F
:10005000010BF1DC5BE100F065F90544761C3078BA
:1000600000287FF40DAE19B02846BDE8F08F0000DF
:10007000092801003031323334353637383961627E
:100080006364656600000000303132333435363742
:10009000383941424344454600000000600700D41F
:1000A000062708F1070020F00700F0E80223804649
:1000B00003F0004C5FEA0C0001D097A009E0200596
:1000C00001D596A005E0E00701D095A001E0AFF2D0
:1000D0004C001390307823F0004365280CD006DCE8
:1000E000452809D046281DD047287FD13BE0662807
:1000F00018D067287AD136E00021112F01DB1120BA
:1001000000E0781CCDE9000104A90CA8FFF7EEFC83
:10011000DDE90D010C9A4FF0000B07F10109109277
:1001200000914EE04FF000400097CDE9011004A986
:100130000CA8FFF7DBFCDDE90D020C9B0F994FF0DB
:10014000000B91461093009211B9791C00EB010944
:10015000B7EB090003D4C0F1FF3B07F10109A9EB9C
:100160000700019042E0012F00DA01270021112F42
:1001700001DD112000E03846CDE9000104A90CA8FA
:10018000FFF7B4FCDDE90D010C9A00914FF0000B74
:10019000B946109221070FD4009A4A4503DA9146D6
:1001A00001E0A9F10109B9F1010F05DD109AA9F1EA
:1001B0000101515C3029F4D0B84202DA10F1040F89
:1001C00003DA0121CDE9011010E0002803DC8344AB
:1001D000A9EB000102E0411C494500DD8946A0EB86
:1001E0000B00401C01904FF000400290200705D406
:1001F0000198484502DB4FF0FF30019000208DF858
:100200004B0002980DF14B07B0F1004F25D00220B2
:100210000C902B200D90029800280CDA404202909E
:100220002D200D9007E00A210298FFF7E1F9303107
:10023000029007F8011D0C99481E0C900029F2DC71
:1002400002980028EFD1791E0D980870307800F0E0
:10025000200040F0450007F8020D11A8C01BC01D8A
:1002600002901398007800B1012000EB0901019879
:1002700001EBE071029801440398401A401E03907C
:10028000E00306D453462146179A039800F05CF821
:1002900005441398007818B15246179990476D1C81
:1002A000E00323D553462146179A039800F04CF8F3
:1002B00005441BE0BBF1000F07DB0098584504DD47
:1002C0001098179910F80B0001E01799302052464A
:1002D000904701980BF1010B401E05F101050190BB
:1002E00004D12E205246179990476D1CB9F1000198
:1002F000A9F10109DEDC05E017F8010B5246179958
:1003000090476D1C0299481E02900029F4DC534668
:100310002146179A03989EE62D0000002B0000004E
:10032000200000002DE9F041044600251E46174636
:10033000880404D405E039462020B0476D1C641EB3
:10034000F9D52846BDE8F0812DE9F04104460025A5
:100350001E469046C80301D5302700E020278804B8
:1003600004D505E041463846B0476D1C641EF9D5FA
:100370002846BDE8F0810A68531C0B601070704776
:100380000000000000000000000000000000040465
:10039000040404040004000000140A0A0000000021
:1003A00000000000000014143F140A3F0A0A000075
:1003B00000041E1505060C14150F0400000012158C
:1003C0000D0A142C2A1200000000040A0A1E15153A
:1003D00009360000000202010000000000000000D9
:1003E000002010080808080808102000000204086F
:1003F000080808080804020000000004150E0E1585
:100400000400000000000404041F040404000000B1
:1004100000000000000000000002020100000000D7
:10042000001F0000000000000000000000000000AD
:100430000002000000100808080404020202010083
:1004400000000E1111111111110E00000000040620
:1004500004040404040E000000000E11110804023C
:10046000011F000000000E11100C1010110E0000F2
:100470000000080C0A0A091E0818000000001F01ED
:10048000010F1010110E000000000E09010F1111D4
:10049000110E000000001F090804040404040000F9
:1004A00000000E11110E1111110E000000000E11AE
:1004B00011111E10120E00000000000004000000C8
:1004C000000400000000000000040000000404001C
:1004D00000201008040204081020000000000000A2
:1004E0001F00001F00000000000204081020100878
:1004F0000402000000000E111108040400040000B2
:1005000000000E111915151D011E00000000040445
:100510000C0A0A1E1233000000000F12120E1212F3
:10052000120F000000001E1101010101110E000058
:1005300000000F1212121212120F000000001F1200
:100540000A0E0A02121F000000001F120A0E0A0201
:100550000207000000001C1201013911120C0000FA
:1005600000003312121E12121233000000001F048A
:1005700004040404041F000000003E0808080808E2
:1005800008090700000037120A060A0A123700009D
:100590000000070202020202223F000000001B1BB3
:1005A0001B1B15151515000000003B1216161A1A14
:1005B0001217000000000E1111111111110E000090
:1005C00000000F12120E02020207000000000E11BE
:1005D00011111117190E180000000F12120E0A1235
:1005E0001237000000001E1101060810110F000054
:1005F00000001F1504040404040E00000000331260
:1006000012121212120C000000003312120A0A0C0D
:100610000404000000001515150E0A0A0A0A00005D
:1006200000001B0A0A04040A0A1B000000001B0A3F
:100630000A040404040E000000001F090804040258
:10064000121F0000001C04040404040404041C0021
:10065000000202020404080808100000000E080846
:100660000808080808080E0000040A00000000003E
:100670000000000000000000000000000000003F3B
:100680000004000000000000000000000000000066
:10069000000C121C123C000000000302020E121299
:1006A000120E000000000000001C1202021C0000DC
:1006B00000001810101C1212123C00000000000074
:1006C000000C121E021C000000003804041E04046A
:1006D000041E000000000000003C120C021E221C40
:1006E00000000302020E1212123700000000040084
:1006F00000060404040E000000000800000C0808B6
:100700000808080700000302023A0A0E1237000028
:100710000000070404040404041F0000000000009B
:10072000000F15151515000000000000000F121233
:100730001237000000000000000C1212120C000022
:1007400000000000000F1212120E0207000000004D
:10075000001C1212121C103800000000001B0602C0
:100760000207000000000000001E020C101E000026
:1007700000000004040E040404180000000000003F
:10078000001B1212123C0000000000000037120A89
:100790000C040000000000000015150E0A0A0000FD
:1007A00000000000001B0A040A1B000000000000FB
:1007B0000037120A0C04040300000000001E0804A5
:1007C000041E00000018080808040808080818009B
:1007D00008080808080808080808080800060404AB
:1007E00004080404040406000225180000000000A8
:1007F00000000000000000000000000000000000F9
:1008000000000000000000080808080808080000B0
:100810001818000000486C241200000000000000BE
:10082000000000000000002424247F1212127F1216
:10083000121200000000081C2A2A0A0C1828282A74
:100840002A1C080800000022251515152A585454A2
:10085000542200000000000C1212120A7625291101
:10086000916E000000060604030000000000000076
:1008700000000000004020101008080808080810B8
:10088000102040000002040808101010101010087A
:10089000080402000000000008086B1C1C6B08081C
:1008A0000000000000000000080808087F08080891
:1008B0000800000000000000000000000000000030
:1008C000060604030000000000000000FE00000017
:1008D0000000000000000000000000000000000018
:1008E0000606000000008040402020101008080488
:1008F00004020200000000182442424242424242E6
:1009000024180000000000080E080808080808085D
:10091000083E00000000003C424242202010080433
:10092000427E00000000003C42422018204040422D
:10093000221C0000000000203028242422227E20D7
:10094000207800000000007E0202021A2640404289
:10095000221C0000000000382402021A26424242F3
:10096000241800000000007E222210100808080849
:10097000080800000000003C424242241824424281
:10098000423C0000000000182442424264584040AB
:10099000241C0000000000000000181800000000E7
:1009A000181800000000000000000008000000000F
:1009B0000008080400000040201008040204081089
:1009C000204000000000000000007F0000007F00C9
:1009D0000000000000000002040810204020100861
:1009E000040200000000003C42424640201010007B
:1009F000181800000000001C225A555555552D426C
:100A0000221C00000000000808181414243C224294
:100A100042E700000000001F2222221E2242424222
:100A2000221F00000000007C42420101010101423E
:100A3000221C00000000001F224242424242424269
:100A4000221F00000000003F4212121E121202423A
:100A5000423F00000000003F4212121E121202022A
:100A6000020700000000003C222201010171212246
:100A7000221C0000000000E7424242427E42424205
:100A800042E700000000003E0808080808080808BF
:100A9000083E00000000007C101010101010101014
:100AA0001010110F0000007722120A0E0A121222F3
:100AB0002277000000000007020202020202020286
:100AC000427F000000000077363636362A2A2A2A6E
:100AD0002A6B0000000000E346464A4A5252526226
:100AE000624700000000001C224141414141414158
:100AF000221C00000000003F424242423E0202022D
:100B0000020700000000001C2241414141414D53B9
:100B1000321C60000000003F4242423E121222227C
:100B200042C700000000007C4242020418204042FC
:100B3000423E00000000007F490808080808080835
:100B4000081C0000000000E742424242424242428A
:100B5000423C0000000000E7424222242414141802
:100B6000080800000000006B4949494955553622E4
:100B700022220000000000E7422424181818242430
:100B800042E7000000000077222214140808080839
:100B9000081C00000000007E212010100804044200
:100BA000423F0000007808080808080808080808FC
:100BB0000808780000000202040408080810102049
:100BC00020204040001E10101010101010101010A7
:100BD00010101E000038440000000000000000005B
:100BE0000000000000000000000000000000000005
:100BF000000000FF000608000000000000000000E8
:100C000000000000000000000000003C4278444268
:100C100042FC0000000000030202021A2642424287
:100C2000261A000000000000000000384402020202
:100C30004438000000000060404040784442424296
:100C400064D80000000000000000003C427E020268
:100C5000423C0000000000F08808087E08080808F0
:100C6000083E0000000000000000007C22221C0260
:100C70003C42423C000000030202023A4642424229
:100C800042E700000000000C0C00000E08080808F5
:100C9000083E0000000000303000003820202020F6
:100CA0002020221E0000000302020272120A161205
:100CB000227700000000000E08080808080808084D
:100CC000083E0000000000000000007F9292929217
:100CD00092B70000000000000000003B4642424284
:100CE00042E70000000000000000003C4242424297
:100CF000423C0000000000000000001B264242426F
:100D0000221E020700000000000000784442424218
:100D1000447840E000000000000000774C04040428
:100D2000041F0000000000000000007C42023C4064
:100D3000423E0000000000000008083E08080808C5
:100D40000830000000000000000000634242424200
:100D500062DC000000000000000000E742242414D0
:100D60000808000000000000000000EB494955554C
:100D7000222200000000000000000076241818184D
:100D8000246E000000000000000000E7422424144C
:100D900018080807000000000000007E2210080864
:100DA000447E000000C02020202020102020202091
:100DB0002020C00010101010101010101010101073
:100DC0001010101000060808080808100808080885
:100DD000080806000C32C2000000000000000000FD
:100DE00000000000C9EE000027FC140414A48110C8
:100DF00042084040104017FC2040E0E021502248CB
:100E00002C4620400040DBDA110411241124112467
:100E10001124FD24112411241124112411241D2432
:100E2000E124422402040404CAD0020001000000AC
:100E30007FFC0100010001003FF821082108210882
:100E400021082128211001000100C8AB000000008A
:100E5000018002400430180860061FF901000100FB
:100E600001003FF80100010001007FFEB6AF000065
:100E7000000000203E20007C002200227F22102261
:100E8000102212221222224223423D82009CB5E708
:100E90000000010001001FF0610C410441047FFCCF
:100EA0004104410441047FFC01000102010201FCF4
:100EB000D7D3000000003FF8001000600080010060
:100EC00000807FFE004000400020002000201840ED
:100ED0000780BCBC10201020102013FEFC20102026
:100EE000102015FC18843088D04810501020105065
:100EF00051882606CAF501000120011001107FFC6F
:100F00000380054005400920111021084104810299
:100F1000010001000100D3D002000200FFFE040026
:100F200004000FF0081018102FF0481088100FF070
:100F30000810081008500820CFDE00007BF84A088F
:100F4000520853F8620852084BF84A444A486A303B
:100F500052204210428843064200B9AB0080048010
:100F60000480084008401020201042088206040037
:100F70000440082010203FF010100000CBBE0000FD
:100F80003FF8000800087FE8000800081F88108864
:100F90001088108810881F88108800280010BBB6A1
:100FA00000800080FC8004FC050449082A401440AD
:100FB000104028A024A04510811002080404080253
:100FC000D3AD00002080133C122402240224F2241A
:100FD0001224122412B4132812201020282047FEB5
:100FE0000000C4FA0900090011FC32045448995069
:100FF000114812441444114010800200510451124F
:1010000090120FF0B4BF00000020102013FE20202B
:1010100026244A247A241224222423FC7C20002221
:1010200004227822003CC9AB0000000004000FF04D
:10103000102020207FFC20842084208420843FF8FE
:101040002000200220021FFECCEE00000000204005
:1010500023FE204079FC220423FC220423FC2204EA
:1010600023FC3A0465FA01980204B3E4000001008D
:1010700001007FFE02200410040808043FFC044223
:1010800004400440044208421042607EBED8000082
:101090000000207E3E804880488048FE48827F8253
:1010A00008820C8214FA12842280218040FED0CE65
:1010B000000000007F842208223022C02202220485
:1010C0007FC8223022C2220222042208223040405D
:1010D000BBAD000000007FFE00000FF011101110EA
:1010E000111051125FF25112511251124FF240027F
:1010F0007FFCD4B2000000007FFE47E24812481295
:1011000047E24FF250125012511251124292447261
:10111000580A3FFCCDBC000000003FFE440247F2ED
:101120004C225362408243625E1A41824062430213
:1011300040C240223FFCC6AC00000040204020409E
:1011400020403FFE2000200020003FE02010201023
:101150002010201040104010CFD4000000003FFCB1
:10116000200420043FFC200420041FF824441448D9
:10117000144814480C5004407FFECABE0000000012
:101180003FFC0000000000007FFE008008900888FF
:10119000108810842084208240820780B2CB000017
:1011A000002008207FFE002000783F88110808906A
:1011B00009207FFE018003400D30310C4002B5A5AF
:1011C00000000010081004203FF8210421043FFC17
:1011D000210421043FF801007FFE0100010001000D
:1011E000D6D000000100010001003FFC21042104D1
:1011F00021042104210421043FFC0100010001001D
:101200000100D3A20000000008207FFE0820092072
:1012100001003FF82108210821081FF401400220A5
:101220000C10700ECEC400000100010000803F7C55
:1012300008100810041004200220024001800180E0
:1012400002601C18E006D7DB00000000102011FE31
:101250002202220249FC5800300013FE252879247E
:1012600001240D24722202A2BACF000000000180E6
:1012700002400430180860061FF800001FF8200420
:1012800020042004200420041FF8C1C10000010034
:1012900001007FFE00003FF820083FF83FF84006BD
:1012A00047C24824082008221022603EB6C8000029
:1012B000000000803FFE44105FFC4410441043F0E7
:1012C00040005FF84408423041C04360BC1EB2E2B7
:1012D0000000000067C2145205520552C552255243
:1012E0000552055215521752228222424442483E6C
:1012F000CAD4000000002014101417FE00120010C1
:10130000601013F0109010901090149214EA1F0ABD
:101310000006B3CC0000000019FE72021202120295
:101320007DFC18001BFE3420502053FE102010209E
:10133000102013FED0F20000000000803FFE4000AD
:1013400047FC4208413040C05FFE404240424044BA
:10135000404840404440B5F70000000023FE122200
:1013600002FA0222E22212FE1272128A128A128AF1
:1013700016BA1A421202040EB9E20000010001047A
:1013800011080908091009207FFE044004400440A8
:101390000440084208421042607CB0E600000000B1
:1013A00048FE4900490049007EFE4182414479449B
:1013B000452845284510452846440382C8A8000012
:1013C0001000100013FC7D041104190418843488E3
:1013D0005048505010201050108813041402CBF9BC
:1013E000000000003F7C204020403E40227E2244FE
:1013F000224422443E8420842084408441044204C8
:10140000C6C100003FF8200820083FF82410222021
:101410002FF8222022203FFC22204220442084203A
:101420000820C4BB04407FFC04401FF010101FF0D4
:1014300010101FF00400FFFE11103FF8D1161150DC
:1014400011200100D0FD2080108010FE0100FE0060
:1014500021FC20243C2424A024A024BC24A024A0DB
:101460004560553E8A00D7AA202020202020FDFC80
:101470004020504093FEFC40108011FC1C04F0887A
:101480005050102010101010BFAA00007FFC082040
:101490000820082008200820FFFE08200820082037
:1014A00008201020102020204020D4B4000027FE67
:1014B0001420144085FC450445FC150415FC252426
:1014C000E42024A829242A2230A00040D2BA008097
:1014D000204017FE11208120423C424416641294A1
:1014E0002348E24822302220225022880306BEA749
:1014F0000FE0082008200FE0082008200FE000007F
:101500007EFC428442847EFC428442847EFC42848F
:10151000CDF800007FFC40044004421452944A5429
:10152000442444244A544A545294610440044014CC
:101530004008D5BE1020082008207E20003E042050
:101540004420442025FC290429040F04F10441040B
:1015500001FC0104B0B410401020102013FEFA0268
:10156000144410401BFE3088D088110810D0102081
:10157000105050882304BCFC201020103B7C211408
:1015800041FE7A14A27C2710F97C251025FE22103A
:101590002A10350028FE0000D0A310401020102093
:1015A00011FEFC00108831043A0254885088905093
:1015B00010501020105010881306D7BC0140412055
:1015C000212023FE022016201BFC1220222023FCB7
:1015D000E2202220222023FE22000200B4A52020A7
:1015E0002020782049FC91247D24552455247DFC1D
:1015F000552454207C28542457FE45028C00C3FEF9
:101600001110111017FC1110FC0013F8120817F834
:101610001A0833F8D04017FC10A011105208240605
:10162000C9EE0000000000001000000800080C7F58
:10163000FC04401001C8A002186042301832231880
:1016400012C30014030004030C047FF0080F800889
:101650000B4078136018332018631818831C190383
:1016600008180300000300000000DBDA000000009F
:10167000000004100C04180C04108C04108C0410CE
:101680008C04108C04D08C3F108C04108C04108CB3
:1016900004108C04108C04108C04108C05F08C0E3B
:1016A000208C78208C20408C00808C01000C020063
:1016B0000C000000CAD00000000000000030000054
:1016C000180000180800001C1FFFE0001800001898
:1016D0002007FFF004182004182004182004182004
:1016E00004182004182004182004182004182004CA
:1016F00018E0041840001800001800000000D6D0C0
:1017000000000000000000000000000000180000C1
:1017100018000018000018003FFFFE3018063018AF
:10172000063018063018063018063FFFFE3018063F
:101730000018000018000018000018000018000031
:101740000000000000000000CEC400000000000007
:10175000000000003800001C00000600FFFFFF062C
:1017600000300600300300600300600180C000C14B
:101770008000E300003600001C0000770003C1E099
:101780001E003C6000070000000000000000000098
:101790000000B2E2000000000000000000000000B5
:1017A00040000321FF33398333118333019B33C15D
:1017B0009B33719B33199B33019B33019B33119BEB
:1017C0003319B333303033306C0330C603638303D3
:1017D0002E01BE000000000000000000CAD400007E
:1017E000000000000000000000004000D83000CEE3
:1017F0001800C21C00C001FFFF0000C0F800C018A4
:1018000000C019FFC01818401818601918601B187C
:10181000611E18311C1FB139F01910000F000000B3
:10182000000000000000D7D6000000000006000005
:10183000000300000000C0000001C0C0000107C09C
:101840000001FF00021FFE0007F01C0007C070002F
:101850000F00E0000E03F0001C0FF0003C0F7000C2
:101860003C00E0001800C0000000C0000000C00004
:101870000000600000002000000037000001FF00B1
:10188000007FF80007F830001F8030000080300033
:1018900000C03000006060000018E000000FC000D1
:1018A0000006000000000000CCE500000000000081
:1018B0000000000000C0000000E0002001B800703F
:1018C0003FF80061FFC000C3030001C60600038C9F
:1018D000060003080C0006080C000E18183F1E1026
:1018E0001BF31F903F0700803C1C0190707C01900F
:1018F00060FE01A0C3F801A00FD803A00818036080
:1019000000180340001803C00018038000180300EB
:101910000018000000180000001000000030000057
:1019200000300000000000000000B2E200000000F3
:10193000000000000000000000000000020C100881
:10194000071FF80403BFF00201BC300303EC3003AF
:10195000015C600300D8600300D8600380986203D4
:1019600061B8430771B14306313243063376C3068B
:101970003A64C7063EECC0063E78C0063C304006DE
:101980007C70000678E060067BFFF006F7C000067A
:10199000E400000640000006000000060000007C95
:1019A00000008FF000007C0000000000CAD400009E
:1019B0000000000000000000000000003F000000E8
:1019C0007F8000000180000000C0000000C0000017
:1019D00000CE038000CFFFC000DD41800FFE000776
:1019E000FFFC000C00F000180FC03E19FF40F3117F
:1019F000BC6083307FE003B1FE200333802003709E
:101A00000030036000100360001807C0000C07C01E
:101A10000004078000020100000300000001000034
:101A200000000000000000000000000000000000B6
:101A30000007FFF801FFF8181FF81F03F81F60F8F0
:101A40001F7CF81F7CF81F7CF81F7CF8077CF801CE
:101A50007CF8181CF81F04F81F60F81F7CF81F7C26
:101A6000F81F7CF81F7CF8077C00017C00001C003C
:101A700000040000000000000000FF0003FFC0039E
:101A8000FFC00700E00700E00700E00700E00700F4
:101A9000E00000000FFFF01FFFF81FE7F81FC3F87A
:101AA0001FC3F81FC3F81FE7F81FE7F81FE7F81F69
:101AB000E7F81FFFF81FFFF80FFFF000000000001D
:101AC000000C18301E3C781C38703870E03870E01C
:101AD0003870E03C78F01C38701C38700E1C380EE2
:101AE0001C380E1C380E1C380E1C381C38703C7804
:101AF000F01830600000000000001FFFF81FFFF822
:101B00001FFFF80000000000001FFFF81FFFF81F74
:101B1000FFF81FFFF80000000000000000000000B8
:101B2000000000001FFFF81FFFF81FFFF81FFFF85D
:101B30000000000000000000000000000000001F86
:101B4000FFF81FFFF81FFFF81FFFF800000000005C
:101B5000001C00381C00381E00781E00781E00781B
:101B60001F00F81F00F81F81F81F81F81D81B81DA4
:101B7000C3B81CC3381CE7381C66381C7E381C3CB4
:101B8000381C3C381C18381C18381C18381C0038F5
:101B90001C00380000000000000000000007E01CEE
:101BA0000FF0221C382238182230001C3000003080
:101BB0000000300000300000300000300000300035
:101BC000003000003000003000003818001C3800E1
:101BD0000FF00007E000000000000000000000001F
:101BE000000000007E00307F00706180F060C1B0B6
:101BF00060C33060C23060C03060C0306180307F10
:101C000000307E00306000306000306000306000E6
:101C100030600030600030600030600030600030C4
:101C20000000000000000000000000007E00F07FC7
:101C300001F861830C60C60660C40660C00660C01F
:101C40000660C0046180087F00187E00306000607C
:101C50006000C06001806001806003006006006079
:101C600006006007FE6007FE0000000000000000A4
:101C7000000000007E00F07F01F861830C60C60662
:101C800060C00660C00660C00660C00661800E7F4E
:101C9000003C7E003C60000E6000066000066000B4
:101CA0000660040660060660030C6001F86000F040
:101CB0000000000000000000000000007E00087F1F
:101CC000000861801860C01060C03060C02060C033
:101CD0006060C0406180D87F00987E0198600118E4
:101CE0006003186002186007FC6007FC6000186061
:101CF00000186000186000180000000000000000DC
:101D0000000000007E07FC7F07FC61860060C600C3
:101D100060C60060C60060C6F060C7F861870C7FCF
:101D200000067E0006600006600006600006600097
:101D30000660040660060660070C6003F86001F0A8
:101D40000000000000000000000000007E00607F36
:101D500000606180C060C08060C18060C10060C3FD
:101D60000060C2006186F07F07F87E070C600606FF
:101D700060060660060660060660060660020660EB
:101D8000030C6001F86000F000000000000000009B
:101D9000000800000C0000FE7F0FFC7F0F08030C02
:101DA00000030C30030C48030CC8030C84030C0420
:101DB0001B0D02130C03230C01230C00C30C0003A6
:101DC0000C00030C01030CF3FF0FF7FF0F030000DF
:101DD0000100000000000000000000000000000002
:101DE0000000000FF000003FFC00007FFF0001FF3B
:101DF000FF8003FFFFC003FFFFE007F00FE007E0F5
:101E000007F00FC003F00F8001F01F8001F81F00E2
:101E100000F81F0000F81F0000F81F0000F81F0066
:101E200000F81F0000F81F0000F81F0000F81F0056
:101E300000F81F0000F81F0000F81F0000F81F0046
:101E400000F81F0000F81F0000F81F0000F81F0036
:101E500000F81F0000F81F0000F81F0000F81F0026
:101E600000F81F0000F81F0000F81F0000F81F0016
:101E700000F81F0000F81F0000F81F0000F81F0006
:101E800000F81F0000F81F0000F81F0000F81F00F6
:101E900000F81F0000F81F0000F81F0000F81F00E6
:101EA00000F81F0000F81F0000F80F8001F00F80FD
:101EB00001F00FC003F007E007E007F81FE003FFA1
:101EC000FFC001FFFF8000FFFF00003FFC00001F7C
:101ED000F80000000000000000000000000000000A
:101EE0000000000FF800003FF800007FF80000FF3E
:101EF000F80001FFF80003FFF80007F9F80007F108
:101F0000F80007E1F80007C1F8000781F8000701B1
:101F1000F8000601F8000401F8000001F8000001D3
:101F2000F8000001F8000001F8000001F8000001CD
:101F3000F8000001F8000001F8000001F8000001BD
:101F4000F8000001F8000001F8000001F8000001AD
:101F5000F8000001F8000001F8000001F80000019D
:101F6000F8000001F8000001F8000001F80000018D
:101F7000F8000001F8000001F8000001F80000017D
:101F8000F8000001F8000001F8000001F80000016D
:101F9000F8000001F8000001F8000001F80000015D
:101FA000F8000001F8000001F8000001F80000014D
:101FB000F8000001F8000001F8000001F80000013D
:101FC000F8000001F8000001F8000001F80000012D
:101FD000F800000000000000000000000000000009
:101FE0000000001FFC00007FFF0000FFFF8001FFDA
:101FF000FFC003FFFFE007FFFFE007F807F00FF067
:1020000003F00FE001F80FC001F81F8000F81F80F7
:1020100000F81F0000F81F0000F81F0000F81F0064
:1020200000F8000000F8000000F8000000F80000D0
:1020300000F8000001F8000001F0000003F00000CB
:1020400003E0000007E0000007C000000FC0000030
:102050000FC000001F8000003F0000003F00000094
:102060007E000000FE000000FC000001FC000001FA
:10207000F8000003F0000007E0000007E000000F98
:10208000C000000F8000001F8000001F0000003F04
:102090000000007E0000007E000000FC000000F850
:1020A000000001F8000003F0000003F0000007E06A
:1020B000000007C000000FC000000F8000001FFFDD
:1020C000FFF81FFFFFF81FFFFFF81FFFFFF81FFFBC
:1020D000FFF8000000000000000000000000000009
:1020E0000000001FFC00007FFF0000FFFF8001FFD9
:1020F000FFC003FFFFE007FFFFE007F807F00FF066
:1021000003F00FE001F80FC001F81F8000F81F80F6
:1021100000F81F0000F81F0000F81F0000F81F0063
:1021200000F8000000F8000000F8000000F80000CF
:1021300000F8000001F8000001F8000003F80000BA
:1021400003F0000007F000003FE00007FFC00007B9
:10215000FF800007FF000007FFC00007FFE000004E
:102160001FF0000007F0000003F8000001F8000075
:1021700000F80000007C0000007C0000007C0000F3
:10218000007C0000007C0000007C0000007C00005F
:10219000007C0000007C3E00007C3E00007C3E0095
:1021A000007C3F00007C3F0000FC1F8000FC1F8083
:1021B00001F80FC003F80FF007F807FFFFF003FF67
:1021C000FFE001FFFFC000FFFF80007FFF00001F56
:1021D000F800000000000000000000000000000007
:1021E00000000000F8000000F8000000F800000106
:1021F000F0000001F0000001F0000001E000000329
:10220000E0000003E0000003E0000007C00000075A
:10221000C0000007C000000F8000000F8000000F0A
:102220008000001F0000001F0000001F0000003E93
:102230000000003E0000003E0000007C0000007C2A
:102240000000007C000000F803C000F803C000F8A4
:1022500003C000F803C001F003C001F003C001F0A7
:1022600003C003E003C003E003C003E003C007C0F2
:1022700003C007C003C007C003C00F8003C00F80A6
:1022800003C00F8003C01F0003C01F0003C01F0056
:1022900003C01E0003C03E0003C03FFFFFFC3FFF22
:1022A000FFFC3FFFFFFC3FFFFFFC3FFFFFFC000088
:1022B00003C0000003C0000003C0000003C0000012
:1022C00003C0000003C0000003C0000003C0000002
:1022D00003C000000000000000000000000000003B
:1022E00000001FFFFFF01FFFFFF01FFFFFF01FFFA9
:1022F000FFF01FFFFFF01F0000001F0000001F0085
:1023000000001F0000001F0000001F0000001F0051
:1023100000001F0000001F0000001F0000001F0041
:1023200000001F0000001F0000001F07F0001F1F1B
:10233000FE001F3FFF001F3FFF801F7FFFC01FFFEA
:10234000FFE01FFC0FF01FF807F01FE003F81FC0AD
:1023500003F81FC001F81F8000FC1F0000FC0000F4
:1023600000FC0000007C0000007C0000007C0000FD
:10237000007C0000007C0000007C0000007C00006D
:10238000007C0000007C0000007C0000007C00005D
:10239000007C0000007C1F00007C1F00007C1F00F0
:1023A00000FC1F0000FC1F0000FC1F8001F81F80C4
:1023B00001F80FC003F80FE007F007F81FF007FF60
:1023C000FFF003FFFFE001FFFFC000FFFF80007F81
:1023D000FF00001FF80000000000000000000000E7
:1023E00000000000F8000001F8000001F000000308
:1023F000F0000003E0000003E0000007E000000739
:10240000C000000FC000000F8000001F8000001FF0
:102410008000001F0000003F0000003F0000003E61
:102420000000007C0000007C000000FC000000F8C0
:10243000000000F8000001F0000001F0000003E0DF
:10244000000003E7F80007DFFE0007FFFF0007FFBB
:10245000FF800FFFFFC00FFFFFE00FE00FE01FC086
:1024600007F01FC003F01F8003F01F0001F81F00DA
:1024700001F83F0000F83E0000F83E0000F83E0082
:1024800000F83E0000F83E0000F83E0000F83E0074
:1024900000F83E0000F83E0000F83E0000F83E0064
:1024A00000F81F0000F81F0001F81F8001F01F80D6
:1024B00001F00FC003E00FE007E007F81FE007FF9F
:1024C000FFC003FFFFC001FFFF8000FFFF00007F90
:1024D000FC00001FF00000000000000000000000F1
:1024E00000001FFFFFF81FFFFFF81FFFFFF81FFF8F
:1024F000FFF81FFFFFF81F0000F81F0000F81F0083
:1025000000F81F0000F81F0000F81F0001F01F0076
:1025100001F01F0001F01F0001F01F0003E01F0089
:1025200003E0000003E0000003E0000003E000001F
:1025300007E0000007C0000007C00000078000009F
:102540000F8000000F8000000F8000000F8000004F
:102550001F0000001F0000001F0000003F000000DF
:102560003F0000003E0000003E0000003E00000072
:102570007E0000007C0000007C0000007C00000069
:102580007C000000F8000000F8000000F8000000E7
:10259000F8000001F0000001F0000001F00000036D
:1025A000F0000003F0000003E0000003E00000037F
:1025B000E0000007E0000007C0000007C000000FB7
:1025C000C000000FC000000F8000001F8000001F2F
:1025D000800000000000000000000000000000007B
:1025E0000000003FF80000FFFF0001FFFF8003FF35
:1025F000FFC003FFFFE007F00FE00FC007F00FC0C0
:1026000001F00F8001F81F0000F81F0000F81F0004
:1026100000F81F0000F81F0000F81F0000F81F005E
:1026200000F81F0000F81F0000F81F0000F81F004E
:1026300000F81F0000F81F0000F80F8001F00F8065
:1026400001F007E003E007FFFFE003FFFFC003FF27
:10265000FF8001FFFF8001FFFF8003FFFFC007FF36
:10266000FFE00FF01FE00FC007F01F8001F01F0018
:1026700001F81F0000F83E0000FC3E00007C3E0018
:10268000007C3E00007C3E00007C3E00007C3E0062
:10269000007C3E00007C3E00007C3E00007C3E0052
:1026A000007C3F00007C3F0000FC1F8000FC1F807E
:1026B00001F80FC003F80FE007F007F81FE007FF6D
:1026C000FFC003FFFFC001FFFF8000FFFF00007F8E
:1026D000FC00001FF00000000000000000000000EF
:1026E0000000003FF80000FFFF0001FFFF8003FF34
:1026F000FFC003FFFFE007F81FE00FF007F00FE057
:1027000003F00FC003F81F8001F81F8001F81F00BD
:1027100000F81F0000F81F0000F81F0000F81F005D
:1027200000F81F0000F81F0000F81F0000F81F004D
:1027300000F81F0000F81F0000F81F0000F81F003D
:1027400001F80F8001F80F8003F80FC003F007E0D5
:1027500007F007F00FF003FFFFE003FFFFE001FFCA
:10276000FFE000FFFFE0007FFFC0001FFFC0000090
:102770000F8000000F8000001F8000001F0000007D
:102780001F0000003E0000003E0000007E00000030
:102790007C0000007C000000FC000000F80000014C
:1027A000F8000001F0000001F0000003E000000369
:1027B000E0000007E0000007C0000007C000000FB5
:1027C0008000001F8000001F8000001F0000003FED
:1027D0000000000000000000000007E01FF83FFCC0
:1027E000381C700E700E700E700E700E700E700E23
:1027F000700E700E700E700E700E700E700E700EE9
:10280000700E700E700E700E700E700E381C3FFC45
:102810001FF807E000000000000007C01FC03FC015
:102820003DC031C021C001C001C001C001C001C014
:1028300001C001C001C001C001C001C001C001C090
:1028400001C001C001C001C001C001C001C001C080
:1028500001C001C001C00000000007E01FF81FFC1C
:102860003C1C380E700E700E700E000E000E000E26
:10287000001C001C00380070007000E001C001C0A6
:102880000380038007000E001C001C00380070004D
:102890007FFE7FFE7FFE0000000007E01FF81FFCA8
:1028A0003C1C380E700E700E700E000E000E000EE6
:1028B000001C001C01F801F801FC001C000E000EB9
:1028C000000E000E000E700E700E700E380E3C1CC6
:1028D0001FFC1FF807E00000000000E000E001C05E
:1028E00001C001C0038003800380070007000700C8
:1028F0000E000E380E381C381C381C383838383862
:102900003838703870387FFE7FFE7FFE0038003820
:10291000003800380038000000003FFC3FFC3FFC5E
:1029200038003800380038003800380039E03FF807
:102930003FFC3E1C380E300E000E000E000E000E46
:10294000000E000E000E700E700E380E381E1FFCAA
:102950000FF807F000000000000000E000E001C0F8
:1029600001C003800380070007000E000E001C005A
:102970001C001FF03FF83FFC381C700E700E700EEC
:10298000700E700E700E700E700E700E700E381C81
:102990003FFC1FF807E0000000007FFE7FFE7FFE87
:1029A000700E700E700E701C701C001C001C001845
:1029B000003800380038007000700070007000E0CF
:1029C00000E000E000E001C001C001C001C00380E0
:1029D000038003800380000000000FF01FF83FFC1D
:1029E000381C700E700E700E700E700E700E380E59
:1029F000381C1C381FF80FF01FF8381C700E700EB2
:102A0000700E700E700E700E700E700E381C3C3C06
:102A10001FF80FF007E0000000000FF01FF83FFC68
:102A2000381C700E700E700E700E700E700E700EE0
:102A3000700E700E381E3FFE1FFC0FFC0038003871
:102A40000070007000E000E001C001C001C0038020
:102A500003800700070000000000000000000000E5
:102A600000001F003F80318060C060C060C060C057
:102A700060C060C031803F801F0000000000000087
:102A80000000000000000000000000000000000046
:102A900000001E003E00360006000600060006008C
:102AA0000600060006003FC03FC000000000000016
:102AB0000000000000000000000000000000000016
:102AC00000003E007F0043800180018003800700FA
:102AD0000E001C0038007F807F8000000000000096
:102AE00000000000000000000000000000000000E6
:102AF00000003F007FC040C000C01F801F8001C099
:102B000000C000C041C07F803F0000000000000006
:102B100000000000000000000000000000000000B5
:102B20000000078007800D801D801980398031806A
:102B300061807FE07FE001800180000000000000F4
:102B40000000000000000000000000000000000085
:102B500000007F807F80600060007F007F8041C038
:102B600000C000C041C07F803F00000000000000A6
:102B70000000000000000000000000000000000055
:102B800000000F003F80308060007F007F8071C0B8
:102B900060C060C031C03F801F0000000000000026
:102BA0000000000000000000000000000000000025
:102BB00000007FC07FC001C00180018003000300CE
:102BC000060006000C000C001C00000000000000C5
:102BD00000000000000000000000000000000000F5
:102BE00000003F807FC060C060C03F803F8071C0F8
:102BF00060C060C071C03F801F0000000000000086
:102C000000000000000000000000000000000000C4
:102C100000001F003F80718060C060C071C03FC075
:102C20001FC000C021803F801E0000000000000087
:102C30000000000000000000000000000000000094
:102C4000000000000FFFFFFC007FFFFC200FFFFCD7
:102C50003E007FFC3FC007FC3FC801FC3FCFC1FCEA
:102C60003FCFF1FC3FCFF1FC3FCFF1FC3FCFF1FC78
:102C70000FCFF1FC01CFF1FC200FF1FC3E01F1FC84
:102C80003FC031FC3FC801FC3FCF81FC3FCFF1FC8E
:102C90003FCFF1FC3FCFF1FC3FCFF1FC3FCFF1FC48
:102CA0003FCFF1FC03CFF000004FF0000001F00037
:102CB00000003000000000000000000000000000E4
:102CC00000000000007FFE0001FFFF8003FFFFC047
:102CD00003E007C0078003E0078001E0078001E010
:102CE000078001E0078001E0078001E000000000AC
:102CF0001FFFFFF83FFFFFFC3FFFFFFC3FFFFFFC14
:102D00003FFC3FFC3FF81FFC3FF81FFC3FFC3FFC33
:102D10003FFC3FFC3FFC3FFC3FFC3FFC3FFC3FFCDB
:102D20003FFE7FFC3FFFFFFC3FFFFFFC3FFFFFFC40
:102D30001FFFFFF80000000000000000000000007E
:102D4000000000000381C0E00783C1E00F87C3E0FB
:102D50000F0783C01E0F07801E0F07801E0F0780FE
:102D60001E0F07801E0F07800F0783C00F0783C049
:102D70000783C1E00381C0E003C1E0F001C0E0705F
:102D800001E0F07803E1F0F803C1E0F00783C1E06F
:102D90000F87C3E00F0783C00E0703800000000009
:102DA000000000003FFFFFFC3FFFFFFC3FFFFFFC78
:102DB0003FFFFFFC000000000000000000000000DA
:102DC000000000003FFFFFFC3FFFFFFC3FFFFFFC58
:102DD0003FFFFFFC000000000000000000000000BA
:102DE00000000000000000000000000000000000E3
:102DF000000000003FFFFFFC3FFFFFFC3FFFFFFC28
:102E00003FFFFFFC00000000000000000000000089
:102E100000000000000000000000000000000000B2
:102E2000000000003FFFFFFC3FFFFFFC3FFFFFFCF7
:102E30003FFFFFFC00000000000000000000000059
:102E4000000000003C00003C3E00007C3E00007C96
:102E50003F0000FC3F0000FC3F8001FC3F8001FC84
:102E60003FC003FC3DC003FC3DE007BC3CE0073C29
:102E70003CF00F3C3C700E3C3C781E3C3C381C3C0B
:102E80003C3C3C3C3C1C383C3C1E783C3C0E703C82
:102E90003C0FF03C3C07E03C3C07E03C3C03C03CC2
:102EA0003C03C03C3C01803C3C01803C3C00003C7D
:102EB0003C00003C00000000FFFFFFFF800000011D
:102EC00080000001800000018000000187E060199F
:102ED0008FF07019981878199818681998186C1943
:102EE00098186C1998186419981866199818661922
:102EF0009818621998186319981863199818611925
:102F0000981861999818619998186099981860D9DB
:102F1000981860D998186059981860798FF06039BE
:102F200087E060198000000180000001800000013E
:102F300080000001FFFFFFFFFFFFFFFF8000000197
:102F40008000000180000001800000018787F3F904
:102F50008FC7F3F998660301986603019866030129
:102F60009866030198660301986603019866030159
:102F70009867F3F99867F3F9986603019866030177
:102F80009866030198660301986603019866030139
:102F90009866030198660301986603018FC60301D2
:102FA000878603018000000180000001FFFFFFFF12
:102FB0000000000000000000382C0108B82C0108B7
:102FC000382D0108B82D0108382E0108000000072F
:102FD000FFF801FFF8181FF81F03F81F60F81F7CA7
:102FE000F81F7CF81F7CF81F7CF8077CF8017CF840
:102FF000181CF81F04F81F60F81F7CF81F7CF81FCE
:103000007CF81F7CF8077C00017C00001C00000499
:103010000000000000000000FF0003FFC003FFC02D
:103020000700E00700E00700E00700E00700E0001D
:1030300000000FFFF01FFFF81FE7F81FC3F81FC3C2
:10304000F81FC3F81FE7F81FE7F81FE7F81FE7F8B6
:103050001FFFF81FFFF80FFFF00000000000000C3A
:1030600018301E3C781C38703870E03870E03870CA
:10307000E03C78F01C38701C38700E1C380E1C3880
:103080000E1C380E1C380E1C381C38703C78F0189A
:1030900030600000000000001FFFF81FFFF81FFF56
:1030A000F80000000000001FFFF81FFFF81FFFF8E6
:1030B0001FFFF800000000000000000000000000FA
:1030C00000001FFFF81FFFF81FFFF81FFFF80000A8
:1030D000000000000000000000000000001FFFF8DA
:1030E0001FFFF81FFFF81FFFF80000000000001C82
:1030F00000381C00381E00781E00781E00781F0063
:10310000F81F00F81F81F81F81F81D81B81DC3B892
:103110001CC3381CE7381C66381C7E381C3C381C25
:103120003C381C18381C18381C18381C00381C0077
:10313000380000000000000000000007E01C0FF055
:10314000221C382238182230001C300000300000C9
:10315000300000300000300000300000300000304F
:1031600000003000003000003818001C38000FF05C
:103170000007E00000000000000000000000000068
:1031800000007E00307F00706180F060C1B060C3DD
:103190003060C23060C03060C0306180307F00304D
:1031A0007E003060003060003060003060003060D1
:1031B000003060003060003060003060003000009F
:1031C000000000000000000000007E00F07F01F819
:1031D00061830C60C60660C40660C00660C00660FD
:1031E000C0046180087F00187E00306000606000CD
:1031F000C06001806001806003006006006006001E
:103200006007FE6007FE00000000000000000000F4
:1032100000007E00F07F01F861830C60C60660C08C
:103220000660C00660C00660C00661800E7F003C7C
:103230007E003C60000E60000660000660000660D4
:10324000040660060660030C6001F86000F00000F0
:10325000000000000000000000007E00087F000861
:1032600061801860C01060C03060C02060C06060C5
:10327000C0406180D87F00987E019860011860038B
:10328000186002186007FC6007FC600018600018F6
:10329000600018600018000000000000000000003E
:1032A00000007E07FC7F07FC61860060C60060C6E8
:1032B0000060C60060C6F060C7F861870C7F00063A
:1032C0007E00066000066000066000066000066082
:1032D000040660060660070C6003F86001F0000059
:1032E000000000000000000000007E00607F006021
:1032F0006180C060C08060C18060C10060C3006048
:10330000C2006186F07F07F87E070C600606600643
:103310000660060660060660060660020660030C8C
:103320006001F86000F000000000000000000008EC
:1033300000000C0000FE7F0FFC7F0F08030C000351
:103340000C30030C48030CC8030C84030C041B0D45
:1033500002130C03230C01230C00C30C00030C000C
:10336000030C01030CF3FF0FF7FF0F030000010034
:1033700000000000FFFF8001840182018101808143
:10338000804180218041808181018201840180010E
:103390008001FFFF00000000307048F8498C330CBA
:1033A0000300030003000300030C018C00F800700D
:1033B00000000000FFFF8001800180018001A00566
:1033C00090098811842182418181800180018001DE
:1033D0008001FFFF0006000700130038007C00F8A2
:1033E00001F003E003C00380F800F80000000000D3
:1033F000FFFEFFFE07E00FF01818300C6006603685
:10340000607666E667C663866106300C381C1C3839
:103410000FF003C07FFEFFFFC003C003C003C30360
:10342000C603CFFFCFFFC603C303C003C003C0035F
:10343000FFFF7FFEFFFF800180018001800181810D
:103440008241842188119009A005800180018001BA
:103450008001FFFF07E00FF01818300C6006666669
:1034600067E663C663C667E66666300C381C1C38C0
:103470000FF003C0FFFF800183C187E18C319819F1
:10348000B00DB00DB00DB00D98198C3187E183C12E
:103490008001FFFFFFFF8001A005900988118421B2
:1034A0008241818181818241842188119009A00516
:1034B0008001FFFF000000003FFC3FFC3FFC3FFCA1
:1034C0003FFC3FFC3FFC3FFC3FFC3FFC3FFC3FFC24
:1034D0000000000038067C0CC618C630C6607CC0F0
:1034E0003980030006380C7C18C630C660C6407CA4
:1034F00000380000003C183C4291919D8181423C83
:10350000240000000000C3C3C3FFFFC3C3C30040C7
:10351000E74000000000183C3C3C180042E7FFFF79
:10352000FFFF0000000002060C1830606030180C2D
:103530000602000000000000000000000000000083
:10354000000FF000003FFC00007FFF0001FFFF8044
:1035500003FFFFC003FFFFE007F00FE007E007F005
:103560000FC003F00F8001F01F8001F81F0000F86A
:103570001F0000F81F0000F81F0000F81F0000F8EF
:103580001F0000F81F0000F81F0000F81F0000F8DF
:103590001F0000F81F0000F81F0000F81F0000F8CF
:1035A0001F0000F81F0000F81F0000F81F0000F8BF
:1035B0001F0000F81F0000F81F0000F81F0000F8AF
:1035C0001F0000F81F0000F81F0000F81F0000F89F
:1035D0001F0000F81F0000F81F0000F81F0000F88F
:1035E0001F0000F81F0000F81F0000F81F0000F87F
:1035F0001F0000F81F0000F81F0000F81F0000F86F
:103600001F0000F81F0000F80F8001F00F8001F08C
:103610000FC003F007E007E007F81FE003FFFFC05B
:1036200001FFFF8000FFFF00003FFC00001FF800CB
:10363000000000000000000000000000000000008A
:10364000000FF800003FF800007FF80000FFF800CE
:1036500001FFF80003FFF80007F9F80007F1F80090
:1036600007E1F80007C1F8000781F8000701F8003A
:103670000601F8000401F8000001F8000001F8005C
:103680000001F8000001F8000001F8000001F80056
:103690000001F8000001F8000001F8000001F80046
:1036A0000001F8000001F8000001F8000001F80036
:1036B0000001F8000001F8000001F8000001F80026
:1036C0000001F8000001F8000001F8000001F80016
:1036D0000001F8000001F8000001F8000001F80006
:1036E0000001F8000001F8000001F8000001F800F6
:1036F0000001F8000001F8000001F8000001F800E6
:103700000001F8000001F8000001F8000001F800D5
:103710000001F8000001F8000001F8000001F800C5
:103720000001F8000001F8000001F8000001F800B5
:103730000000000000000000000000000000000089
:10374000001FFC00007FFF0000FFFF8001FFFFC0A3
:1037500003FFFFE007FFFFE007F807F00FF003F0BB
:103760000FE001F80FC001F81F8000F81F8000F87B
:103770001F0000F81F0000F81F0000F81F0000F8ED
:10378000000000F8000000F8000000F8000000F859
:10379000000001F8000001F0000003F0000003E069
:1037A000000007E0000007C000000FC000000FC0CD
:1037B00000001F8000003F0000003F0000007E006E
:1037C0000000FE000000FC000001FC000001F80009
:1037D0000003F0000007E0000007E000000FC00059
:1037E000000F8000001F8000001F0000003F00004D
:1037F000007E0000007E000000FC000000F80000D9
:1038000001F8000003F0000003F0000007E00000F2
:1038100007C000000FC000000F8000001FFFFFF86E
:103820001FFFFFF81FFFFFF81FFFFFF81FFFFFF844
:103830000000000000000000000000000000000088
:10384000001FFC00007FFF0000FFFF8001FFFFC0A2
:1038500003FFFFE007FFFFE007F807F00FF003F0BA
:103860000FE001F80FC001F81F8000F81F8000F87A
:103870001F0000F81F0000F81F0000F81F0000F8EC
:10388000000000F8000000F8000000F8000000F858
:10389000000001F8000001F8000003F8000003F048
:1038A000000007F000003FE00007FFC00007FF80B6
:1038B0000007FF000007FFC00007FFE000001FF047
:1038C000000007F0000003F8000001F8000000F815
:1038D0000000007C0000007C0000007C0000007CF8
:1038E0000000007C0000007C0000007C0000007CE8
:1038F0000000007C3E00007C3E00007C3E00007C1E
:103900003F00007C3F0000FC1F8000FC1F8001F88E
:103910000FC003F80FF007F807FFFFF003FFFFE009
:1039200001FFFFC000FFFF80007FFF00001FF800C5
:103930000000000000000000000000000000000087
:103940000000F8000000F8000000F8000001F0009E
:103950000001F0000001F0000001E0000003E000C1
:103960000003E0000003E0000007C0000007C00003
:103970000007C000000F8000000F8000000F8000D3
:10398000001F0000001F0000001F0000003E00009C
:10399000003E0000003E0000007C0000007C0000B3
:1039A000007C000000F803C000F803C000F803C06A
:1039B00000F803C001F003C001F003C001F003C030
:1039C00003E003C003E003C003E003C007C003C07B
:1039D00007C003C007C003C00F8003C00F8003C02F
:1039E0000F8003C01F0003C01F0003C01F0003C0DF
:1039F0001E0003C03E0003C03FFFFFFC3FFFFFFC73
:103A00003FFFFFFC3FFFFFFC3FFFFFFC000003C048
:103A1000000003C0000003C0000003C0000003C09A
:103A2000000003C0000003C0000003C0000003C08A
:103A30000000000000000000000000000000000086
:103A40001FFFFFF01FFFFFF01FFFFFF01FFFFFF042
:103A50001FFFFFF01F0000001F0000001F000000FC
:103A60001F0000001F0000001F0000001F000000DA
:103A70001F0000001F0000001F0000001F000000CA
:103A80001F0000001F0000001F07F0001F1FFE00A6
:103A90001F3FFF001F3FFF801F7FFFC01FFFFFE092
:103AA0001FFC0FF01FF807F01FE003F81FC003F81A
:103AB0001FC001F81F8000FC1F0000FC000000FC7C
:103AC0000000007C0000007C0000007C0000007C06
:103AD0000000007C0000007C0000007C0000007CF6
:103AE0000000007C0000007C0000007C0000007CE6
:103AF0000000007C1F00007C1F00007C1F0000FCF9
:103B00001F0000FC1F0000FC1F8001F81F8001F84F
:103B10000FC003F80FE007F007F81FF007FFFFF0F2
:103B200003FFFFE001FFFFC000FFFF80007FFF00F9
:103B3000001FF8000000000000000000000000006E
:103B40000000F8000001F8000001F0000003F000A0
:103B50000003E0000003E0000007E0000007C000F1
:103B6000000FC000000F8000001F8000001F8000B9
:103B7000001F0000003F0000003F0000003E00006A
:103B8000007C0000007C000000FC000000F8000049
:103B900000F8000001F0000001F0000003E0000068
:103BA00003E7F80007DFFE0007FFFF0007FFFF80C5
:103BB0000FFFFFC00FFFFFE00FE00FE01FC007F097
:103BC0001FC003F01F8003F01F0001F81F0001F861
:103BD0003F0000F83E0000F83E0000F83E0000F80C
:103BE0003E0000F83E0000F83E0000F83E0000F8FD
:103BF0003E0000F83E0000F83E0000F83E0000F8ED
:103C00001F0000F81F0001F81F8001F01F8001F065
:103C10000FC003E00FE007E007F81FE007FFFFC059
:103C200003FFFFC001FFFF8000FFFF00007FFC00DB
:103C3000001FF00000000000000000000000000075
:103C40001FFFFFF81FFFFFF81FFFFFF81FFFFFF820
:103C50001FFFFFF81F0000F81F0000F81F0000F80A
:103C60001F0000F81F0000F81F0001F01F0001F006
:103C70001F0001F01F0001F01F0003E01F0003E020
:103C8000000003E0000003E0000003E0000007E0A4
:103C9000000007C0000007C00000078000000F8080
:103CA00000000F8000000F8000000F8000001F0048
:103CB00000001F0000001F0000003F0000003F0048
:103CC00000003E0000003E0000003E0000007E00BC
:103CD00000007C0000007C0000007C0000007C00F4
:103CE0000000F8000000F8000000F8000000F800F4
:103CF0000001F0000001F0000001F0000003F000FE
:103D00000003F0000003E0000003E0000003E00017
:103D10000007E0000007C0000007C000000FC0005F
:103D2000000FC000000F8000001F8000001F8000F7
:103D30000000000000000000000000000000000083
:103D4000003FF80000FFFF0001FFFF8003FFFFC0FE
:103D500003FFFFE007F00FE00FC007F00FC001F016
:103D60000F8001F81F0000F81F0000F81F0000F886
:103D70001F0000F81F0000F81F0000F81F0000F8E7
:103D80001F0000F81F0000F81F0000F81F0000F8D7
:103D90001F0000F81F0000F80F8001F00F8001F0F5
:103DA00007E003E007FFFFE003FFFFC003FFFF8022
:103DB00001FFFF8001FFFF8003FFFFC007FFFFE05F
:103DC0000FF01FE00FC007F01F8001F01F0001F887
:103DD0001F0000F83E0000FC3E00007C3E00007C1E
:103DE0003E00007C3E00007C3E00007C3E00007CEB
:103DF0003E00007C3E00007C3E00007C3E00007CDB
:103E00003F00007C3F0000FC1F8000FC1F8001F889
:103E10000FC003F80FE007F007F81FE007FFFFC02F
:103E200003FFFFC001FFFF8000FFFF00007FFC00D9
:103E3000001FF00000000000000000000000000073
:103E4000003FF80000FFFF0001FFFF8003FFFFC0FD
:103E500003FFFFE007F81FE00FF007F00FE003F0AB
:103E60000FC003F81F8001F81F8001F81F0000F841
:103E70001F0000F81F0000F81F0000F81F0000F8E6
:103E80001F0000F81F0000F81F0000F81F0000F8D6
:103E90001F0000F81F0000F81F0000F81F0001F8C5
:103EA0000F8001F80F8003F80FC003F007E007F060
:103EB00007F00FF003FFFFE003FFFFE001FFFFE06B
:103EC00000FFFFE0007FFFC0001FFFC000000F8069
:103ED00000000F8000001F8000001F0000001F0076
:103EE00000003E0000003E0000007E0000007C005C
:103EF00000007C000000FC000000F8000001F80059
:103F00000001F0000001F0000003E0000003E00009
:103F10000007E0000007C0000007C000000F80009D
:103F2000001F8000001F8000001F0000003F0000F5
:103F3000000000000000000007E01FF83FFC381CF4
:103F4000700E700E700E700E700E700E700E700E81
:103F5000700E700E700E700E700E700E700E700E71
:103F6000700E700E700E700E700E381C3FFC1FF835
:103F700007E000000000000007C01FC03FC03DC0B8
:103F800031C021C001C001C001C001C001C001C0D9
:103F900001C001C001C001C001C001C001C001C019
:103FA00001C001C001C001C001C001C001C001C009
:103FB00001C001C00000000007E01FF81FFC3C1C0E
:103FC000380E700E700E700E000E000E000E001CEB
:103FD000001C00380070007000E001C001C00380C8
:103FE000038007000E001C001C00380070007FFEDC
:103FF0007FFE7FFE0000000007E01FF81FFC3C1C56
:10400000380E700E700E700E000E000E000E001CAA
:10401000001C01F801F801FC001C000E000E000E4F
:10402000000E000E700E700E700E380E3C1C1FFC41
:104030001FF807E00000000000E000E001C001C040
:1040400001C00380038003800700070007000E0003
:104050000E380E381C381C381C3838383838383888
:10406000703870387FFE7FFE7FFE003800380038E1
:1040700000380038000000003FFC3FFC3FFC3800E7
:104080003800380038003800380039E03FF83FFC8D
:104090003E1C380E300E000E000E000E000E000EFC
:1040A000000E000E700E700E380E381E1FFC0FF83A
:1040B00007F000000000000000E000E001C001C0C7
:1040C00003800380070007000E000E001C001C0088
:1040D0001FF03FF83FFC381C700E700E700E700E13
:1040E000700E700E700E700E700E700E381C3FFC4D
:1040F0001FF807E0000000007FFE7FFE7FFE700ECD
:10410000700E700E701C701C001C001C0018003813
:1041100000380038007000700070007000E000E0AF
:1041200000E000E001C001C001C001C003800380C5
:1041300003800380000000000FF01FF83FFC381CD4
:10414000700E700E700E700E700E700E380E381CE1
:104150001C381FF80FF01FF8381C700E700E700E10
:10416000700E700E700E700E700E381C3C3C1FF8F6
:104170000FF007E0000000000FF01FF83FFC381CB4
:10418000700E700E700E700E700E700E700E700E3F
:10419000700E381E3FFE1FFC0FFC00380038007008
:1041A000007000E000E001C001C001C00380038096
:1041B00007000700000000000000000000000000F1
:1041C0001F003F80318060C060C060C060C060C0C0
:1041D00060C031803F801F00000000000000000030
:1041E00000000000000000000000000000000000CF
:1041F0001E003E003600060006000600060006000F
:10420000060006003FC03FC00000000000000000A4
:10421000000000000000000000000000000000009E
:104220003E007F00438001800180038007000E0074
:104230001C0038007F807F8000000000000000002C
:10424000000000000000000000000000000000006E
:104250003F007FC040C000C01F801F8001C000C061
:1042600000C041C07F803F0000000000000000004F
:10427000000000000000000000000000000000003E
:10428000078007800D801D80198039803180618012
:104290007FE07FE00180018000000000000000005E
:1042A000000000000000000000000000000000000E
:1042B0007F807F80600060007F007F8041C000C001
:1042C00000C041C07F803F000000000000000000EF
:1042D00000000000000000000000000000000000DE
:1042E0000F003F80308060007F007F8071C060C021
:1042F00060C031C03F801F000000000000000000CF
:1043000000000000000000000000000000000000AD
:104310007FC07FC001C00180018003000300060050
:1043200006000C000C001C00000000000000000053
:10433000000000000000000000000000000000007D
:104340003F807FC060C060C03F803F8071C060C060
:1043500060C071C03F801F0000000000000000002E
:10436000000000000000000000000000000000004D
:104370001F003F80718060C060C071C03FC01FC01F
:1043800000C021803F801E000000000000000000EF
:10439000000000000000000000000000000000001D
:1043A0000FFFFFFC007FFFFC200FFFFC3E007FFCA7
:1043B0003FC007FC3FC801FC3FCFC1FC3FCFF1FC31
:1043C0003FCFF1FC3FCFF1FC3FCFF1FC0FCFF1FC31
:1043D00001CFF1FC200FF1FC3E01F1FC3FC031FCAC
:1043E0003FC801FC3FCF81FC3FCFF1FC3FCFF1FC48
:1043F0003FCFF1FC3FCFF1FC3FCFF1FC3FCFF1FCD1
:1044000003CFF000004FF0000001F000000030008A
:10441000000000000000000000000000000000009C
:10442000007FFE0001FFFF8003FFFFC003E007C025
:10443000078003E0078001E0078001E0078001E0DA
:10444000078001E0078001E0000000001FFFFFF887
:104450003FFFFFFC3FFFFFFC3FFFFFFC3FFC3FFC3B
:104460003FF81FFC3FF81FFC3FFC3FFC3FFC3FFCBC
:104470003FFC3FFC3FFC3FFC3FFC3FFC3FFE7FFC22
:104480003FFFFFFC3FFFFFFC3FFFFFFC1FFFFFF86C
:10449000000000000000000000000000000000001C
:1044A0000381C0E00783C1E00F87C3E00F0783C02B
:1044B0001E0F07801E0F07801E0F07801E0F07802C
:1044C0001E0F07800F0783C00F0783C00783C1E05B
:1044D0000381C0E003C1E0F001C0E07001E0F078CA
:1044E00003E1F0F803C1E0F00783C1E00F87C3E008
:1044F0000F0783C00E0703800000000000000000CB
:104500003FFFFFFC3FFFFFFC3FFFFFFC3FFFFFFCC7
:10451000000000000000000000000000000000009B
:104520003FFFFFFC3FFFFFFC3FFFFFFC3FFFFFFCA7
:10453000000000000000000000000000000000007B
:10454000000000000000000000000000000000006B
:104550003FFFFFFC3FFFFFFC3FFFFFFC3FFFFFFC77
:10456000000000000000000000000000000000004B
:10457000000000000000000000000000000000003B
:104580003FFFFFFC3FFFFFFC3FFFFFFC3FFFFFFC47
:10459000000000000000000000000000000000001B
:1045A0003C00003C3E00007C3E00007C3F0000FCE4
:1045B0003F0000FC3F8001FC3F8001FC3FC003FC4A
:1045C0003DC003FC3DE007BC3CE0073C3CF00F3C39
:1045D0003C700E3C3C781E3C3C381C3C3C3C3C3C1B
:1045E0003C1C383C3C1E783C3C0E703C3C0FF03C84
:1045F0003C07E03C3C07E03C3C03C03C3C03C03C87
:104600003C01803C3C01803C3C00003C3C00003CC8
:1046100000000000FFFFFFFF80000001800000019C
:10462000800000018000000187E060198FF07019A0
:10463000981878199818681998186C1998186C199E
:1046400098186419981866199818661998186219B4
:10465000981863199818631998186119981861992E
:104660009818619998186099981860D9981860D925
:1046700098186059981860798FF0603987E0601950
:104680008000000180000001800000018000000126
:10469000FFFFFFFFFFFFFFFF800000018000000120
:1046A00080000001800000018787F3F98FC7F3F9CC
:1046B00098660301986603019866030198660301F2
:1046C0009866030198660301986603019867F3F9F9
:1046D0009867F3F9986603019866030198660301E9
:1046E00098660301986603019866030198660301C2
:1046F00098660301986603018FC60301878603014C
:104700008000000180000001FFFFFFFF00000000AB
:104710000000000094430108144401089444010877
:10472000144501089445010800000007FFF801FF47
:10473000F8181FF81F03F81F60F81F7CF81F7CF89B
:104740001F7CF81F7CF8077CF8017CF8181CF81F08
:1047500004F81F60F81F7CF81F7CF81F7CF81F7C92
:10476000F8077C00017C00001C0000040000000031
:1047700000000000FF0003FFC003FFC00700E007C8
:1047800000E00700E00700E00700E00000000FFF86
:10479000F01FFFF81FE7F81FC3F81FC3F81FC3F887
:1047A0001FE7F81FE7F81FE7F81FE7F81FFFF81FDC
:1047B000FFF80FFFF00000000000000C18301E3C56
:1047C000781C38703870E03870E03870E03C78F071
:1047D0001C38701C38700E1C380E1C380E1C380E1D
:1047E0001C380E1C381C38703C78F0183060000003
:1047F000000000001FFFF81FFFF81FFFF800000077
:104800000000001FFFF81FFFF81FFFF81FFFF80050
:1048100000000000000000000000000000001FFF7A
:10482000F81FFFF81FFFF81FFFF80000000000004E
:104830000000000000000000001FFFF81FFFF81F2D
:10484000FFF81FFFF80000000000001C00381C00EB
:10485000381E00781E00781E00781F00F81F00F830
:104860001F81F81F81F81D81B81DC3B81CC3381CF7
:10487000E7381C66381C7E381C3C381C3C381C1839
:10488000381C18381C18381C00381C003800000070
:104890000000000000000007E01C0FF0221C38227E
:1048A00038182230001C300000300000300000308A
:1048B0000000300000300000300000300000300008
:1048C000003000003818001C38000FF00007E0002E
:1048D00000000000000000000000000000007E005A
:1048E000307F00706180F060C1B060C33060C23062
:1048F00060C03060C0306180307F00307E0030604A
:1049000000306000306000306000306000306000D7
:1049100030600030600030600030000000000000B7
:104920000000000000007E00F07F01F861830C6051
:10493000C60660C40660C00660C00660C004618030
:10494000087F00187E00306000606000C060018059
:104950006001806003006006006006006007FE6082
:1049600007FE0000000000000000000000007E00C4
:10497000F07F01F861830C60C60660C00660C00667
:1049800060C00660C00661800E7F003C7E003C6017
:10499000000E600006600006600006600406600607
:1049A0000660030C6001F86000F0000000000000E9
:1049B0000000000000007E00087F00086180186091
:1049C000C01060C03060C02060C06060C0406180C6
:1049D000D87F00987E019860011860031860021863
:1049E0006007FC6007FC6000186000186000186039
:1049F00000180000000000000000000000007E071A
:104A0000FC7F07FC61860060C60060C60060C600CF
:104A100060C6F060C7F861870C7F00067E00066004
:104A2000000660000660000660000660040660067E
:104A30000660070C6003F86001F000000000000051
:104A40000000000000007E00607F00606180C060A8
:104A5000C08060C18060C10060C30060C200618628
:104A6000F07F07F87E070C60060660060660060603
:104A700060060660060660020660030C6001F860CE
:104A800000F00000000000000000000800000C0022
:104A900000FE7F0FFC7F0F08030C00030C30030C9B
:104AA00048030CC8030C84030C041B0D02130C03F5
:104AB000230C01230C00C30C00030C00030C0103A6
:104AC0000CF3FF0FF7FF0F030000010000000000D0
:104AD000FFFF80018401820181018081804180216A
:104AE0008041808181018201840180018001FFFF7A
:104AF00000000000307048F8498C330C03000300BC
:104B000003000300030C018C00F80070000000009B
:104B1000FFFF8001800180018001A00590098811BC
:104B20008421824181818001800180018001FFFF19
:104B30000006000700130038007C00F801F003E0D5
:104B400003C00380F800F80000000000FFFEFFFE35
:104B500007E00FF01818300C60066036607666E6E5
:104B600067C663866106300C381C1C380FF003C022
:104B70007FFEFFFFC003C003C003C303C603CFFF14
:104B8000CFFFC603C303C003C003C003FFFF7FFE04
:104B9000FFFF8001800180018001818182418421A9
:104BA00088119009A0058001800180018001FFFF2C
:104BB00007E00FF01818300C6006666667E663C6FB
:104BC00063C667E66666300C381C1C380FF003C0FD
:104BD000FFFF800183C187E18C319819B00DB00DC2
:104BE000B00DB00D98198C3187E183C18001FFFFB2
:104BF000FFFF8001A00590098811842182418181F5
:104C000081818241842188119009A0058001FFFFE4
:104C1000000000003FFC3FFC3FFC3FFC3FFC3FFC32
:104C20003FFC3FFC3FFC3FFC3FFC3FFC0000000022
:104C300038067C0CC618C630C6607CC039800300BC
:104C400006380C7C18C630C660C6407C00380000B0
:104C5000003C183C4291919D8181423C240000001F
:104C60000000C3C3C3FFFFC3C3C30040E74000004D
:104C70000000183C3C3C180042E7FFFFFFFF00002B
:104C8000000002060C1830606030180C06020000AC
:104C9000000000000000000000000000000FF00015
:104CA000003FFC00007FFF0001FFFF8003FFFFC00B
:104CB00003FFFFE007F00FE007E007F00FC003F08D
:104CC0000F8001F01F8001F81F0000F81F0000F89E
:104CD0001F0000F81F0000F81F0000F81F0000F878
:104CE0001F0000F81F0000F81F0000F81F0000F868
:104CF0001F0000F81F0000F81F0000F81F0000F858
:104D00001F0000F81F0000F81F0000F81F0000F847
:104D10001F0000F81F0000F81F0000F81F0000F837
:104D20001F0000F81F0000F81F0000F81F0000F827
:104D30001F0000F81F0000F81F0000F81F0000F817
:104D40001F0000F81F0000F81F0000F81F0000F807
:104D50001F0000F81F0000F81F0000F81F0000F8F7
:104D60001F0000F80F8001F00F8001F00FC003F06A
:104D700007E007E007F81FE003FFFFC001FFFF8027
:104D800000FFFF00003FFC00001FF80000000000D3
:104D9000000000000000000000000000000FF8000C
:104DA000003FF800007FF80000FFF80001FFF80066
:104DB00003FFF80007F9F80007F1F80007E1F80031
:104DC00007C1F8000781F8000701F8000601F800A4
:104DD0000401F8000001F8000001F8000001F800EB
:104DE0000001F8000001F8000001F8000001F800DF
:104DF0000001F8000001F8000001F8000001F800CF
:104E00000001F8000001F8000001F8000001F800BE
:104E10000001F8000001F8000001F8000001F800AE
:104E20000001F8000001F8000001F8000001F8009E
:104E30000001F8000001F8000001F8000001F8008E
:104E40000001F8000001F8000001F8000001F8007E
:104E50000001F8000001F8000001F8000001F8006E
:104E60000001F8000001F8000001F8000001F8005E
:104E70000001F8000001F8000001F8000001F8004E
:104E80000001F8000001F8000001F8000000000037
:104E9000000000000000000000000000001FFC00F7
:104EA000007FFF0000FFFF8001FFFFC003FFFFE066
:104EB00007FFFFE007F807F00FF003F00FE001F83D
:104EC0000FC001F81F8000F81F8000F81F0000F8D5
:104ED0001F0000F81F0000F81F0000F8000000F895
:104EE000000000F8000000F8000000F8000001F8E1
:104EF000000001F0000003F0000003E0000007E004
:104F0000000007C000000FC000000FC000001F809D
:104F100000003F0000003F0000007E000000FE0097
:104F20000000FC000001FC000001F8000003F0009C
:104F30000007E0000007E000000FC000000F800045
:104F4000001F8000001F0000003F0000007E0000E6
:104F5000007E000000FC000000F8000001F80000E6
:104F600003F0000003F0000007E0000007C00000AD
:104F70000FC000000F8000001FFFFFF81FFFFFF8A9
:104F80001FFFFFF81FFFFFF81FFFFFF800000000E2
:104F9000000000000000000000000000001FFC00F6
:104FA000007FFF0000FFFF8001FFFFC003FFFFE065
:104FB00007FFFFE007F807F00FF003F00FE001F83C
:104FC0000FC001F81F8000F81F8000F81F0000F8D4
:104FD0001F0000F81F0000F81F0000F8000000F894
:104FE000000000F8000000F8000000F8000001F8E0
:104FF000000001F8000003F8000003F0000007F0D3
:1050000000003FE00007FFC00007FF800007FF002F
:105010000007FFC00007FFE000001FF0000007F0DE
:10502000000003F8000001F8000000F80000007C18
:105030000000007C0000007C0000007C0000007C80
:105040000000007C0000007C0000007C0000007C70
:105050003E00007C3E00007C3E00007C3F00007C67
:105060003F0000FC1F8000FC1F8001F80FC003F808
:105070000FF007F807FFFFF003FFFFE001FFFFC09D
:1050800000FFFF80007FFF00001FF800000000000D
:105090000000000000000000000000000000F80018
:1050A0000000F8000000F8000001F0000001F0002E
:1050B0000001F0000001E0000003E0000003E00058
:1050C0000003E0000007C0000007C0000007C000A8
:1050D000000F8000000F8000000F8000001F000004
:1050E000001F0000001F0000003E0000003E000006
:1050F000003E0000007C0000007C0000007C0000FE
:1051000000F803C000F803C000F803C000F803C0B3
:1051100001F003C001F003C001F003C003E003C0CD
:1051200003E003C003E003C007C003C007C003C01F
:1051300007C003C00F8003C00F8003C00F8003C0EF
:105140001F0003C01F0003C01F0003C01E0003C0D8
:105150003E0003C03FFFFFFC3FFFFFFC3FFFFFFCA3
:105160003FFFFFFC3FFFFFFC000003C0000003C047
:10517000000003C0000003C0000003C0000003C023
:10518000000003C0000003C0000003C000000000D6
:105190000000000000000000000000001FFFFFF002
:1051A0001FFFFFF01FFFFFF01FFFFFF01FFFFFF0CB
:1051B0001F0000001F0000001F0000001F00000073
:1051C0001F0000001F0000001F0000001F00000063
:1051D0001F0000001F0000001F0000001F00000053
:1051E0001F0000001F07F0001F1FFE001F3FFF00F1
:1051F0001F3FFF801F7FFFC01FFFFFE01FFC0FF05E
:105200001FF807F01FE003F81FC003F81FC001F8E4
:105210001F8000FC1F0000FC000000FC0000007C60
:105220000000007C0000007C0000007C0000007C8E
:105230000000007C0000007C0000007C0000007C7E
:105240000000007C0000007C0000007C0000007C6E
:105250001F00007C1F00007C1F0000FC1F0000FCE2
:105260001F0000FC1F8001F81F8001F80FC003F829
:105270000FE007F007F81FF007FFFFF003FFFFE064
:1052800001FFFFC000FFFF80007FFF00001FF8004C
:105290000000000000000000000000000000F80016
:1052A0000001F8000001F0000003F0000003E0003E
:1052B0000003E0000007E0000007C000000FC0008E
:1052C000000F8000001F8000001F8000001F0000F2
:1052D000003F0000003F0000003E0000007C000096
:1052E000007C000000FC000000F8000000F8000056
:1052F00001F0000001F0000003E0000003E7F80007
:1053000007DFFE0007FFFF0007FFFF800FFFFFC062
:105310000FFFFFE00FE00FE01FC007F01FC003F01A
:105320001F8003F01F0001F81F0001F83F0000F884
:105330003E0000F83E0000F83E0000F83E0000F895
:105340003E0000F83E0000F83E0000F83E0000F885
:105350003E0000F83E0000F83E0000F81F0000F894
:105360001F0001F81F8001F01F8001F00FC003E053
:105370000FE007E007F81FE007FFFFC003FFFFC0D3
:1053800001FFFF8000FFFF00007FFC00001FF00016
:105390000000000000000000000000001FFFFFF8F8
:1053A0001FFFFFF81FFFFFF81FFFFFF81FFFFFF8A9
:1053B0001F0000F81F0000F81F0000F81F0000F891
:1053C0001F0000F81F0001F01F0001F01F0001F096
:1053D0001F0001F01F0003E01F0003E0000003E0D6
:1053E000000003E0000003E0000007E0000007C049
:1053F000000007C00000078000000F8000000F8041
:1054000000000F8000000F8000001F0000001F0040
:1054100000001F0000003F0000003F0000003E00B1
:1054200000003E0000003E0000007E0000007C0006
:1054300000007C0000007C0000007C000000F80000
:105440000000F8000000F8000000F8000001F00083
:105450000001F0000001F0000003F0000003F00084
:105460000003E0000003E0000003E0000007E000AC
:105470000007C0000007C000000FC000000FC00000
:10548000000F8000001F8000001F8000000000004F
:10549000000000000000000000000000003FF800D5
:1054A00000FFFF0001FFFF8003FFFFC003FFFFE0DD
:1054B00007F00FE00FC007F00FC001F00F8001F8F8
:1054C0001F0000F81F0000F81F0000F81F0000F880
:1054D0001F0000F81F0000F81F0000F81F0000F870
:1054E0001F0000F81F0000F81F0000F81F0000F860
:1054F0001F0000F80F8001F00F8001F007E003E0CB
:1055000007FFFFE003FFFFC003FFFF8001FFFF80F5
:1055100001FFFF8003FFFFC007FFFFE00FF01FE068
:105520000FC007F01F8001F01F0001F81F0000F8F6
:105530003E0000FC3E00007C3E00007C3E00007C03
:105540003E00007C3E00007C3E00007C3E00007C73
:105550003E00007C3E00007C3E00007C3F00007C62
:105560003F0000FC1F8000FC1F8001F80FC003F803
:105570000FE007F007F81FE007FFFFC003FFFFC0C1
:1055800001FFFF8000FFFF00007FFC00001FF00014
:10559000000000000000000000000000003FF800D4
:1055A00000FFFF0001FFFF8003FFFFC003FFFFE0DC
:1055B00007F81FE00FF007F00FE003F00FC003F84B
:1055C0001F8001F81F8001F81F0000F81F0000F87D
:1055D0001F0000F81F0000F81F0000F81F0000F86F
:1055E0001F0000F81F0000F81F0000F81F0000F85F
:1055F0001F0000F81F0000F81F0001F80F8001F8DD
:105600000F8003F80FC003F007E007F007F00FF07A
:1056100003FFFFE003FFFFE001FFFFE000FFFFE00B
:10562000007FFFC0001FFFC000000F8000000F8040
:1056300000001F8000001F0000001F0000003E004F
:1056400000003E0000007E0000007C0000007C00A6
:105650000000FC000000F8000001F8000001F0006C
:105660000001F0000003E0000003E0000007E0009C
:105670000007C0000007C000000F8000001F80006E
:10568000001F8000001F0000003F0000000000001D
:105690000000000007E01FF83FFC381C700E700E81
:1056A000700E700E700E700E700E700E700E700E0A
:1056B000700E700E700E700E700E700E700E700EFA
:1056C000700E700E700E381C3FFC1FF807E00000D3
:1056D0000000000007C01FC03FC03DC031C021C056
:1056E00001C001C001C001C001C001C001C001C0B2
:1056F00001C001C001C001C001C001C001C001C0A2
:1057000001C001C001C001C001C001C001C001C091
:105710000000000007E01FF81FFC3C1C380E700E54
:10572000700E700E000E000E000E001C001C0038E3
:105730000070007000E001C001C00380038007001A
:105740000E001C001C00380070007FFE7FFE7FFEF4
:105750000000000007E01FF81FFC3C1C380E700E14
:10576000700E700E000E000E000E001C001C01F8E2
:1057700001F801FC001C000E000E000E000E000ED1
:10578000700E700E700E380E3C1C1FFC1FF807E0E8
:105790000000000000E000E001C001C001C0038083
:1057A000038003800700070007000E000E380E3844
:1057B0001C381C381C38383838383838703870384D
:1057C0007FFE7FFE7FFE003800380038003800384A
:1057D000000000003FFC3FFC3FFC38003800380070
:1057E00038003800380039E03FF83FFC3E1C380EE6
:1057F000300E000E000E000E000E000E000E000E09
:10580000700E700E380E381E1FFC0FF807F00000E7
:105810000000000000E000E001C001C00380038040
:10582000070007000E000E001C001C001FF03FF8D0
:105830003FFC381C700E700E700E700E700E700EE5
:10584000700E700E700E700E381C3FFC1FF807E0D3
:10585000000000007FFE7FFE7FFE700E700E700E57
:10586000701C701C001C001C001800380038003828
:10587000007000700070007000E000E000E000E0E8
:1058800001C001C001C001C0038003800380038008
:10589000000000000FF01FF83FFC381C700E700E67
:1058A000700E700E700E700E380E381C1C381FF8FB
:1058B0000FF01FF8381C700E700E700E700E700E08
:1058C000700E700E700E381C3C3C1FF80FF007E095
:1058D000000000000FF01FF83FFC381C700E700E27
:1058E000700E700E700E700E700E700E700E381EF0
:1058F0003FFE1FFC0FFC003800380070007000E015
:1059000000E001C001C001C0038003800700070060
:105910000000000000000000000000001F003F80A9
:10592000318060C060C060C060C060C060C0318055
:105930003F801F0000000000000000000000000089
:105940000000000000000000000000001E003E00FB
:1059500036000600060006000600060006000600E7
:105960003FC03FC000000000000000000000000039
:105970000000000000000000000000003E007F006A
:10598000438001800180038007000E001C00380066
:105990007F807F8000000000000000000000000009
:1059A0000000000000000000000000003F007FC079
:1059B00040C000C01F801F8001C000C000C041C0A7
:1059C0007F803F0000000000000000000000000099
:1059D00000000000000000000000000007800780B9
:1059E0000D801D8019803980318061807FE07FE0EB
:1059F00001800180000000000000000000000000A5
:105A00000000000000000000000000007F807F8098
:105A1000600060007F007F8041C000C000C041C0C6
:105A20007F803F0000000000000000000000000038
:105A30000000000000000000000000000F003F8098
:105A4000308060007F007F8071C060C060C031C066
:105A50003F801F0000000000000000000000000068
:105A60000000000000000000000000007FC07FC0B8
:105A700001C00180018003000300060006000C0045
:105A80000C001C00000000000000000000000000EE
:105A90000000000000000000000000003F807FC008
:105AA00060C060C03F803F8071C060C060C071C096
:105AB0003F801F0000000000000000000000000008
:105AC0000000000000000000000000001F003F80F8
:105AD000718060C060C071C03FC01FC000C0218025
:105AE0003F801E00000000000000000000000000D9
:105AF000D84801082049010868490108B04901084F
:105B0000F8490108404A01081C0034004C006400B8
:105B10003400480000000000000000000000000009
:105B20000FFFFFFC007FFFFC200FFFFC3E007FFC0F
:105B30003FC007FC3FC801FC3FCFC1FC3FCFF1FC99
:105B40003FCFF1FC3FCFF1FC3FCFF1FC0FCFF1FC99
:105B500001CFF1FC200FF1FC3E01F1FC3FC031FC14
:105B60003FC801FC3FCF81FC3FCFF1FC3FCFF1FCB0
:105B70003FCFF1FC3FCFF1FC3FCFF1FC3FCFF1FC39
:105B800003CFF000004FF0000001F00000003000F3
:105B90000000000000000000000000000000000005
:105BA000007FFE0001FFFF8003FFFFC003E007C08E
:105BB000078003E0078001E0078001E0078001E043
:105BC000078001E0078001E0000000001FFFFFF8F0
:105BD0003FFFFFFC3FFFFFFC3FFFFFFC3FFC3FFCA4
:105BE0003FF81FFC3FF81FFC3FFC3FFC3FFC3FFC25
:105BF0003FFC3FFC3FFC3FFC3FFC3FFC3FFE7FFC8B
:105C00003FFFFFFC3FFFFFFC3FFFFFFC1FFFFFF8D4
:105C10000000000000000000000000000000000084
:105C20000381C0E00783C1E00F87C3E00F0783C093
:105C30001E0F07801E0F07801E0F07801E0F078094
:105C40001E0F07800F0783C00F0783C00783C1E0C3
:105C50000381C0E003C1E0F001C0E07001E0F07832
:105C600003E1F0F803C1E0F00783C1E00F87C3E070
:105C70000F0783C00E070380000000000000000033
:105C80003FFFFFFC3FFFFFFC3FFFFFFC3FFFFFFC30
:105C90000000000000000000000000000000000004
:105CA0003FFFFFFC3FFFFFFC3FFFFFFC3FFFFFFC10
:105CB00000000000000000000000000000000000E4
:105CC00000000000000000000000000000000000D4
:105CD0003FFFFFFC3FFFFFFC3FFFFFFC3FFFFFFCE0
:105CE00000000000000000000000000000000000B4
:105CF00000000000000000000000000000000000A4
:105D00003FFFFFFC3FFFFFFC3FFFFFFC3FFFFFFCAF
:105D10000000000000000000000000000000000083
:105D20003C00003C3E00007C3E00007C3F0000FC4C
:105D30003F0000FC3F8001FC3F8001FC3FC003FCB2
:105D40003DC003FC3DE007BC3CE0073C3CF00F3CA1
:105D50003C700E3C3C781E3C3C381C3C3C3C3C3C83
:105D60003C1C383C3C1E783C3C0E703C3C0FF03CEC
:105D70003C07E03C3C07E03C3C03C03C3C03C03CEF
:105D80003C01803C3C01803C3C00003C3C00003C31
:105D900000000000FFFFFFFF800000018000000105
:105DA000800000018000000187E060198FF0701909
:105DB000981878199818681998186C1998186C1907
:105DC000981864199818661998186619981862191D
:105DD0009818631998186319981861199818619997
:105DE0009818619998186099981860D9981860D98E
:105DF00098186059981860798FF0603987E06019B9
:105E0000800000018000000180000001800000018E
:105E1000FFFFFFFFFFFFFFFF800000018000000188
:105E200080000001800000018787F3F98FC7F3F934
:105E3000986603019866030198660301986603015A
:105E40009866030198660301986603019867F3F961
:105E50009867F3F998660301986603019866030151
:105E6000986603019866030198660301986603012A
:105E700098660301986603018FC6030187860301B4
:105E80008000000180000001FFFFFFFF0000000014
:105E900000000000145B0108945B0108145C010819
:105EA000945C0108145D010800000007FFF801FF81
:105EB000F8181FF81F03F81F60F81F7CF81F7CF804
:105EC0001F7CF81F7CF8077CF8017CF8181CF81F71
:105ED00004F81F60F81F7CF81F7CF81F7CF81F7CFB
:105EE000F8077C00017C00001C000004000000009A
:105EF00000000000FF0003FFC003FFC00700E00731
:105F000000E00700E00700E00700E00000000FFFEE
:105F1000F01FFFF81FE7F81FC3F81FC3F81FC3F8EF
:105F20001FE7F81FE7F81FE7F81FE7F81FFFF81F44
:105F3000FFF80FFFF00000000000000C18301E3CBE
:105F4000781C38703870E03870E03870E03C78F0D9
:105F50001C38701C38700E1C380E1C380E1C380E85
:105F60001C380E1C381C38703C78F018306000006B
:105F7000000000001FFFF81FFFF81FFFF8000000DF
:105F80000000001FFFF81FFFF81FFFF81FFFF800B9
:105F900000000000000000000000000000001FFFE3
:105FA000F81FFFF81FFFF81FFFF8000000000000B7
:105FB0000000000000000000001FFFF81FFFF81F96
:105FC000FFF81FFFF80000000000001C00381C0054
:105FD000381E00781E00781E00781F00F81F00F899
:105FE0001F81F81F81F81D81B81DC3B81CC3381C60
:105FF000E7381C66381C7E381C3C381C3C381C18A2
:10600000381C18381C18381C00381C0038000000D8
:106010000000000000000007E01C0FF0221C3822E6
:1060200038182230001C30000030000030000030F2
:106030000000300000300000300000300000300070
:10604000003000003818001C38000FF00007E00096
:1060500000000000000000000000000000007E00C2
:10606000307F00706180F060C1B060C33060C230CA
:1060700060C03060C0306180307F00307E003060B2
:106080000030600030600030600030600030600040
:106090003060003060003060003000000000000020
:1060A0000000000000007E00F07F01F861830C60BA
:1060B000C60660C40660C00660C00660C004618099
:1060C000087F00187E00306000606000C0600180C2
:1060D0006001806003006006006006006007FE60EB
:1060E00007FE0000000000000000000000007E002D
:1060F000F07F01F861830C60C60660C00660C006D0
:1061000060C00660C00661800E7F003C7E003C607F
:10611000000E60000660000660000660040660066F
:106120000660030C6001F86000F000000000000051
:106130000000000000007E00087F000861801860F9
:10614000C01060C03060C02060C06060C04061802E
:10615000D87F00987E0198600118600318600218CB
:106160006007FC6007FC60001860001860001860A1
:1061700000180000000000000000000000007E0782
:10618000FC7F07FC61860060C60060C60060C60038
:1061900060C6F060C7F861870C7F00067E0006606D
:1061A00000066000066000066000066004066006E7
:1061B0000660070C6003F86001F0000000000000BA
:1061C0000000000000007E00607F00606180C06011
:1061D000C08060C18060C10060C30060C200618691
:1061E000F07F07F87E070C6006066006066006066C
:1061F00060060660060660020660030C6001F86037
:1062000000F00000000000000000000800000C008A
:1062100000FE7F0FFC7F0F08030C00030C30030C03
:1062200048030CC8030C84030C041B0D02130C035D
:10623000230C01230C00C30C00030C00030C01030E
:106240000CF3FF0FF7FF0F03000001000000000038
:10625000FFFF8001840182018101808180418021D2
:106260008041808181018201840180018001FFFFE2
:1062700000000000307048F8498C330C0300030024
:1062800003000300030C018C00F800700000000004
:10629000FFFF8001800180018001A0059009881125
:1062A0008421824181818001800180018001FFFF82
:1062B0000006000700130038007C00F801F003E03E
:1062C00003C00380F800F80000000000FFFEFFFE9E
:1062D00007E00FF01818300C60066036607666E64E
:1062E00067C663866106300C381C1C380FF003C08B
:1062F0007FFEFFFFC003C003C003C303C603CFFF7D
:10630000CFFFC603C303C003C003C003FFFF7FFE6C
:10631000FFFF800180018001800181818241842111
:1063200088119009A0058001800180018001FFFF94
:1063300007E00FF01818300C6006666667E663C663
:1063400063C667E66666300C381C1C380FF003C065
:10635000FFFF800183C187E18C319819B00DB00D2A
:10636000B00DB00D98198C3187E183C18001FFFF1A
:10637000FFFF8001A005900988118421824181815D
:1063800081818241842188119009A0058001FFFF4D
:10639000000000003FFC3FFC3FFC3FFC3FFC3FFC9B
:1063A0003FFC3FFC3FFC3FFC3FFC3FFC000000008B
:1063B00038067C0CC618C630C6607CC03980030025
:1063C00006380C7C18C630C660C6407C0038000019
:1063D000003C183C4291919D8181423C2400000088
:1063E0000000C3C3C3FFFFC3C3C30040E7400000B6
:1063F0000000183C3C3C180042E7FFFFFFFF000094
:10640000000002060C1830606030180C0602000014
:10641000000000000000000000000000000FF0007D
:10642000003FFC00007FFF0001FFFF8003FFFFC073
:1064300003FFFFE007F00FE007E007F00FC003F0F5
:106440000F8001F01F8001F81F0000F81F0000F806
:106450001F0000F81F0000F81F0000F81F0000F8E0
:106460001F0000F81F0000F81F0000F81F0000F8D0
:106470001F0000F81F0000F81F0000F81F0000F8C0
:106480001F0000F81F0000F81F0000F81F0000F8B0
:106490001F0000F81F0000F81F0000F81F0000F8A0
:1064A0001F0000F81F0000F81F0000F81F0000F890
:1064B0001F0000F81F0000F81F0000F81F0000F880
:1064C0001F0000F81F0000F81F0000F81F0000F870
:1064D0001F0000F81F0000F81F0000F81F0000F860
:1064E0001F0000F80F8001F00F8001F00FC003F0D3
:1064F00007E007E007F81FE003FFFFC001FFFF8090
:1065000000FFFF00003FFC00001FF800000000003B
:10651000000000000000000000000000000FF80074
:10652000003FF800007FF80000FFF80001FFF800CE
:1065300003FFF80007F9F80007F1F80007E1F80099
:1065400007C1F8000781F8000701F8000601F8000C
:106550000401F8000001F8000001F8000001F80053
:106560000001F8000001F8000001F8000001F80047
:106570000001F8000001F8000001F8000001F80037
:106580000001F8000001F8000001F8000001F80027
:106590000001F8000001F8000001F8000001F80017
:1065A0000001F8000001F8000001F8000001F80007
:1065B0000001F8000001F8000001F8000001F800F7
:1065C0000001F8000001F8000001F8000001F800E7
:1065D0000001F8000001F8000001F8000001F800D7
:1065E0000001F8000001F8000001F8000001F800C7
:1065F0000001F8000001F8000001F8000001F800B7
:106600000001F8000001F8000001F800000000009F
:10661000000000000000000000000000001FFC005F
:10662000007FFF0000FFFF8001FFFFC003FFFFE0CE
:1066300007FFFFE007F807F00FF003F00FE001F8A5
:106640000FC001F81F8000F81F8000F81F0000F83D
:106650001F0000F81F0000F81F0000F8000000F8FD
:10666000000000F8000000F8000000F8000001F849
:10667000000001F0000003F0000003E0000007E06C
:10668000000007C000000FC000000FC000001F8006
:1066900000003F0000003F0000007E000000FE0000
:1066A0000000FC000001FC000001F8000003F00005
:1066B0000007E0000007E000000FC000000F8000AE
:1066C000001F8000001F0000003F0000007E00004F
:1066D000007E000000FC000000F8000001F800004F
:1066E00003F0000003F0000007E0000007C0000016
:1066F0000FC000000F8000001FFFFFF81FFFFFF812
:106700001FFFFFF81FFFFFF81FFFFFF8000000004A
:10671000000000000000000000000000001FFC005E
:10672000007FFF0000FFFF8001FFFFC003FFFFE0CD
:1067300007FFFFE007F807F00FF003F00FE001F8A4
:106740000FC001F81F8000F81F8000F81F0000F83C
:106750001F0000F81F0000F81F0000F8000000F8FC
:10676000000000F8000000F8000000F8000001F848
:10677000000001F8000003F8000003F0000007F03B
:1067800000003FE00007FFC00007FF800007FF0098
:106790000007FFC00007FFE000001FF0000007F047
:1067A000000003F8000001F8000000F80000007C81
:1067B0000000007C0000007C0000007C0000007CE9
:1067C0000000007C0000007C0000007C0000007CD9
:1067D0003E00007C3E00007C3E00007C3F00007CD0
:1067E0003F0000FC1F8000FC1F8001F80FC003F871
:1067F0000FF007F807FFFFF003FFFFE001FFFFC006
:1068000000FFFF80007FFF00001FF8000000000075
:106810000000000000000000000000000000F80080
:106820000000F8000000F8000001F0000001F00096
:106830000001F0000001E0000003E0000003E000C0
:106840000003E0000007C0000007C0000007C00010
:10685000000F8000000F8000000F8000001F00006C
:10686000001F0000001F0000003E0000003E00006E
:10687000003E0000007C0000007C0000007C000066
:1068800000F803C000F803C000F803C000F803C01C
:1068900001F003C001F003C001F003C003E003C036
:1068A00003E003C003E003C007C003C007C003C088
:1068B00007C003C00F8003C00F8003C00F8003C058
:1068C0001F0003C01F0003C01F0003C01E0003C041
:1068D0003E0003C03FFFFFFC3FFFFFFC3FFFFFFC0C
:1068E0003FFFFFFC3FFFFFFC000003C0000003C0B0
:1068F000000003C0000003C0000003C0000003C08C
:10690000000003C0000003C0000003C0000000003E
:106910000000000000000000000000001FFFFFF06A
:106920001FFFFFF01FFFFFF01FFFFFF01FFFFFF033
:106930001F0000001F0000001F0000001F000000DB
:106940001F0000001F0000001F0000001F000000CB
:106950001F0000001F0000001F0000001F000000BB
:106960001F0000001F07F0001F1FFE001F3FFF0059
:106970001F3FFF801F7FFFC01FFFFFE01FFC0FF0C6
:106980001FF807F01FE003F81FC003F81FC001F84D
:106990001F8000FC1F0000FC000000FC0000007CC9
:1069A0000000007C0000007C0000007C0000007CF7
:1069B0000000007C0000007C0000007C0000007CE7
:1069C0000000007C0000007C0000007C0000007CD7
:1069D0001F00007C1F00007C1F0000FC1F0000FC4B
:1069E0001F0000FC1F8001F81F8001F80FC003F892
:1069F0000FE007F007F81FF007FFFFF003FFFFE0CD
:106A000001FFFFC000FFFF80007FFF00001FF800B4
:106A10000000000000000000000000000000F8007E
:106A20000001F8000001F0000003F0000003E000A6
:106A30000003E0000007E0000007C000000FC000F6
:106A4000000F8000001F8000001F8000001F00005A
:106A5000003F0000003F0000003E0000007C0000FE
:106A6000007C000000FC000000F8000000F80000BE
:106A700001F0000001F0000003E0000003E7F8006F
:106A800007DFFE0007FFFF0007FFFF800FFFFFC0CB
:106A90000FFFFFE00FE00FE01FC007F01FC003F083
:106AA0001F8003F01F0001F81F0001F83F0000F8ED
:106AB0003E0000F83E0000F83E0000F83E0000F8FE
:106AC0003E0000F83E0000F83E0000F83E0000F8EE
:106AD0003E0000F83E0000F83E0000F81F0000F8FD
:106AE0001F0001F81F8001F01F8001F00FC003E0BC
:106AF0000FE007E007F81FE007FFFFC003FFFFC03C
:106B000001FFFF8000FFFF00007FFC00001FF0007E
:106B10000000000000000000000000001FFFFFF860
:106B20001FFFFFF81FFFFFF81FFFFFF81FFFFFF811
:106B30001F0000F81F0000F81F0000F81F0000F8F9
:106B40001F0000F81F0001F01F0001F01F0001F0FE
:106B50001F0001F01F0003E01F0003E0000003E03E
:106B6000000003E0000003E0000007E0000007C0B1
:106B7000000007C00000078000000F8000000F80A9
:106B800000000F8000000F8000001F0000001F00A9
:106B900000001F0000003F0000003F0000003E001A
:106BA00000003E0000003E0000007E0000007C006F
:106BB00000007C0000007C0000007C000000F80069
:106BC0000000F8000000F8000000F8000001F000EC
:106BD0000001F0000001F0000003F0000003F000ED
:106BE0000003E0000003E0000003E0000007E00015
:106BF0000007C0000007C000000FC000000FC00069
:106C0000000F8000001F8000001F800000000000B7
:106C1000000000000000000000000000003FF8003D
:106C200000FFFF0001FFFF8003FFFFC003FFFFE045
:106C300007F00FE00FC007F00FC001F00F8001F860
:106C40001F0000F81F0000F81F0000F81F0000F8E8
:106C50001F0000F81F0000F81F0000F81F0000F8D8
:106C60001F0000F81F0000F81F0000F81F0000F8C8
:106C70001F0000F80F8001F00F8001F007E003E033
:106C800007FFFFE003FFFFC003FFFF8001FFFF805E
:106C900001FFFF8003FFFFC007FFFFE00FF01FE0D1
:106CA0000FC007F01F8001F01F0001F81F0000F85F
:106CB0003E0000FC3E00007C3E00007C3E00007C6C
:106CC0003E00007C3E00007C3E00007C3E00007CDC
:106CD0003E00007C3E00007C3E00007C3F00007CCB
:106CE0003F0000FC1F8000FC1F8001F80FC003F86C
:106CF0000FE007F007F81FE007FFFFC003FFFFC02A
:106D000001FFFF8000FFFF00007FFC00001FF0007C
:106D1000000000000000000000000000003FF8003C
:106D200000FFFF0001FFFF8003FFFFC003FFFFE044
:106D300007F81FE00FF007F00FE003F00FC003F8B3
:106D40001F8001F81F8001F81F0000F81F0000F8E5
:106D50001F0000F81F0000F81F0000F81F0000F8D7
:106D60001F0000F81F0000F81F0000F81F0000F8C7
:106D70001F0000F81F0000F81F0001F80F8001F845
:106D80000F8003F80FC003F007E007F007F00FF0E3
:106D900003FFFFE003FFFFE001FFFFE000FFFFE074
:106DA000007FFFC0001FFFC000000F8000000F80A9
:106DB00000001F8000001F0000001F0000003E00B8
:106DC00000003E0000007E0000007C0000007C000F
:106DD0000000FC000000F8000001F8000001F000D5
:106DE0000001F0000003E0000003E0000007E00005
:106DF0000007C0000007C000000F8000001F8000D7
:106E0000001F8000001F0000003F00000000000085
:106E10000000000007E01FF83FFC381C700E700EE9
:106E2000700E700E700E700E700E700E700E700E72
:106E3000700E700E700E700E700E700E700E700E62
:106E4000700E700E700E381C3FFC1FF807E000003B
:106E50000000000007C01FC03FC03DC031C021C0BE
:106E600001C001C001C001C001C001C001C001C01A
:106E700001C001C001C001C001C001C001C001C00A
:106E800001C001C001C001C001C001C001C001C0FA
:106E90000000000007E01FF81FFC3C1C380E700EBD
:106EA000700E700E000E000E000E001C001C00384C
:106EB0000070007000E001C001C003800380070083
:106EC0000E001C001C00380070007FFE7FFE7FFE5D
:106ED0000000000007E01FF81FFC3C1C380E700E7D
:106EE000700E700E000E000E000E001C001C01F84B
:106EF00001F801FC001C000E000E000E000E000E3A
:106F0000700E700E700E380E3C1C1FFC1FF807E050
:106F10000000000000E000E001C001C001C00380EB
:106F2000038003800700070007000E000E380E38AC
:106F30001C381C381C3838383838383870387038B5
:106F40007FFE7FFE7FFE00380038003800380038B2
:106F5000000000003FFC3FFC3FFC380038003800D8
:106F600038003800380039E03FF83FFC3E1C380E4E
:106F7000300E000E000E000E000E000E000E000E71
:106F8000700E700E380E381E1FFC0FF807F0000050
:106F90000000000000E000E001C001C003800380A9
:106FA000070007000E000E001C001C001FF03FF839
:106FB0003FFC381C700E700E700E700E700E700E4E
:106FC000700E700E700E700E381C3FFC1FF807E03C
:106FD000000000007FFE7FFE7FFE700E700E700EC0
:106FE000701C701C001C001C001800380038003891
:106FF000007000700070007000E000E000E000E051
:1070000001C001C001C001C0038003800380038070
:10701000000000000FF01FF83FFC381C700E700ECF
:10702000700E700E700E700E380E381C1C381FF863
:107030000FF01FF8381C700E700E700E700E700E70
:10704000700E700E700E381C3C3C1FF80FF007E0FD
:10705000000000000FF01FF83FFC381C700E700E8F
:10706000700E700E700E700E700E700E700E381E58
:107070003FFE1FFC0FFC003800380070007000E07D
:1070800000E001C001C001C00380038007000700C9
:107090000000000000000000000000001F003F8012
:1070A000318060C060C060C060C060C060C03180BE
:1070B0003F801F00000000000000000000000000F2
:1070C0000000000000000000000000001E003E0064
:1070D0003600060006000600060006000600060050
:1070E0003FC03FC0000000000000000000000000A2
:1070F0000000000000000000000000003E007F00D3
:10710000438001800180038007000E001C003800CE
:107110007F807F8000000000000000000000000071
:107120000000000000000000000000003F007FC0E1
:1071300040C000C01F801F8001C000C000C041C00F
:107140007F803F0000000000000000000000000001
:107150000000000000000000000000000780078021
:107160000D801D8019803980318061807FE07FE053
:10717000018001800000000000000000000000000D
:107180000000000000000000000000007F807F8001
:10719000600060007F007F8041C000C000C041C02F
:1071A0007F803F00000000000000000000000000A1
:1071B0000000000000000000000000000F003F8001
:1071C000308060007F007F8071C060C060C031C0CF
:1071D0003F801F00000000000000000000000000D1
:1071E0000000000000000000000000007FC07FC021
:1071F00001C00180018003000300060006000C00AE
:107200000C001C0000000000000000000000000056
:107210000000000000000000000000003F807FC070
:1072200060C060C03F803F8071C060C060C071C0FE
:107230003F801F0000000000000000000000000070
:107240000000000000000000000000001F003F8060
:10725000718060C060C071C03FC01FC000C021808D
:107260003F801E0000000000000000000000000041
:10727000051E1401081E14010A1E14010C1E14011F
:10728000121E1401151E1401070014010900140137
:107290000C0014010E001401120014011600140158
:1072A0000000000000000000000000000FFFFFFCD5
:1072B000007FFFFC200FFFFC3E007FFC3FC007FC6F
:1072C0003FC801FC3FCFC1FC3FCFF1FC3FCFF1FCF9
:1072D0003FCFF1FC3FCFF1FC0FCFF1FC01CFF1FC30
:1072E000200FF1FC3E01F1FC3FC031FC3FC801FC26
:1072F0003FCF81FC3FCFF1FC3FCFF1FC3FCFF1FC12
:107300003FCFF1FC3FCFF1FC3FCFF1FC03CFF000CA
:10731000004FF0000001F00000003000000000000D
:10732000000000000000000000000000007FFE00E0
:1073300001FFFF8003FFFFC003E007C0078003E0F9
:10734000078001E0078001E0078001E0078001E09D
:10735000078001E0000000001FFFFFF83FFFFFFC77
:107360003FFFFFFC3FFFFFFC3FFC3FFC3FF81FFCE3
:107370003FF81FFC3FFC3FFC3FFC3FFC3FFC3FFC59
:107380003FFC3FFC3FFC3FFC3FFE7FFC3FFFFFFC20
:107390003FFFFFFC3FFFFFFC1FFFFFF80000000066
:1073A0000000000000000000000000000381C0E0B9
:1073B0000783C1E00F87C3E00F0783C01E0F07805C
:1073C0001E0F07801E0F07801E0F07801E0F0780ED
:1073D0000F0783C00F0783C00783C1E00381C0E0AC
:1073E00003C1E0F001C0E07001E0F07803E1F0F8E3
:1073F00003C1E0F00783C1E00F87C3E00F0783C03C
:107400000E07038000000000000000003FFFFFFCAB
:107410003FFFFFFC3FFFFFFC3FFFFFFC00000000C1
:107420000000000000000000000000003FFFFFFC23
:107430003FFFFFFC3FFFFFFC3FFFFFFC00000000A1
:10744000000000000000000000000000000000003C
:107450000000000000000000000000003FFFFFFCF3
:107460003FFFFFFC3FFFFFFC3FFFFFFC0000000071
:10747000000000000000000000000000000000000C
:107480000000000000000000000000003FFFFFFCC3
:107490003FFFFFFC3FFFFFFC3FFFFFFC0000000041
:1074A0000000000000000000000000003C00003C64
:1074B0003E00007C3E00007C3F0000FC3F0000FCE2
:1074C0003F8001FC3F8001FC3FC003FC3DC003FC4A
:1074D0003DE007BC3CE0073C3CF00F3C3C700E3C00
:1074E0003C781E3C3C381C3C3C3C3C3C3C1C383C06
:1074F0003C1E783C3C0E703C3C0FF03C3C07E03CB2
:107500003C07E03C3C03C03C3C03C03C3C01803CAD
:107510003C01803C3C00003C3C00003C0000000082
:10752000FFFFFFFF800000018000000180000001DC
:107530008000000187E060198FF0701998187819A1
:107540009818681998186C1998186C199818641973
:107550009818661998186619981862199818631976
:107560009818631998186119981861999818619971
:1075700098186099981860D9981860D99818605927
:10758000981860798FF0603987E0601980000001F9
:10759000800000018000000180000001FFFFFFFF6C
:1075A000FFFFFFFF8000000180000001800000015C
:1075B000800000018787F3F98FC7F3F9986603010C
:1075C00098660301986603019866030198660301B3
:1075D00098660301986603019867F3F99867F3F9D1
:1075E0009866030198660301986603019866030193
:1075F0009866030198660301986603019866030183
:10760000986603018FC6030187860301800000018D
:1076100080000001FFFFFFFF0000000000000000ED
:10762000A072010820730108A073010820740108EA
:10763000A074010800000007FFF801FFF8181FF808
:107640001F03F81F60F81F7CF81F7CF81F7CF81FD1
:107650007CF8077CF8017CF8181CF81F04F81F6000
:10766000F81F7CF81F7CF81F7CF81F7CF8077C0053
:10767000017C00001C00000400000000000000006D
:10768000FF0003FFC003FFC00700E00700E00700A2
:10769000E00700E00700E00000000FFFF01FFFF828
:1076A0001FE7F81FC3F81FC3F81FC3F81FE7F81F31
:1076B000E7F81FE7F81FE7F81FFFF81FFFF80FFFB5
:1076C000F00000000000000C18301E3C781C3870E0
:1076D0003870E03870E03870E03C78F01C38701C8E
:1076E00038700E1C380E1C380E1C380E1C380E1C40
:1076F000381C38703C78F018306000000000000042
:107700001FFFF81FFFF81FFFF80000000000001F18
:10771000FFF81FFFF81FFFF81FFFF8000000000030
:10772000000000000000000000001FFFF81FFFF82D
:107730001FFFF81FFFF8000000000000000000001D
:1077400000000000001FFFF81FFFF81FFFF81FFFD9
:10775000F80000000000001C00381C00381E0078F3
:107760001E00781E00781F00F81F00F81F81F81F08
:1077700081F81D81B81DC3B81CC3381CE7381C66CE
:10778000381C7E381C3C381C3C381C18381C1838F7
:107790001C18381C00381C003800000000000000D5
:1077A00000000007E01C0FF0221C3822381822309D
:1077B000001C3000003000003000003000003000BD
:1077C00000300000300000300000300000300000C9
:1077D0003818001C38000FF00007E000000000001F
:1077E000000000000000000000007E00307F0070FC
:1077F0006180F060C1B060C33060C23060C0306092
:10780000C0306180307F00307E003060003060002A
:107810003060003060003060003060003060003068
:107820006000306000300000000000000000000038
:1078300000007E00F07F01F861830C60C60660C422
:107840000660C00660C00660C0046180087F001842
:107850007E00306000606000C06001806001806078
:1078600003006006006006006007FE6007FE00007F
:10787000000000000000000000007E00F07F01F822
:1078800061830C60C60660C00660C00660C006600A
:10789000C00661800E7F003C7E003C60000E6000F0
:1078A0000660000660000660040660060660030CC1
:1078B0006001F86000F0000000000000000000001F
:1078C00000007E00087F000861801860C01060C062
:1078D0003060C02060C06060C0406180D87F009888
:1078E0007E01986001186003186002186007FC6050
:1078F00007FC6000186000186000186000180000A5
:10790000000000000000000000007E07FC7F07FC74
:1079100061860060C60060C60060C60060C6F06098
:10792000C7F861870C7F00067E00066000066000D5
:107930000660000660000660040660060660070C2C
:107940006003F86001F0000000000000000000008B
:1079500000007E00607F00606180C060C08060C108
:107960008060C10060C30060C2006186F07F07F8DC
:107970007E070C6006066006066006066006066066
:10798000060660020660030C6001F86000F000006B
:10799000000000000000000800000C0000FE7F0F47
:1079A000FC7F0F08030C00030C30030C48030CC8C9
:1079B000030C84030C041B0D02130C03230C012382
:1079C0000C00C30C00030C00030C01030CF3FF0FAD
:1079D000F7FF0F030000010000000000FFFF80011F
:1079E00084018201810180818041802180418081E8
:1079F00081018201840180018001FFFF00000000FD
:107A0000307048F8498C330C030003000300030076
:107A1000030C018C00F8007000000000FFFF8001E3
:107A2000800180018001A005900988118421824194
:107A300081818001800180018001FFFF0006000735
:107A400000130038007C00F801F003E003C003805D
:107A5000F800F80000000000FFFEFFFE07E00FF056
:107A60001818300C60066036607666E667C6638676
:107A70006106300C381C1C380FF003C07FFEFFFF7E
:107A8000C003C003C003C303C603CFFFCFFFC603B9
:107A9000C303C003C003C003FFFF7FFEFFFF8001DD
:107AA00080018001800181818241842188119009B7
:107AB000A0058001800180018001FFFF07E00FF039
:107AC0001818300C6006666667E663C663C667E62C
:107AD0006666300C381C1C380FF003C0FFFF8001B5
:107AE00083C187E18C319819B00DB00DB00DB00D88
:107AF00098198C3187E183C18001FFFFFFFF80016E
:107B0000A00590098811842182418181818182416F
:107B1000842188119009A0058001FFFF000000006A
:107B20003FFC3FFC3FFC3FFC3FFC3FFC3FFC3FFC7D
:107B30003FFC3FFC3FFC3FFC0000000038067C0C93
:107B4000C618C630C6607CC03980030006380C7C7D
:107B500018C630C660C6407C00380000003C183CA7
:107B60004291919D8181423C240000000000C3C3EA
:107B7000C3FFFFC3C3C30040E74000000000183C40
:107B80003C3C180042E7FFFFFFFF00000000020638
:107B90000C1830606030180C060200000000000075
:107BA0000000000000000000000FF000003FFC009B
:107BB000007FFF0001FFFF8003FFFFC003FFFFE026
:107BC00007F00FE007E007F00FC003F00F8001F0AF
:107BD0001F8001F81F0000F81F0000F81F0000F8C8
:107BE0001F0000F81F0000F81F0000F81F0000F839
:107BF0001F0000F81F0000F81F0000F81F0000F829
:107C00001F0000F81F0000F81F0000F81F0000F818
:107C10001F0000F81F0000F81F0000F81F0000F808
:107C20001F0000F81F0000F81F0000F81F0000F8F8
:107C30001F0000F81F0000F81F0000F81F0000F8E8
:107C40001F0000F81F0000F81F0000F81F0000F8D8
:107C50001F0000F81F0000F81F0000F81F0000F8C8
:107C60001F0000F81F0000F81F0000F81F0000F8B8
:107C70000F8001F00F8001F00FC003F007E007E074
:107C800007F81FE003FFFFC001FFFF8000FFFF00B8
:107C9000003FFC00001FF800000000000000000092
:107CA0000000000000000000000FF800003FF80096
:107CB000007FF80000FFF80001FFF80003FFF80064
:107CC00007F9F80007F1F80007E1F80007C1F8002C
:107CD0000781F8000701F8000601F8000401F80028
:107CE0000001F8000001F8000001F8000001F800B0
:107CF0000001F8000001F8000001F8000001F800A0
:107D00000001F8000001F8000001F8000001F8008F
:107D10000001F8000001F8000001F8000001F8007F
:107D20000001F8000001F8000001F8000001F8006F
:107D30000001F8000001F8000001F8000001F8005F
:107D40000001F8000001F8000001F8000001F8004F
:107D50000001F8000001F8000001F8000001F8003F
:107D60000001F8000001F8000001F8000001F8002F
:107D70000001F8000001F8000001F8000001F8001F
:107D80000001F8000001F8000001F8000001F8000F
:107D90000001F8000001F8000000000000000000F1
:107DA0000000000000000000001FFC00007FFF003A
:107DB00000FFFF8001FFFFC003FFFFE007FFFFE0C0
:107DC00007F807F00FF003F00FE001F80FC001F81B
:107DD0001F8000F81F8000F81F0000F81F0000F847
:107DE0001F0000F81F0000F8000000F8000000F875
:107DF000000000F8000000F8000001F8000001F0A9
:107E0000000003F0000003E0000007E0000007C0EE
:107E100000000FC000000FC000001F8000003F00E6
:107E200000003F0000007E000000FE000000FC009B
:107E30000001FC000001F8000003F0000007E00072
:107E40000007E000000FC000000F8000001F80004E
:107E5000001F0000003F0000007E0000007E0000C8
:107E600000FC000000F8000001F8000003F0000032
:107E700003F0000007E0000007C000000FC0000092
:107E80000F8000001FFFFFF81FFFFFF81FFFFFF824
:107E90001FFFFFF81FFFFFF80000000000000000B8
:107EA0000000000000000000001FFC00007FFF0039
:107EB00000FFFF8001FFFFC003FFFFE007FFFFE0BF
:107EC00007F807F00FF003F00FE001F80FC001F81A
:107ED0001F8000F81F8000F81F0000F81F0000F846
:107EE0001F0000F81F0000F8000000F8000000F874
:107EF000000000F8000000F8000001F8000001F8A0
:107F0000000003F8000003F0000007F000003FE06D
:107F10000007FFC00007FF800007FF000007FFC049
:107F20000007FFE000001FF0000007F0000003F86A
:107F3000000001F8000000F80000007C0000007C58
:107F40000000007C0000007C0000007C0000007C41
:107F50000000007C0000007C0000007C3E00007CF3
:107F60003E00007C3E00007C3F00007C3F0000FCA7
:107F70001F8000FC1F8001F80FC003F80FF007F806
:107F800007FFFFF003FFFFE001FFFFC000FFFF80DE
:107F9000007FFF00001FF80000000000000000004C
:107FA00000000000000000000000F8000000F800E1
:107FB0000000F8000001F0000001F0000001F000F6
:107FC0000001E0000003E0000003E0000003E00027
:107FD0000007C0000007C0000007C000000F8000BD
:107FE000000F8000000F8000001F0000001F000035
:107FF000001F0000003E0000003E0000003E0000A8
:10800000007C0000007C0000007C000000F803C041
:1080100000F803C000F803C000F803C001F003C07B
:1080200001F003C001F003C003E003C003E003C09C
:1080300003E003C007C003C007C003C007C003C0FC
:108040000F8003C00F8003C00F8003C01F0003C058
:108050001F0003C01F0003C01E0003C03E0003C07A
:108060003FFFFFFC3FFFFFFC3FFFFFFC3FFFFFFC2C
:108070003FFFFFFC000003C0000003C0000003C07E
:10808000000003C0000003C0000003C0000003C0E4
:10809000000003C0000003C000000000000000005A
:1080A00000000000000000001FFFFFF01FFFFFF0B6
:1080B0001FFFFFF01FFFFFF01FFFFFF01F0000007A
:1080C0001F0000001F0000001F0000001F00000034
:1080D0001F0000001F0000001F0000001F00000024
:1080E0001F0000001F0000001F0000001F00000014
:1080F0001F07F0001F1FFE001F3FFF001F3FFF80F4
:108100001F7FFFC01FFFFFE01FFC0FF01FF807F0ED
:108110001FE003F81FC003F81FC001F81F8000FC18
:108120001F0000FC000000FC0000007C0000007C40
:108130000000007C0000007C0000007C0000007C4F
:108140000000007C0000007C0000007C0000007C3F
:108150000000007C0000007C0000007C1F00007C10
:108160001F00007C1F0000FC1F0000FC1F0000FC23
:108170001F8001F81F8001F80FC003F80FE007F01F
:1081800007F81FF007FFFFF003FFFFE001FFFFC04C
:1081900000FFFF80007FFF00001FF80000000000CC
:1081A00000000000000000000000F8000001F800DE
:1081B0000001F0000003F0000003E0000003E00015
:1081C0000007E0000007C000000FC000000F8000A3
:1081D000001F8000001F8000001F0000003F000003
:1081E000003F0000003E0000007C0000007C00001A
:1081F00000FC000000F8000000F8000001F00000A2
:1082000001F0000003E0000003E7F80007DFFE00D4
:1082100007FFFF0007FFFF800FFFFFC00FFFFFE01A
:108220000FE00FE01FC007F01FC003F01F8003F036
:108230001F0001F81F0001F83F0000F83E0000F8A1
:108240003E0000F83E0000F83E0000F83E0000F856
:108250003E0000F83E0000F83E0000F83E0000F846
:108260003E0000F83E0000F81F0000F81F0001F873
:108270001F8001F01F8001F00FC003E00FE007E056
:1082800007F81FE007FFFFC003FFFFC001FFFF80EB
:1082900000FFFF00007FFC00001FF0000000000056
:1082A00000000000000000001FFFFFF81FFFFFF8A4
:1082B0001FFFFFF81FFFFFF81FFFFFF81F0000F868
:1082C0001F0000F81F0000F81F0000F81F0000F852
:1082D0001F0001F01F0001F01F0001F01F0001F05E
:1082E0001F0003E01F0003E0000003E0000003E0C4
:1082F000000003E0000007E0000007C0000007C026
:108300000000078000000F8000000F8000000F8039
:1083100000000F8000001F0000001F0000001F0071
:1083200000003F0000003F0000003E0000003E0053
:1083300000003E0000007E0000007C0000007C0089
:1083400000007C0000007C000000F8000000F80045
:108350000000F8000000F8000001F0000001F0004B
:108360000001F0000003F0000003F0000003E00053
:108370000003E0000003E0000007E0000007C00089
:108380000007C000000FC000000FC000000F8000F9
:10839000001F8000001F800000000000000000009F
:1083A0000000000000000000003FF80000FFFF0098
:1083B00001FFFF8003FFFFC003FFFFE007F00FE0B6
:1083C0000FC007F00FC001F00F8001F81F0000F888
:1083D0001F0000F81F0000F81F0000F81F0000F841
:1083E0001F0000F81F0000F81F0000F81F0000F831
:1083F0001F0000F81F0000F81F0000F81F0000F821
:108400000F8001F00F8001F007E003E007FFFFE0BD
:1084100003FFFFC003FFFF8001FFFF8001FFFF801C
:1084200003FFFFC007FFFFE00FF01FE00FC007F0E2
:108430001F8001F01F0001F81F0000F83E0000FC43
:108440003E00007C3E00007C3E00007C3E00007C44
:108450003E00007C3E00007C3E00007C3E00007C34
:108460003E00007C3E00007C3F00007C3F0000FCA2
:108470001F8000FC1F8001F80FC003F80FE007F019
:1084800007F81FE007FFFFC003FFFFC001FFFF80E9
:1084900000FFFF00007FFC00001FF0000000000054
:1084A0000000000000000000003FF80000FFFF0097
:1084B00001FFFF8003FFFFC003FFFFE007F81FE09D
:1084C0000FF007F00FE003F00FC003F81F8001F872
:1084D0001F8001F81F0000F81F0000F81F0000F8BF
:1084E0001F0000F81F0000F81F0000F81F0000F830
:1084F0001F0000F81F0000F81F0000F81F0000F820
:108500001F0000F81F0001F80F8001F80F8003F82A
:108510000FC003F007E007F007F00FF003FFFFE0E4
:1085200003FFFFE001FFFFE000FFFFE0007FFFC06F
:10853000001FFFC000000F8000000F8000001F80A0
:1085400000001F0000001F0000003E0000003E0071
:1085500000007E0000007C0000007C000000FC00A9
:108560000000F8000001F8000001F0000001F00038
:108570000003E0000003E0000007E0000007C00087
:108580000007C000000F8000001F8000001F800057
:10859000001F0000003F000000000000000000007D
:1085A00007E01FF83FFC381C700E700E700E700E46
:1085B000700E700E700E700E700E700E700E700ECB
:1085C000700E700E700E700E700E700E700E700EBB
:1085D000700E381C3FFC1FF807E000000000000090
:1085E00007C01FC03FC03DC031C021C001C001C095
:1085F00001C001C001C001C001C001C001C001C073
:1086000001C001C001C001C001C001C001C001C062
:1086100001C001C001C001C001C001C000000000D4
:1086200007E01FF81FFC3C1C380E700E700E700E19
:10863000000E000E000E001C001C003800700070C0
:1086400000E001C001C00380038007000E001C0091
:108650001C00380070007FFE7FFE7FFE00000000DF
:1086600007E01FF81FFC3C1C380E700E700E700ED9
:10867000000E000E000E001C001C01F801F801FCA9
:10868000001C000E000E000E000E000E700E700E8C
:10869000700E380E3C1C1FFC1FF807E000000000A5
:1086A00000E000E001C001C001C00380038003803E
:1086B0000700070007000E000E380E381C381C3863
:1086C0001C38383838383838703870387FFE7FFEBC
:1086D0007FFE003800380038003800380000000005
:1086E0003FFC3FFC3FFC38003800380038003800C1
:1086F000380039E03FF83FFC3E1C380E300E000ECB
:10870000000E000E000E000E000E000E700E700E19
:10871000380E381E1FFC0FF807F0000000000000A4
:1087200000E000E001C001C00380038007000700F3
:108730000E000E001C001C001FF03FF83FFC381C10
:10874000700E700E700E700E700E700E700E700E39
:10875000700E700E381C3FFC1FF807E00000000090
:108760007FFE7FFE7FFE700E700E700E701C701C00
:10877000001C001C00180038003800380070007021
:108780000070007000E000E000E000E001C001C007
:1087900001C001C00380038003800380000000004B
:1087A0000FF01FF83FFC381C700E700E700E700E2C
:1087B000700E700E380E381C1C381FF80FF01FF8A2
:1087C000381C700E700E700E700E700E700E700EE3
:1087D000700E381C3C3C1FF80FF007E00000000052
:1087E0000FF01FF83FFC381C700E700E700E700EEC
:1087F000700E700E700E700E700E381E3FFE1FFC55
:108800000FFC003800380070007000E000E001C08C
:1088100001C001C0038003800700070000000000C2
:1088200000000000000000001F003F80318060C099
:1088300060C060C060C060C060C031803F801F0009
:108840000000000000000000000000000000000028
:1088500000000000000000001E003E003600060080
:108860000600060006000600060006003FC03FC0E6
:1088700000000000000000000000000000000000F8
:1088800000000000000000003E007F0043800180E7
:108890000180038007000E001C0038007F807F806D
:1088A00000000000000000000000000000000000C8
:1088B00000000000000000003F007FC040C000C07A
:1088C0001F801F8001C000C000C041C07F803F00EA
:1088D0000000000000000000000000000000000098
:1088E0000000000000000000078007800D801D8050
:1088F00019803980318061807FE07FE001800180D4
:108900000000000000000000000000000000000067
:1089100000000000000000007F807F806000600099
:108920007F007F8041C000C000C041C07F803F0009
:108930000000000000000000000000000000000037
:1089400000000000000000000F003F803080600049
:108950007F007F8071C060C060C031C03F801F0059
:108960000000000000000000000000000000000007
:1089700000000000000000007FC07FC001C0018037
:10898000018003000300060006000C000C001C0020
:1089900000000000000000000000000000000000D7
:1089A00000000000000000003F807FC060C060C089
:1089B0003F803F8071C060C060C071C03F801F00B9
:1089C00000000000000000000000000000000000A7
:1089D00000000000000000001F003F80718060C0A8
:1089E00060C071C03FC01FC000C021803F801E001A
:1089F0000000000000000000000000001E00360023
:108A00004E00000014004600780000001E003600F2
:108A10004E006600000000000000000000000000A2
:108A20000FFFFFFC007FFFFC200FFFFC3E007FFCE0
:108A30003FC007FC3FC801FC3FCFC1FC3FCFF1FC6A
:108A40003FCFF1FC3FCFF1FC3FCFF1FC0FCFF1FC6A
:108A500001CFF1FC200FF1FC3E01F1FC3FC031FCE5
:108A60003FC801FC3FCF81FC3FCFF1FC3FCFF1FC81
:108A70003FCFF1FC3FCFF1FC3FCFF1FC3FCFF1FC0A
:108A800003CFF000004FF0000001F00000003000C4
:108A900000000000000000000000000000000000D6
:108AA000007FFE0001FFFF8003FFFFC003E007C05F
:108AB000078003E0078001E0078001E0078001E014
:108AC000078001E0078001E0000000001FFFFFF8C1
:108AD0003FFFFFFC3FFFFFFC3FFFFFFC3FFC3FFC75
:108AE0003FF81FFC3FF81FFC3FFC3FFC3FFC3FFCF6
:108AF0003FFC3FFC3FFC3FFC3FFC3FFC3FFE7FFC5C
:108B00003FFFFFFC3FFFFFFC3FFFFFFC1FFFFFF8A5
:108B10000000000000000000000000000000000055
:108B20000381C0E00783C1E00F87C3E00F0783C064
:108B30001E0F07801E0F07801E0F07801E0F078065
:108B40001E0F07800F0783C00F0783C00783C1E094
:108B50000381C0E003C1E0F001C0E07001E0F07803
:108B600003E1F0F803C1E0F00783C1E00F87C3E041
:108B70000F0783C00E070380000000000000000004
:108B80003FFFFFFC3FFFFFFC3FFFFFFC3FFFFFFC01
:108B900000000000000000000000000000000000D5
:108BA0003FFFFFFC3FFFFFFC3FFFFFFC3FFFFFFCE1
:108BB00000000000000000000000000000000000B5
:108BC00000000000000000000000000000000000A5
:108BD0003FFFFFFC3FFFFFFC3FFFFFFC3FFFFFFCB1
:108BE0000000000000000000000000000000000085
:108BF0000000000000000000000000000000000075
:108C00003FFFFFFC3FFFFFFC3FFFFFFC3FFFFFFC80
:108C10000000000000000000000000000000000054
:108C20003C00003C3E00007C3E00007C3F0000FC1D
:108C30003F0000FC3F8001FC3F8001FC3FC003FC83
:108C40003DC003FC3DE007BC3CE0073C3CF00F3C72
:108C50003C700E3C3C781E3C3C381C3C3C3C3C3C54
:108C60003C1C383C3C1E783C3C0E703C3C0FF03CBD
:108C70003C07E03C3C07E03C3C03C03C3C03C03CC0
:108C80003C01803C3C01803C3C00003C3C00003C02
:108C900000000000FFFFFFFF8000000180000001D6
:108CA000800000018000000187E060198FF07019DA
:108CB000981878199818681998186C1998186C19D8
:108CC00098186419981866199818661998186219EE
:108CD0009818631998186319981861199818619968
:108CE0009818619998186099981860D9981860D95F
:108CF00098186059981860798FF0603987E060198A
:108D0000800000018000000180000001800000015F
:108D1000FFFFFFFFFFFFFFFF800000018000000159
:108D200080000001800000018787F3F98FC7F3F905
:108D3000986603019866030198660301986603012B
:108D40009866030198660301986603019867F3F932
:108D50009867F3F998660301986603019866030122
:108D600098660301986603019866030198660301FB
:108D700098660301986603018FC603018786030185
:108D80008000000180000001FFFFFFFF00000000E5
:108D900000000000148A0108948A0108148B01085D
:108DA000948B0108148C010800000007FFF801FFF4
:108DB000F8181FF81F03F81F60F81F7CF81F7CF8D5
:108DC0001F7CF81F7CF8077CF8017CF8181CF81F42
:108DD00004F81F60F81F7CF81F7CF81F7CF81F7CCC
:108DE000F8077C00017C00001C000004000000006B
:108DF00000000000FF0003FFC003FFC00700E00702
:108E000000E00700E00700E00700E00000000FFFBF
:108E1000F01FFFF81FE7F81FC3F81FC3F81FC3F8C0
:108E20001FE7F81FE7F81FE7F81FE7F81FFFF81F15
:108E3000FFF80FFFF00000000000000C18301E3C8F
:108E4000781C38703870E03870E03870E03C78F0AA
:108E50001C38701C38700E1C380E1C380E1C380E56
:108E60001C380E1C381C38703C78F018306000003C
:108E7000000000001FFFF81FFFF81FFFF8000000B0
:108E80000000001FFFF81FFFF81FFFF81FFFF8008A
:108E900000000000000000000000000000001FFFB4
:108EA000F81FFFF81FFFF81FFFF800000000000088
:108EB0000000000000000000001FFFF81FFFF81F67
:108EC000FFF81FFFF80000000000001C00381C0025
:108ED000381E00781E00781E00781F00F81F00F86A
:108EE0001F81F81F81F81D81B81DC3B81CC3381C31
:108EF000E7381C66381C7E381C3C381C3C381C1873
:108F0000381C18381C18381C00381C0038000000A9
:108F10000000000000000007E01C0FF0221C3822B7
:108F200038182230001C30000030000030000030C3
:108F30000000300000300000300000300000300041
:108F4000003000003818001C38000FF00007E00067
:108F500000000000000000000000000000007E0093
:108F6000307F00706180F060C1B060C33060C2309B
:108F700060C03060C0306180307F00307E00306083
:108F80000030600030600030600030600030600011
:108F900030600030600030600030000000000000F1
:108FA0000000000000007E00F07F01F861830C608B
:108FB000C60660C40660C00660C00660C00461806A
:108FC000087F00187E00306000606000C060018093
:108FD0006001806003006006006006006007FE60BC
:108FE00007FE0000000000000000000000007E00FE
:108FF000F07F01F861830C60C60660C00660C006A1
:1090000060C00660C00661800E7F003C7E003C6050
:10901000000E600006600006600006600406600640
:109020000660030C6001F86000F000000000000022
:109030000000000000007E00087F000861801860CA
:10904000C01060C03060C02060C06060C0406180FF
:10905000D87F00987E01986001186003186002189C
:109060006007FC6007FC6000186000186000186072
:1090700000180000000000000000000000007E0753
:10908000FC7F07FC61860060C60060C60060C60009
:1090900060C6F060C7F861870C7F00067E0006603E
:1090A00000066000066000066000066004066006B8
:1090B0000660070C6003F86001F00000000000008B
:1090C0000000000000007E00607F00606180C060E2
:1090D000C08060C18060C10060C30060C200618662
:1090E000F07F07F87E070C6006066006066006063D
:1090F00060060660060660020660030C6001F86008
:1091000000F00000000000000000000800000C005B
:1091100000FE7F0FFC7F0F08030C00030C30030CD4
:1091200048030CC8030C84030C041B0D02130C032E
:10913000230C01230C00C30C00030C00030C0103DF
:109140000CF3FF0FF7FF0F03000001000000000009
:10915000FFFF8001840182018101808180418021A3
:109160008041808181018201840180018001FFFFB3
:1091700000000000307048F8498C330C03000300F5
:1091800003000300030C018C00F8007000000000D5
:10919000FFFF8001800180018001A00590098811F6
:1091A0008421824181818001800180018001FFFF53
:1091B0000006000700130038007C00F801F003E00F
:1091C00003C00380F800F80000000000FFFEFFFE6F
:1091D00007E00FF01818300C60066036607666E61F
:1091E00067C663866106300C381C1C380FF003C05C
:1091F0007FFEFFFFC003C003C003C303C603CFFF4E
:10920000CFFFC603C303C003C003C003FFFF7FFE3D
:10921000FFFF8001800180018001818182418421E2
:1092200088119009A0058001800180018001FFFF65
:1092300007E00FF01818300C6006666667E663C634
:1092400063C667E66666300C381C1C380FF003C036
:10925000FFFF800183C187E18C319819B00DB00DFB
:10926000B00DB00D98198C3187E183C18001FFFFEB
:10927000FFFF8001A005900988118421824181812E
:1092800081818241842188119009A0058001FFFF1E
:10929000000000003FFC3FFC3FFC3FFC3FFC3FFC6C
:1092A0003FFC3FFC3FFC3FFC3FFC3FFC000000005C
:1092B00038067C0CC618C630C6607CC039800300F6
:1092C00006380C7C18C630C660C6407C00380000EA
:1092D000003C183C4291919D8181423C2400000059
:1092E0000000C3C3C3FFFFC3C3C30040E740000087
:1092F0000000183C3C3C180042E7FFFFFFFF000065
:10930000000002060C1830606030180C06020000E5
:10931000000000000000000000000000000FF0004E
:10932000003FFC00007FFF0001FFFF8003FFFFC044
:1093300003FFFFE007F00FE007E007F00FC003F0C6
:109340000F8001F01F8001F81F0000F81F0000F8D7
:109350001F0000F81F0000F81F0000F81F0000F8B1
:109360001F0000F81F0000F81F0000F81F0000F8A1
:109370001F0000F81F0000F81F0000F81F0000F891
:109380001F0000F81F0000F81F0000F81F0000F881
:109390001F0000F81F0000F81F0000F81F0000F871
:1093A0001F0000F81F0000F81F0000F81F0000F861
:1093B0001F0000F81F0000F81F0000F81F0000F851
:1093C0001F0000F81F0000F81F0000F81F0000F841
:1093D0001F0000F81F0000F81F0000F81F0000F831
:1093E0001F0000F80F8001F00F8001F00FC003F0A4
:1093F00007E007E007F81FE003FFFFC001FFFF8061
:1094000000FFFF00003FFC00001FF800000000000C
:10941000000000000000000000000000000FF80045
:10942000003FF800007FF80000FFF80001FFF8009F
:1094300003FFF80007F9F80007F1F80007E1F8006A
:1094400007C1F8000781F8000701F8000601F800DD
:109450000401F8000001F8000001F8000001F80024
:109460000001F8000001F8000001F8000001F80018
:109470000001F8000001F8000001F8000001F80008
:109480000001F8000001F8000001F8000001F800F8
:109490000001F8000001F8000001F8000001F800E8
:1094A0000001F8000001F8000001F8000001F800D8
:1094B0000001F8000001F8000001F8000001F800C8
:1094C0000001F8000001F8000001F8000001F800B8
:1094D0000001F8000001F8000001F8000001F800A8
:1094E0000001F8000001F8000001F8000001F80098
:1094F0000001F8000001F8000001F8000001F80088
:109500000001F8000001F8000001F8000000000070
:10951000000000000000000000000000001FFC0030
:10952000007FFF0000FFFF8001FFFFC003FFFFE09F
:1095300007FFFFE007F807F00FF003F00FE001F876
:109540000FC001F81F8000F81F8000F81F0000F80E
:109550001F0000F81F0000F81F0000F8000000F8CE
:10956000000000F8000000F8000000F8000001F81A
:10957000000001F0000003F0000003E0000007E03D
:10958000000007C000000FC000000FC000001F80D7
:1095900000003F0000003F0000007E000000FE00D1
:1095A0000000FC000001FC000001F8000003F000D6
:1095B0000007E0000007E000000FC000000F80007F
:1095C000001F8000001F0000003F0000007E000020
:1095D000007E000000FC000000F8000001F8000020
:1095E00003F0000003F0000007E0000007C00000E7
:1095F0000FC000000F8000001FFFFFF81FFFFFF8E3
:109600001FFFFFF81FFFFFF81FFFFFF8000000001B
:10961000000000000000000000000000001FFC002F
:10962000007FFF0000FFFF8001FFFFC003FFFFE09E
:1096300007FFFFE007F807F00FF003F00FE001F875
:109640000FC001F81F8000F81F8000F81F0000F80D
:109650001F0000F81F0000F81F0000F8000000F8CD
:10966000000000F8000000F8000000F8000001F819
:10967000000001F8000003F8000003F0000007F00C
:1096800000003FE00007FFC00007FF800007FF0069
:109690000007FFC00007FFE000001FF0000007F018
:1096A000000003F8000001F8000000F80000007C52
:1096B0000000007C0000007C0000007C0000007CBA
:1096C0000000007C0000007C0000007C0000007CAA
:1096D0003E00007C3E00007C3E00007C3F00007CA1
:1096E0003F0000FC1F8000FC1F8001F80FC003F842
:1096F0000FF007F807FFFFF003FFFFE001FFFFC0D7
:1097000000FFFF80007FFF00001FF8000000000046
:109710000000000000000000000000000000F80051
:109720000000F8000000F8000001F0000001F00067
:109730000001F0000001E0000003E0000003E00091
:109740000003E0000007C0000007C0000007C000E1
:10975000000F8000000F8000000F8000001F00003D
:10976000001F0000001F0000003E0000003E00003F
:10977000003E0000007C0000007C0000007C000037
:1097800000F803C000F803C000F803C000F803C0ED
:1097900001F003C001F003C001F003C003E003C007
:1097A00003E003C003E003C007C003C007C003C059
:1097B00007C003C00F8003C00F8003C00F8003C029
:1097C0001F0003C01F0003C01F0003C01E0003C012
:1097D0003E0003C03FFFFFFC3FFFFFFC3FFFFFFCDD
:1097E0003FFFFFFC3FFFFFFC000003C0000003C081
:1097F000000003C0000003C0000003C0000003C05D
:10980000000003C0000003C0000003C0000000000F
:109810000000000000000000000000001FFFFFF03B
:109820001FFFFFF01FFFFFF01FFFFFF01FFFFFF004
:109830001F0000001F0000001F0000001F000000AC
:109840001F0000001F0000001F0000001F0000009C
:109850001F0000001F0000001F0000001F0000008C
:109860001F0000001F07F0001F1FFE001F3FFF002A
:109870001F3FFF801F7FFFC01FFFFFE01FFC0FF097
:109880001FF807F01FE003F81FC003F81FC001F81E
:109890001F8000FC1F0000FC000000FC0000007C9A
:1098A0000000007C0000007C0000007C0000007CC8
:1098B0000000007C0000007C0000007C0000007CB8
:1098C0000000007C0000007C0000007C0000007CA8
:1098D0001F00007C1F00007C1F0000FC1F0000FC1C
:1098E0001F0000FC1F8001F81F8001F80FC003F863
:1098F0000FE007F007F81FF007FFFFF003FFFFE09E
:1099000001FFFFC000FFFF80007FFF00001FF80085
:109910000000000000000000000000000000F8004F
:109920000001F8000001F0000003F0000003E00077
:109930000003E0000007E0000007C000000FC000C7
:10994000000F8000001F8000001F8000001F00002B
:10995000003F0000003F0000003E0000007C0000CF
:10996000007C000000FC000000F8000000F800008F
:1099700001F0000001F0000003E0000003E7F80040
:1099800007DFFE0007FFFF0007FFFF800FFFFFC09C
:109990000FFFFFE00FE00FE01FC007F01FC003F054
:1099A0001F8003F01F0001F81F0001F83F0000F8BE
:1099B0003E0000F83E0000F83E0000F83E0000F8CF
:1099C0003E0000F83E0000F83E0000F83E0000F8BF
:1099D0003E0000F83E0000F83E0000F81F0000F8CE
:1099E0001F0001F81F8001F01F8001F00FC003E08D
:1099F0000FE007E007F81FE007FFFFC003FFFFC00D
:109A000001FFFF8000FFFF00007FFC00001FF0004F
:109A10000000000000000000000000001FFFFFF831
:109A20001FFFFFF81FFFFFF81FFFFFF81FFFFFF8E2
:109A30001F0000F81F0000F81F0000F81F0000F8CA
:109A40001F0000F81F0001F01F0001F01F0001F0CF
:109A50001F0001F01F0003E01F0003E0000003E00F
:109A6000000003E0000003E0000007E0000007C082
:109A7000000007C00000078000000F8000000F807A
:109A800000000F8000000F8000001F0000001F007A
:109A900000001F0000003F0000003F0000003E00EB
:109AA00000003E0000003E0000007E0000007C0040
:109AB00000007C0000007C0000007C000000F8003A
:109AC0000000F8000000F8000000F8000001F000BD
:109AD0000001F0000001F0000003F0000003F000BE
:109AE0000003E0000003E0000003E0000007E000E6
:109AF0000007C0000007C000000FC000000FC0003A
:109B0000000F8000001F8000001F80000000000088
:109B1000000000000000000000000000003FF8000E
:109B200000FFFF0001FFFF8003FFFFC003FFFFE016
:109B300007F00FE00FC007F00FC001F00F8001F831
:109B40001F0000F81F0000F81F0000F81F0000F8B9
:109B50001F0000F81F0000F81F0000F81F0000F8A9
:109B60001F0000F81F0000F81F0000F81F0000F899
:109B70001F0000F80F8001F00F8001F007E003E004
:109B800007FFFFE003FFFFC003FFFF8001FFFF802F
:109B900001FFFF8003FFFFC007FFFFE00FF01FE0A2
:109BA0000FC007F01F8001F01F0001F81F0000F830
:109BB0003E0000FC3E00007C3E00007C3E00007C3D
:109BC0003E00007C3E00007C3E00007C3E00007CAD
:109BD0003E00007C3E00007C3E00007C3F00007C9C
:109BE0003F0000FC1F8000FC1F8001F80FC003F83D
:109BF0000FE007F007F81FE007FFFFC003FFFFC0FB
:109C000001FFFF8000FFFF00007FFC00001FF0004D
:109C1000000000000000000000000000003FF8000D
:109C200000FFFF0001FFFF8003FFFFC003FFFFE015
:109C300007F81FE00FF007F00FE003F00FC003F884
:109C40001F8001F81F8001F81F0000F81F0000F8B6
:109C50001F0000F81F0000F81F0000F81F0000F8A8
:109C60001F0000F81F0000F81F0000F81F0000F898
:109C70001F0000F81F0000F81F0001F80F8001F816
:109C80000F8003F80FC003F007E007F007F00FF0B4
:109C900003FFFFE003FFFFE001FFFFE000FFFFE045
:109CA000007FFFC0001FFFC000000F8000000F807A
:109CB00000001F8000001F0000001F0000003E0089
:109CC00000003E0000007E0000007C0000007C00E0
:109CD0000000FC000000F8000001F8000001F000A6
:109CE0000001F0000003E0000003E0000007E000D6
:109CF0000007C0000007C000000F8000001F8000A8
:109D0000001F8000001F0000003F00000000000056
:109D10000000000007E01FF83FFC381C700E700EBA
:109D2000700E700E700E700E700E700E700E700E43
:109D3000700E700E700E700E700E700E700E700E33
:109D4000700E700E700E381C3FFC1FF807E000000C
:109D50000000000007C01FC03FC03DC031C021C08F
:109D600001C001C001C001C001C001C001C001C0EB
:109D700001C001C001C001C001C001C001C001C0DB
:109D800001C001C001C001C001C001C001C001C0CB
:109D90000000000007E01FF81FFC3C1C380E700E8E
:109DA000700E700E000E000E000E001C001C00381D
:109DB0000070007000E001C001C003800380070054
:109DC0000E001C001C00380070007FFE7FFE7FFE2E
:109DD0000000000007E01FF81FFC3C1C380E700E4E
:109DE000700E700E000E000E000E001C001C01F81C
:109DF00001F801FC001C000E000E000E000E000E0B
:109E0000700E700E700E380E3C1C1FFC1FF807E021
:109E10000000000000E000E001C001C001C00380BC
:109E2000038003800700070007000E000E380E387D
:109E30001C381C381C383838383838387038703886
:109E40007FFE7FFE7FFE0038003800380038003883
:109E5000000000003FFC3FFC3FFC380038003800A9
:109E600038003800380039E03FF83FFC3E1C380E1F
:109E7000300E000E000E000E000E000E000E000E42
:109E8000700E700E380E381E1FFC0FF807F0000021
:109E90000000000000E000E001C001C0038003807A
:109EA000070007000E000E001C001C001FF03FF80A
:109EB0003FFC381C700E700E700E700E700E700E1F
:109EC000700E700E700E700E381C3FFC1FF807E00D
:109ED000000000007FFE7FFE7FFE700E700E700E91
:109EE000701C701C001C001C001800380038003862
:109EF000007000700070007000E000E000E000E022
:109F000001C001C001C001C0038003800380038041
:109F1000000000000FF01FF83FFC381C700E700EA0
:109F2000700E700E700E700E380E381C1C381FF834
:109F30000FF01FF8381C700E700E700E700E700E41
:109F4000700E700E700E381C3C3C1FF80FF007E0CE
:109F5000000000000FF01FF83FFC381C700E700E60
:109F6000700E700E700E700E700E700E700E381E29
:109F70003FFE1FFC0FFC003800380070007000E04E
:109F800000E001C001C001C003800380070007009A
:109F90000000000000000000000000001F003F80E3
:109FA000318060C060C060C060C060C060C031808F
:109FB0003F801F00000000000000000000000000C3
:109FC0000000000000000000000000001E003E0035
:109FD0003600060006000600060006000600060021
:109FE0003FC03FC000000000000000000000000073
:109FF0000000000000000000000000003E007F00A4
:10A00000438001800180038007000E001C0038009F
:10A010007F807F8000000000000000000000000042
:10A020000000000000000000000000003F007FC0B2
:10A0300040C000C01F801F8001C000C000C041C0E0
:10A040007F803F00000000000000000000000000D2
:10A0500000000000000000000000000007800780F2
:10A060000D801D8019803980318061807FE07FE024
:10A0700001800180000000000000000000000000DE
:10A080000000000000000000000000007F807F80D2
:10A09000600060007F007F8041C000C000C041C000
:10A0A0007F803F0000000000000000000000000072
:10A0B0000000000000000000000000000F003F80D2
:10A0C000308060007F007F8071C060C060C031C0A0
:10A0D0003F801F00000000000000000000000000A2
:10A0E0000000000000000000000000007FC07FC0F2
:10A0F00001C00180018003000300060006000C007F
:10A100000C001C0000000000000000000000000027
:10A110000000000000000000000000003F807FC041
:10A1200060C060C03F803F8071C060C060C071C0CF
:10A130003F801F0000000000000000000000000041
:10A140000000000000000000000000001F003F8031
:10A15000718060C060C071C03FC01FC000C021805E
:10A160003F801E0000000000000000000000000012
:10A170001E0036004E0066000C000208D8FF0108E1
:10A1800014000208E8FF010820000208C8FF0108C7
:10A19000FCFF0108000000000000000000000000BB
:10A1A0000FFFFFFC007FFFFC200FFFFC3E007FFC49
:10A1B0003FC007FC3FC801FC3FCFC1FC3FCFF1FCD3
:10A1C0003FCFF1FC3FCFF1FC3FCFF1FC0FCFF1FCD3
:10A1D00001CFF1FC200FF1FC3E01F1FC3FC031FC4E
:10A1E0003FC801FC3FCF81FC3FCFF1FC3FCFF1FCEA
:10A1F0003FCFF1FC3FCFF1FC3FCFF1FC3FCFF1FC73
:10A2000003CFF000004FF0000001F000000030002C
:10A21000000000000000000000000000000000003E
:10A22000007FFE0001FFFF8003FFFFC003E007C0C7
:10A23000078003E0078001E0078001E0078001E07C
:10A24000078001E0078001E0000000001FFFFFF829
:10A250003FFFFFFC3FFFFFFC3FFFFFFC3FFC3FFCDD
:10A260003FF81FFC3FF81FFC3FFC3FFC3FFC3FFC5E
:10A270003FFC3FFC3FFC3FFC3FFC3FFC3FFE7FFCC4
:10A280003FFFFFFC3FFFFFFC3FFFFFFC1FFFFFF80E
:10A2900000000000000000000000000000000000BE
:10A2A0000381C0E00783C1E00F87C3E00F0783C0CD
:10A2B0001E0F07801E0F07801E0F07801E0F0780CE
:10A2C0001E0F07800F0783C00F0783C00783C1E0FD
:10A2D0000381C0E003C1E0F001C0E07001E0F0786C
:10A2E00003E1F0F803C1E0F00783C1E00F87C3E0AA
:10A2F0000F0783C00E07038000000000000000006D
:10A300003FFFFFFC3FFFFFFC3FFFFFFC3FFFFFFC69
:10A31000000000000000000000000000000000003D
:10A320003FFFFFFC3FFFFFFC3FFFFFFC3FFFFFFC49
:10A33000000000000000000000000000000000001D
:10A34000000000000000000000000000000000000D
:10A350003FFFFFFC3FFFFFFC3FFFFFFC3FFFFFFC19
:10A3600000000000000000000000000000000000ED
:10A3700000000000000000000000000000000000DD
:10A380003FFFFFFC3FFFFFFC3FFFFFFC3FFFFFFCE9
:10A3900000000000000000000000000000000000BD
:10A3A0003C00003C3E00007C3E00007C3F0000FC86
:10A3B0003F0000FC3F8001FC3F8001FC3FC003FCEC
:10A3C0003DC003FC3DE007BC3CE0073C3CF00F3CDB
:10A3D0003C700E3C3C781E3C3C381C3C3C3C3C3CBD
:10A3E0003C1C383C3C1E783C3C0E703C3C0FF03C26
:10A3F0003C07E03C3C07E03C3C03C03C3C03C03C29
:10A400003C01803C3C01803C3C00003C3C00003C6A
:10A4100000000000FFFFFFFF80000001800000013E
:10A42000800000018000000187E060198FF0701942
:10A43000981878199818681998186C1998186C1940
:10A440009818641998186619981866199818621956
:10A4500098186319981863199818611998186199D0
:10A460009818619998186099981860D9981860D9C7
:10A4700098186059981860798FF0603987E06019F2
:10A4800080000001800000018000000180000001C8
:10A49000FFFFFFFFFFFFFFFF8000000180000001C2
:10A4A00080000001800000018787F3F98FC7F3F96E
:10A4B0009866030198660301986603019866030194
:10A4C0009866030198660301986603019867F3F99B
:10A4D0009867F3F99866030198660301986603018B
:10A4E0009866030198660301986603019866030164
:10A4F00098660301986603018FC6030187860301EE
:10A500008000000180000001FFFFFFFF000000004D
:10A510000000000094A1010814A2010894A20108FF
:10A5200014A3010894A3010800000007FFF801FF2D
:10A53000F8181FF81F03F81F60F81F7CF81F7CF83D
:10A540001F7CF81F7CF8077CF8017CF8181CF81FAA
:10A5500004F81F60F81F7CF81F7CF81F7CF81F7C34
:10A56000F8077C00017C00001C00000400000000D3
:10A5700000000000FF0003FFC003FFC00700E0076A
:10A5800000E00700E00700E00700E00000000FFF28
:10A59000F01FFFF81FE7F81FC3F81FC3F81FC3F829
:10A5A0001FE7F81FE7F81FE7F81FE7F81FFFF81F7E
:10A5B000FFF80FFFF00000000000000C18301E3CF8
:10A5C000781C38703870E03870E03870E03C78F013
:10A5D0001C38701C38700E1C380E1C380E1C380EBF
:10A5E0001C380E1C381C38703C78F01830600000A5
:10A5F000000000001FFFF81FFFF81FFFF800000019
:10A600000000001FFFF81FFFF81FFFF81FFFF800F2
:10A6100000000000000000000000000000001FFF1C
:10A62000F81FFFF81FFFF81FFFF8000000000000F0
:10A630000000000000000000001FFFF81FFFF81FCF
:10A64000FFF81FFFF80000000000001C00381C008D
:10A65000381E00781E00781E00781F00F81F00F8D2
:10A660001F81F81F81F81D81B81DC3B81CC3381C99
:10A67000E7381C66381C7E381C3C381C3C381C18DB
:10A68000381C18381C18381C00381C003800000012
:10A690000000000000000007E01C0FF0221C382220
:10A6A00038182230001C300000300000300000302C
:10A6B00000003000003000003000003000003000AA
:10A6C000003000003818001C38000FF00007E000D0
:10A6D00000000000000000000000000000007E00FC
:10A6E000307F00706180F060C1B060C33060C23004
:10A6F00060C03060C0306180307F00307E003060EC
:10A700000030600030600030600030600030600079
:10A710003060003060003060003000000000000059
:10A720000000000000007E00F07F01F861830C60F3
:10A73000C60660C40660C00660C00660C0046180D2
:10A74000087F00187E00306000606000C0600180FB
:10A750006001806003006006006006006007FE6024
:10A7600007FE0000000000000000000000007E0066
:10A77000F07F01F861830C60C60660C00660C00609
:10A7800060C00660C00661800E7F003C7E003C60B9
:10A79000000E6000066000066000066004066006A9
:10A7A0000660030C6001F86000F00000000000008B
:10A7B0000000000000007E00087F00086180186033
:10A7C000C01060C03060C02060C06060C040618068
:10A7D000D87F00987E019860011860031860021805
:10A7E0006007FC6007FC60001860001860001860DB
:10A7F00000180000000000000000000000007E07BC
:10A80000FC7F07FC61860060C60060C60060C60071
:10A8100060C6F060C7F861870C7F00067E000660A6
:10A820000006600006600006600006600406600620
:10A830000660070C6003F86001F0000000000000F3
:10A840000000000000007E00607F00606180C0604A
:10A85000C08060C18060C10060C30060C2006186CA
:10A86000F07F07F87E070C600606600606600606A5
:10A8700060060660060660020660030C6001F86070
:10A8800000F00000000000000000000800000C00C4
:10A8900000FE7F0FFC7F0F08030C00030C30030C3D
:10A8A00048030CC8030C84030C041B0D02130C0397
:10A8B000230C01230C00C30C00030C00030C010348
:10A8C0000CF3FF0FF7FF0F03000001000000000072
:10A8D000FFFF80018401820181018081804180210C
:10A8E0008041808181018201840180018001FFFF1C
:10A8F00000000000307048F8498C330C030003005E
:10A9000003000300030C018C00F80070000000003D
:10A91000FFFF8001800180018001A005900988115E
:10A920008421824181818001800180018001FFFFBB
:10A930000006000700130038007C00F801F003E077
:10A9400003C00380F800F80000000000FFFEFFFED7
:10A9500007E00FF01818300C60066036607666E687
:10A9600067C663866106300C381C1C380FF003C0C4
:10A970007FFEFFFFC003C003C003C303C603CFFFB6
:10A98000CFFFC603C303C003C003C003FFFF7FFEA6
:10A99000FFFF80018001800180018181824184214B
:10A9A00088119009A0058001800180018001FFFFCE
:10A9B00007E00FF01818300C6006666667E663C69D
:10A9C00063C667E66666300C381C1C380FF003C09F
:10A9D000FFFF800183C187E18C319819B00DB00D64
:10A9E000B00DB00D98198C3187E183C18001FFFF54
:10A9F000FFFF8001A0059009881184218241818197
:10AA000081818241842188119009A0058001FFFF86
:10AA1000000000003FFC3FFC3FFC3FFC3FFC3FFCD4
:10AA20003FFC3FFC3FFC3FFC3FFC3FFC00000000C4
:10AA300038067C0CC618C630C6607CC0398003005E
:10AA400006380C7C18C630C660C6407C0038000052
:10AA5000003C183C4291919D8181423C24000000C1
:10AA60000000C3C3C3FFFFC3C3C30040E7400000EF
:10AA70000000183C3C3C180042E7FFFFFFFF0000CD
:10AA8000000002060C1830606030180C060200004E
:10AA9000000000000000000000000000000FF000B7
:10AAA000003FFC00007FFF0001FFFF8003FFFFC0AD
:10AAB00003FFFFE007F00FE007E007F00FC003F02F
:10AAC0000F8001F01F8001F81F0000F81F0000F840
:10AAD0001F0000F81F0000F81F0000F81F0000F81A
:10AAE0001F0000F81F0000F81F0000F81F0000F80A
:10AAF0001F0000F81F0000F81F0000F81F0000F8FA
:10AB00001F0000F81F0000F81F0000F81F0000F8E9
:10AB10001F0000F81F0000F81F0000F81F0000F8D9
:10AB20001F0000F81F0000F81F0000F81F0000F8C9
:10AB30001F0000F81F0000F81F0000F81F0000F8B9
:10AB40001F0000F81F0000F81F0000F81F0000F8A9
:10AB50001F0000F81F0000F81F0000F81F0000F899
:10AB60001F0000F80F8001F00F8001F00FC003F00C
:10AB700007E007E007F81FE003FFFFC001FFFF80C9
:10AB800000FFFF00003FFC00001FF8000000000075
:10AB9000000000000000000000000000000FF800AE
:10ABA000003FF800007FF80000FFF80001FFF80008
:10ABB00003FFF80007F9F80007F1F80007E1F800D3
:10ABC00007C1F8000781F8000701F8000601F80046
:10ABD0000401F8000001F8000001F8000001F8008D
:10ABE0000001F8000001F8000001F8000001F80081
:10ABF0000001F8000001F8000001F8000001F80071
:10AC00000001F8000001F8000001F8000001F80060
:10AC10000001F8000001F8000001F8000001F80050
:10AC20000001F8000001F8000001F8000001F80040
:10AC30000001F8000001F8000001F8000001F80030
:10AC40000001F8000001F8000001F8000001F80020
:10AC50000001F8000001F8000001F8000001F80010
:10AC60000001F8000001F8000001F8000001F80000
:10AC70000001F8000001F8000001F8000001F800F0
:10AC80000001F8000001F8000001F80000000000D9
:10AC9000000000000000000000000000001FFC0099
:10ACA000007FFF0000FFFF8001FFFFC003FFFFE008
:10ACB00007FFFFE007F807F00FF003F00FE001F8DF
:10ACC0000FC001F81F8000F81F8000F81F0000F877
:10ACD0001F0000F81F0000F81F0000F8000000F837
:10ACE000000000F8000000F8000000F8000001F883
:10ACF000000001F0000003F0000003E0000007E0A6
:10AD0000000007C000000FC000000FC000001F803F
:10AD100000003F0000003F0000007E000000FE0039
:10AD20000000FC000001FC000001F8000003F0003E
:10AD30000007E0000007E000000FC000000F8000E7
:10AD4000001F8000001F0000003F0000007E000088
:10AD5000007E000000FC000000F8000001F8000088
:10AD600003F0000003F0000007E0000007C000004F
:10AD70000FC000000F8000001FFFFFF81FFFFFF84B
:10AD80001FFFFFF81FFFFFF81FFFFFF80000000084
:10AD9000000000000000000000000000001FFC0098
:10ADA000007FFF0000FFFF8001FFFFC003FFFFE007
:10ADB00007FFFFE007F807F00FF003F00FE001F8DE
:10ADC0000FC001F81F8000F81F8000F81F0000F876
:10ADD0001F0000F81F0000F81F0000F8000000F836
:10ADE000000000F8000000F8000000F8000001F882
:10ADF000000001F8000003F8000003F0000007F075
:10AE000000003FE00007FFC00007FF800007FF00D1
:10AE10000007FFC00007FFE000001FF0000007F080
:10AE2000000003F8000001F8000000F80000007CBA
:10AE30000000007C0000007C0000007C0000007C22
:10AE40000000007C0000007C0000007C0000007C12
:10AE50003E00007C3E00007C3E00007C3F00007C09
:10AE60003F0000FC1F8000FC1F8001F80FC003F8AA
:10AE70000FF007F807FFFFF003FFFFE001FFFFC03F
:10AE800000FFFF80007FFF00001FF80000000000AF
:10AE90000000000000000000000000000000F800BA
:10AEA0000000F8000000F8000001F0000001F000D0
:10AEB0000001F0000001E0000003E0000003E000FA
:10AEC0000003E0000007C0000007C0000007C0004A
:10AED000000F8000000F8000000F8000001F0000A6
:10AEE000001F0000001F0000003E0000003E0000A8
:10AEF000003E0000007C0000007C0000007C0000A0
:10AF000000F803C000F803C000F803C000F803C055
:10AF100001F003C001F003C001F003C003E003C06F
:10AF200003E003C003E003C007C003C007C003C0C1
:10AF300007C003C00F8003C00F8003C00F8003C091
:10AF40001F0003C01F0003C01F0003C01E0003C07A
:10AF50003E0003C03FFFFFFC3FFFFFFC3FFFFFFC45
:10AF60003FFFFFFC3FFFFFFC000003C0000003C0E9
:10AF7000000003C0000003C0000003C0000003C0C5
:10AF8000000003C0000003C0000003C00000000078
:10AF90000000000000000000000000001FFFFFF0A4
:10AFA0001FFFFFF01FFFFFF01FFFFFF01FFFFFF06D
:10AFB0001F0000001F0000001F0000001F00000015
:10AFC0001F0000001F0000001F0000001F00000005
:10AFD0001F0000001F0000001F0000001F000000F5
:10AFE0001F0000001F07F0001F1FFE001F3FFF0093
:10AFF0001F3FFF801F7FFFC01FFFFFE01FFC0FF000
:10B000001FF807F01FE003F81FC003F81FC001F886
:10B010001F8000FC1F0000FC000000FC0000007C02
:10B020000000007C0000007C0000007C0000007C30
:10B030000000007C0000007C0000007C0000007C20
:10B040000000007C0000007C0000007C0000007C10
:10B050001F00007C1F00007C1F0000FC1F0000FC84
:10B060001F0000FC1F8001F81F8001F80FC003F8CB
:10B070000FE007F007F81FF007FFFFF003FFFFE006
:10B0800001FFFFC000FFFF80007FFF00001FF800EE
:10B090000000000000000000000000000000F800B8
:10B0A0000001F8000001F0000003F0000003E000E0
:10B0B0000003E0000007E0000007C000000FC00030
:10B0C000000F8000001F8000001F8000001F000094
:10B0D000003F0000003F0000003E0000007C000038
:10B0E000007C000000FC000000F8000000F80000F8
:10B0F00001F0000001F0000003E0000003E7F800A9
:10B1000007DFFE0007FFFF0007FFFF800FFFFFC004
:10B110000FFFFFE00FE00FE01FC007F01FC003F0BC
:10B120001F8003F01F0001F81F0001F83F0000F826
:10B130003E0000F83E0000F83E0000F83E0000F837
:10B140003E0000F83E0000F83E0000F83E0000F827
:10B150003E0000F83E0000F83E0000F81F0000F836
:10B160001F0001F81F8001F01F8001F00FC003E0F5
:10B170000FE007E007F81FE007FFFFC003FFFFC075
:10B1800001FFFF8000FFFF00007FFC00001FF000B8
:10B190000000000000000000000000001FFFFFF89A
:10B1A0001FFFFFF81FFFFFF81FFFFFF81FFFFFF84B
:10B1B0001F0000F81F0000F81F0000F81F0000F833
:10B1C0001F0000F81F0001F01F0001F01F0001F038
:10B1D0001F0001F01F0003E01F0003E0000003E078
:10B1E000000003E0000003E0000007E0000007C0EB
:10B1F000000007C00000078000000F8000000F80E3
:10B2000000000F8000000F8000001F0000001F00E2
:10B2100000001F0000003F0000003F0000003E0053
:10B2200000003E0000003E0000007E0000007C00A8
:10B2300000007C0000007C0000007C000000F800A2
:10B240000000F8000000F8000000F8000001F00025
:10B250000001F0000001F0000003F0000003F00026
:10B260000003E0000003E0000003E0000007E0004E
:10B270000007C0000007C000000FC000000FC000A2
:10B28000000F8000001F8000001F800000000000F1
:10B29000000000000000000000000000003FF80077
:10B2A00000FFFF0001FFFF8003FFFFC003FFFFE07F
:10B2B00007F00FE00FC007F00FC001F00F8001F89A
:10B2C0001F0000F81F0000F81F0000F81F0000F822
:10B2D0001F0000F81F0000F81F0000F81F0000F812
:10B2E0001F0000F81F0000F81F0000F81F0000F802
:10B2F0001F0000F80F8001F00F8001F007E003E06D
:10B3000007FFFFE003FFFFC003FFFF8001FFFF8097
:10B3100001FFFF8003FFFFC007FFFFE00FF01FE00A
:10B320000FC007F01F8001F01F0001F81F0000F898
:10B330003E0000FC3E00007C3E00007C3E00007CA5
:10B340003E00007C3E00007C3E00007C3E00007C15
:10B350003E00007C3E00007C3E00007C3F00007C04
:10B360003F0000FC1F8000FC1F8001F80FC003F8A5
:10B370000FE007F007F81FE007FFFFC003FFFFC063
:10B3800001FFFF8000FFFF00007FFC00001FF000B6
:10B39000000000000000000000000000003FF80076
:10B3A00000FFFF0001FFFF8003FFFFC003FFFFE07E
:10B3B00007F81FE00FF007F00FE003F00FC003F8ED
:10B3C0001F8001F81F8001F81F0000F81F0000F81F
:10B3D0001F0000F81F0000F81F0000F81F0000F811
:10B3E0001F0000F81F0000F81F0000F81F0000F801
:10B3F0001F0000F81F0000F81F0001F80F8001F87F
:10B400000F8003F80FC003F007E007F007F00FF01C
:10B4100003FFFFE003FFFFE001FFFFE000FFFFE0AD
:10B42000007FFFC0001FFFC000000F8000000F80E2
:10B4300000001F8000001F0000001F0000003E00F1
:10B4400000003E0000007E0000007C0000007C0048
:10B450000000FC000000F8000001F8000001F0000E
:10B460000001F0000003E0000003E0000007E0003E
:10B470000007C0000007C000000F8000001F800010
:10B48000001F8000001F0000003F000000000000BF
:10B490000000000007E01FF83FFC381C700E700E23
:10B4A000700E700E700E700E700E700E700E700EAC
:10B4B000700E700E700E700E700E700E700E700E9C
:10B4C000700E700E700E381C3FFC1FF807E0000075
:10B4D0000000000007C01FC03FC03DC031C021C0F8
:10B4E00001C001C001C001C001C001C001C001C054
:10B4F00001C001C001C001C001C001C001C001C044
:10B5000001C001C001C001C001C001C001C001C033
:10B510000000000007E01FF81FFC3C1C380E700EF6
:10B52000700E700E000E000E000E001C001C003885
:10B530000070007000E001C001C0038003800700BC
:10B540000E001C001C00380070007FFE7FFE7FFE96
:10B550000000000007E01FF81FFC3C1C380E700EB6
:10B56000700E700E000E000E000E001C001C01F884
:10B5700001F801FC001C000E000E000E000E000E73
:10B58000700E700E700E380E3C1C1FFC1FF807E08A
:10B590000000000000E000E001C001C001C0038025
:10B5A000038003800700070007000E000E380E38E6
:10B5B0001C381C381C3838383838383870387038EF
:10B5C0007FFE7FFE7FFE00380038003800380038EC
:10B5D000000000003FFC3FFC3FFC38003800380012
:10B5E00038003800380039E03FF83FFC3E1C380E88
:10B5F000300E000E000E000E000E000E000E000EAB
:10B60000700E700E380E381E1FFC0FF807F0000089
:10B610000000000000E000E001C001C003800380E2
:10B62000070007000E000E001C001C001FF03FF872
:10B630003FFC381C700E700E700E700E700E700E87
:10B64000700E700E700E700E381C3FFC1FF807E075
:10B65000000000007FFE7FFE7FFE700E700E700EF9
:10B66000701C701C001C001C0018003800380038CA
:10B67000007000700070007000E000E000E000E08A
:10B6800001C001C001C001C00380038003800380AA
:10B69000000000000FF01FF83FFC381C700E700E09
:10B6A000700E700E700E700E380E381C1C381FF89D
:10B6B0000FF01FF8381C700E700E700E700E700EAA
:10B6C000700E700E700E381C3C3C1FF80FF007E037
:10B6D000000000000FF01FF83FFC381C700E700EC9
:10B6E000700E700E700E700E700E700E700E381E92
:10B6F0003FFE1FFC0FFC003800380070007000E0B7
:10B7000000E001C001C001C0038003800700070002
:10B710000000000000000000000000001F003F804B
:10B72000318060C060C060C060C060C060C03180F7
:10B730003F801F000000000000000000000000002B
:10B740000000000000000000000000001E003E009D
:10B750003600060006000600060006000600060089
:10B760003FC03FC0000000000000000000000000DB
:10B770000000000000000000000000003E007F000C
:10B78000438001800180038007000E001C00380008
:10B790007F807F80000000000000000000000000AB
:10B7A0000000000000000000000000003F007FC01B
:10B7B00040C000C01F801F8001C000C000C041C049
:10B7C0007F803F000000000000000000000000003B
:10B7D000000000000000000000000000078007805B
:10B7E0000D801D8019803980318061807FE07FE08D
:10B7F0000180018000000000000000000000000047
:10B800000000000000000000000000007F807F803A
:10B81000600060007F007F8041C000C000C041C068
:10B820007F803F00000000000000000000000000DA
:10B830000000000000000000000000000F003F803A
:10B84000308060007F007F8071C060C060C031C008
:10B850003F801F000000000000000000000000000A
:10B860000000000000000000000000007FC07FC05A
:10B8700001C00180018003000300060006000C00E7
:10B880000C001C0000000000000000000000000090
:10B890000000000000000000000000003F807FC0AA
:10B8A00060C060C03F803F8071C060C060C071C038
:10B8B0003F801F00000000000000000000000000AA
:10B8C0000000000000000000000000001F003F809A
:10B8D000718060C060C071C03FC01FC000C02180C7
:10B8E0003F801E000000000000000000000000007B
:10B8F0001E0036004E006600400002084C000208A0
:10B90000340002086C0002085C00020834004800A1
:10B910000000000000000000000000000FFFFFFC1E
:10B92000007FFFFC200FFFFC3E007FFC3FC007FCB8
:10B930003FC801FC3FCFC1FC3FCFF1FC3FCFF1FC42
:10B940003FCFF1FC3FCFF1FC0FCFF1FC01CFF1FC79
:10B95000200FF1FC3E01F1FC3FC031FC3FC801FC6F
:10B960003FCF81FC3FCFF1FC3FCFF1FC3FCFF1FC5B
:10B970003FCFF1FC3FCFF1FC3FCFF1FC03CFF00014
:10B98000004FF0000001F000000030000000000057
:10B99000000000000000000000000000007FFE002A
:10B9A00001FFFF8003FFFFC003E007C0078003E043
:10B9B000078001E0078001E0078001E0078001E0E7
:10B9C000078001E0000000001FFFFFF83FFFFFFCC1
:10B9D0003FFFFFFC3FFFFFFC3FFC3FFC3FF81FFC2D
:10B9E0003FF81FFC3FFC3FFC3FFC3FFC3FFC3FFCA3
:10B9F0003FFC3FFC3FFC3FFC3FFE7FFC3FFFFFFC6A
:10BA00003FFFFFFC3FFFFFFC1FFFFFF800000000AF
:10BA10000000000000000000000000000381C0E002
:10BA20000783C1E00F87C3E00F0783C01E0F0780A5
:10BA30001E0F07801E0F07801E0F07801E0F078036
:10BA40000F0783C00F0783C00783C1E00381C0E0F5
:10BA500003C1E0F001C0E07001E0F07803E1F0F82C
:10BA600003C1E0F00783C1E00F87C3E00F0783C085
:10BA70000E07038000000000000000003FFFFFFCF5
:10BA80003FFFFFFC3FFFFFFC3FFFFFFC000000000B
:10BA90000000000000000000000000003FFFFFFC6D
:10BAA0003FFFFFFC3FFFFFFC3FFFFFFC00000000EB
:10BAB0000000000000000000000000000000000086
:10BAC0000000000000000000000000003FFFFFFC3D
:10BAD0003FFFFFFC3FFFFFFC3FFFFFFC00000000BB
:10BAE0000000000000000000000000000000000056
:10BAF0000000000000000000000000003FFFFFFC0D
:10BB00003FFFFFFC3FFFFFFC3FFFFFFC000000008A
:10BB10000000000000000000000000003C00003CAD
:10BB20003E00007C3E00007C3F0000FC3F0000FC2B
:10BB30003F8001FC3F8001FC3FC003FC3DC003FC93
:10BB40003DE007BC3CE0073C3CF00F3C3C700E3C49
:10BB50003C781E3C3C381C3C3C3C3C3C3C1C383C4F
:10BB60003C1E783C3C0E703C3C0FF03C3C07E03CFB
:10BB70003C07E03C3C03C03C3C03C03C3C01803CF7
:10BB80003C01803C3C00003C3C00003C00000000CC
:10BB9000FFFFFFFF80000001800000018000000126
:10BBA0008000000187E060198FF0701998187819EB
:10BBB0009818681998186C1998186C1998186419BD
:10BBC00098186619981866199818621998186319C0
:10BBD00098186319981861199818619998186199BB
:10BBE00098186099981860D9981860D99818605971
:10BBF000981860798FF0603987E060198000000143
:10BC0000800000018000000180000001FFFFFFFFB5
:10BC1000FFFFFFFF800000018000000180000001A5
:10BC2000800000018787F3F98FC7F3F99866030155
:10BC300098660301986603019866030198660301FC
:10BC400098660301986603019867F3F99867F3F91A
:10BC500098660301986603019866030198660301DC
:10BC600098660301986603019866030198660301CC
:10BC7000986603018FC603018786030180000001D7
:10BC800080000001FFFFFFFF000000000000000037
:10BC900010B9010890B9010810BA010890BA01085A
:10BCA00010BB010800000007FFF801FFF8181FF89B
:10BCB0001F03F81F60F81F7CF81F7CF81F7CF81F1B
:10BCC0007CF8077CF8017CF8181CF81F04F81F604A
:10BCD000F81F7CF81F7CF81F7CF81F7CF8077C009D
:10BCE000017C00001C0000040000000000000000B7
:10BCF000FF0003FFC003FFC00700E00700E00700EC
:10BD0000E00700E00700E00000000FFFF01FFFF871
:10BD10001FE7F81FC3F81FC3F81FC3F81FE7F81F7A
:10BD2000E7F81FE7F81FE7F81FFFF81FFFF80FFFFE
:10BD3000F00000000000000C18301E3C781C387029
:10BD40003870E03870E03870E03C78F01C38701CD7
:10BD500038700E1C380E1C380E1C380E1C380E1C89
:10BD6000381C38703C78F01830600000000000008B
:10BD70001FFFF81FFFF81FFFF80000000000001F62
:10BD8000FFF81FFFF81FFFF81FFFF800000000007A
:10BD9000000000000000000000001FFFF81FFFF877
:10BDA0001FFFF81FFFF80000000000000000000067
:10BDB00000000000001FFFF81FFFF81FFFF81FFF23
:10BDC000F80000000000001C00381C00381E00783D
:10BDD0001E00781E00781F00F81F00F81F81F81F52
:10BDE00081F81D81B81DC3B81CC3381CE7381C6618
:10BDF000381C7E381C3C381C3C381C18381C183841
:10BE00001C18381C00381C0038000000000000001E
:10BE100000000007E01C0FF0221C382238182230E6
:10BE2000001C300000300000300000300000300006
:10BE30000030000030000030000030000030000012
:10BE40003818001C38000FF00007E0000000000068
:10BE5000000000000000000000007E00307F007045
:10BE60006180F060C1B060C33060C23060C03060DB
:10BE7000C0306180307F00307E0030600030600074
:10BE800030600030600030600030600030600030B2
:10BE90006000306000300000000000000000000082
:10BEA00000007E00F07F01F861830C60C60660C46C
:10BEB0000660C00660C00660C0046180087F00188C
:10BEC0007E00306000606000C060018060018060C2
:10BED00003006006006006006007FE6007FE0000C9
:10BEE000000000000000000000007E00F07F01F86C
:10BEF00061830C60C60660C00660C00660C0066054
:10BF0000C00661800E7F003C7E003C60000E600039
:10BF10000660000660000660040660060660030C0A
:10BF20006001F86000F00000000000000000000068
:10BF300000007E00087F000861801860C01060C0AB
:10BF40003060C02060C06060C0406180D87F0098D1
:10BF50007E01986001186003186002186007FC6099
:10BF600007FC6000186000186000186000180000EE
:10BF7000000000000000000000007E07FC7F07FCBE
:10BF800061860060C60060C60060C60060C6F060E2
:10BF9000C7F861870C7F00067E000660000660001F
:10BFA0000660000660000660040660060660070C76
:10BFB0006003F86001F000000000000000000000D5
:10BFC00000007E00607F00606180C060C08060C152
:10BFD0008060C10060C30060C2006186F07F07F826
:10BFE0007E070C60060660060660060660060660B0
:10BFF000060660020660030C6001F86000F00000B5
:10C00000000000000000000800000C0000FE7F0F90
:10C01000FC7F0F08030C00030C30030C48030CC812
:10C02000030C84030C041B0D02130C03230C0123CB
:10C030000C00C30C00030C00030C01030CF3FF0FF6
:10C04000F7FF0F030000010000000000FFFF800168
:10C050008401820181018081804180218041808131
:10C0600081018201840180018001FFFF0000000046
:10C07000307048F8498C330C0300030003000300C0
:10C08000030C018C00F8007000000000FFFF80012D
:10C09000800180018001A0059009881184218241DE
:10C0A00081818001800180018001FFFF000600077F
:10C0B00000130038007C00F801F003E003C00380A7
:10C0C000F800F80000000000FFFEFFFE07E00FF0A0
:10C0D0001818300C60066036607666E667C66386C0
:10C0E0006106300C381C1C380FF003C07FFEFFFFC8
:10C0F000C003C003C003C303C603CFFFCFFFC60303
:10C10000C303C003C003C003FFFF7FFEFFFF800126
:10C110008001800180018181824184218811900900
:10C12000A0058001800180018001FFFF07E00FF082
:10C130001818300C6006666667E663C663C667E675
:10C140006666300C381C1C380FF003C0FFFF8001FE
:10C1500083C187E18C319819B00DB00DB00DB00DD1
:10C1600098198C3187E183C18001FFFFFFFF8001B7
:10C17000A0059009881184218241818181818241B9
:10C18000842188119009A0058001FFFF00000000B4
:10C190003FFC3FFC3FFC3FFC3FFC3FFC3FFC3FFCC7
:10C1A0003FFC3FFC3FFC3FFC0000000038067C0CDD
:10C1B000C618C630C6607CC03980030006380C7CC7
:10C1C00018C630C660C6407C00380000003C183CF1
:10C1D0004291919D8181423C240000000000C3C334
:10C1E000C3FFFFC3C3C30040E74000000000183C8A
:10C1F0003C3C180042E7FFFFFFFF00000000020682
:10C200000C1830606030180C0602000000000000BE
:10C210000000000000000000000FF000003FFC00E4
:10C22000007FFF0001FFFF8003FFFFC003FFFFE06F
:10C2300007F00FE007E007F00FC003F00F8001F0F8
:10C240001F8001F81F0000F81F0000F81F0000F811
:10C250001F0000F81F0000F81F0000F81F0000F882
:10C260001F0000F81F0000F81F0000F81F0000F872
:10C270001F0000F81F0000F81F0000F81F0000F862
:10C280001F0000F81F0000F81F0000F81F0000F852
:10C290001F0000F81F0000F81F0000F81F0000F842
:10C2A0001F0000F81F0000F81F0000F81F0000F832
:10C2B0001F0000F81F0000F81F0000F81F0000F822
:10C2C0001F0000F81F0000F81F0000F81F0000F812
:10C2D0001F0000F81F0000F81F0000F81F0000F802
:10C2E0000F8001F00F8001F00FC003F007E007E0BE
:10C2F00007F81FE003FFFFC001FFFF8000FFFF0002
:10C30000003FFC00001FF8000000000000000000DB
:10C310000000000000000000000FF800003FF800DF
:10C32000007FF80000FFF80001FFF80003FFF800AD
:10C3300007F9F80007F1F80007E1F80007C1F80075
:10C340000781F8000701F8000601F8000401F80071
:10C350000001F8000001F8000001F8000001F800F9
:10C360000001F8000001F8000001F8000001F800E9
:10C370000001F8000001F8000001F8000001F800D9
:10C380000001F8000001F8000001F8000001F800C9
:10C390000001F8000001F8000001F8000001F800B9
:10C3A0000001F8000001F8000001F8000001F800A9
:10C3B0000001F8000001F8000001F8000001F80099
:10C3C0000001F8000001F8000001F8000001F80089
:10C3D0000001F8000001F8000001F8000001F80079
:10C3E0000001F8000001F8000001F8000001F80069
:10C3F0000001F8000001F8000001F8000001F80059
:10C400000001F8000001F80000000000000000003A
:10C410000000000000000000001FFC00007FFF0083
:10C4200000FFFF8001FFFFC003FFFFE007FFFFE009
:10C4300007F807F00FF003F00FE001F80FC001F864
:10C440001F8000F81F8000F81F0000F81F0000F890
:10C450001F0000F81F0000F8000000F8000000F8BE
:10C46000000000F8000000F8000001F8000001F0F2
:10C47000000003F0000003E0000007E0000007C038
:10C4800000000FC000000FC000001F8000003F0030
:10C4900000003F0000007E000000FE000000FC00E5
:10C4A0000001FC000001F8000003F0000007E000BC
:10C4B0000007E000000FC000000F8000001F800098
:10C4C000001F0000003F0000007E0000007E000012
:10C4D00000FC000000F8000001F8000003F000007C
:10C4E00003F0000007E0000007C000000FC00000DC
:10C4F0000F8000001FFFFFF81FFFFFF81FFFFFF86E
:10C500001FFFFFF81FFFFFF8000000000000000001
:10C510000000000000000000001FFC00007FFF0082
:10C5200000FFFF8001FFFFC003FFFFE007FFFFE008
:10C5300007F807F00FF003F00FE001F80FC001F863
:10C540001F8000F81F8000F81F0000F81F0000F88F
:10C550001F0000F81F0000F8000000F8000000F8BD
:10C56000000000F8000000F8000001F8000001F8E9
:10C57000000003F8000003F0000007F000003FE0B7
:10C580000007FFC00007FF800007FF000007FFC093
:10C590000007FFE000001FF0000007F0000003F8B4
:10C5A000000001F8000000F80000007C0000007CA2
:10C5B0000000007C0000007C0000007C0000007C8B
:10C5C0000000007C0000007C0000007C3E00007C3D
:10C5D0003E00007C3E00007C3F00007C3F0000FCF1
:10C5E0001F8000FC1F8001F80FC003F80FF007F850
:10C5F00007FFFFF003FFFFE001FFFFC000FFFF8028
:10C60000007FFF00001FF800000000000000000095
:10C6100000000000000000000000F8000000F8002A
:10C620000000F8000001F0000001F0000001F0003F
:10C630000001E0000003E0000003E0000003E00070
:10C640000007C0000007C0000007C000000F800006
:10C65000000F8000000F8000001F0000001F00007E
:10C66000001F0000003E0000003E0000003E0000F1
:10C67000007C0000007C0000007C000000F803C08B
:10C6800000F803C000F803C000F803C001F003C0C5
:10C6900001F003C001F003C003E003C003E003C0E6
:10C6A00003E003C007C003C007C003C007C003C046
:10C6B0000F8003C00F8003C00F8003C01F0003C0A2
:10C6C0001F0003C01F0003C01E0003C03E0003C0C4
:10C6D0003FFFFFFC3FFFFFFC3FFFFFFC3FFFFFFC76
:10C6E0003FFFFFFC000003C0000003C0000003C0C8
:10C6F000000003C0000003C0000003C0000003C02E
:10C70000000003C0000003C00000000000000000A3
:10C7100000000000000000001FFFFFF01FFFFFF0FF
:10C720001FFFFFF01FFFFFF01FFFFFF01F000000C3
:10C730001F0000001F0000001F0000001F0000007D
:10C740001F0000001F0000001F0000001F0000006D
:10C750001F0000001F0000001F0000001F0000005D
:10C760001F07F0001F1FFE001F3FFF001F3FFF803D
:10C770001F7FFFC01FFFFFE01FFC0FF01FF807F037
:10C780001FE003F81FC003F81FC001F81F8000FC62
:10C790001F0000FC000000FC0000007C0000007C8A
:10C7A0000000007C0000007C0000007C0000007C99
:10C7B0000000007C0000007C0000007C0000007C89
:10C7C0000000007C0000007C0000007C1F00007C5A
:10C7D0001F00007C1F0000FC1F0000FC1F0000FC6D
:10C7E0001F8001F81F8001F80FC003F80FE007F069
:10C7F00007F81FF007FFFFF003FFFFE001FFFFC096
:10C8000000FFFF80007FFF00001FF8000000000015
:10C8100000000000000000000000F8000001F80027
:10C820000001F0000003F0000003E0000003E0005E
:10C830000007E0000007C000000FC000000F8000EC
:10C84000001F8000001F8000001F0000003F00004C
:10C85000003F0000003E0000007C0000007C000063
:10C8600000FC000000F8000000F8000001F00000EB
:10C8700001F0000003E0000003E7F80007DFFE001E
:10C8800007FFFF0007FFFF800FFFFFC00FFFFFE064
:10C890000FE00FE01FC007F01FC003F01F8003F080
:10C8A0001F0001F81F0001F83F0000F83E0000F8EB
:10C8B0003E0000F83E0000F83E0000F83E0000F8A0
:10C8C0003E0000F83E0000F83E0000F83E0000F890
:10C8D0003E0000F83E0000F81F0000F81F0001F8BD
:10C8E0001F8001F01F8001F00FC003E00FE007E0A0
:10C8F00007F81FE007FFFFC003FFFFC001FFFF8035
:10C9000000FFFF00007FFC00001FF000000000009F
:10C9100000000000000000001FFFFFF81FFFFFF8ED
:10C920001FFFFFF81FFFFFF81FFFFFF81F0000F8B1
:10C930001F0000F81F0000F81F0000F81F0000F89B
:10C940001F0001F01F0001F01F0001F01F0001F0A7
:10C950001F0003E01F0003E0000003E0000003E00D
:10C96000000003E0000007E0000007C0000007C06F
:10C970000000078000000F8000000F8000000F8083
:10C9800000000F8000001F0000001F0000001F00BB
:10C9900000003F0000003F0000003E0000003E009D
:10C9A00000003E0000007E0000007C0000007C00D3
:10C9B00000007C0000007C000000F8000000F8008F
:10C9C0000000F8000000F8000001F0000001F00095
:10C9D0000001F0000003F0000003F0000003E0009D
:10C9E0000003E0000003E0000007E0000007C000D3
:10C9F0000007C000000FC000000FC000000F800043
:10CA0000001F8000001F80000000000000000000E8
:10CA10000000000000000000003FF80000FFFF00E1
:10CA200001FFFF8003FFFFC003FFFFE007F00FE0FF
:10CA30000FC007F00FC001F00F8001F81F0000F8D1
:10CA40001F0000F81F0000F81F0000F81F0000F88A
:10CA50001F0000F81F0000F81F0000F81F0000F87A
:10CA60001F0000F81F0000F81F0000F81F0000F86A
:10CA70000F8001F00F8001F007E003E007FFFFE007
:10CA800003FFFFC003FFFF8001FFFF8001FFFF8066
:10CA900003FFFFC007FFFFE00FF01FE00FC007F02C
:10CAA0001F8001F01F0001F81F0000F83E0000FC8D
:10CAB0003E00007C3E00007C3E00007C3E00007C8E
:10CAC0003E00007C3E00007C3E00007C3E00007C7E
:10CAD0003E00007C3E00007C3F00007C3F0000FCEC
:10CAE0001F8000FC1F8001F80FC003F80FE007F063
:10CAF00007F81FE007FFFFC003FFFFC001FFFF8033
:10CB000000FFFF00007FFC00001FF000000000009D
:10CB10000000000000000000003FF80000FFFF00E0
:10CB200001FFFF8003FFFFC003FFFFE007F81FE0E6
:10CB30000FF007F00FE003F00FC003F81F8001F8BB
:10CB40001F8001F81F0000F81F0000F81F0000F808
:10CB50001F0000F81F0000F81F0000F81F0000F879
:10CB60001F0000F81F0000F81F0000F81F0000F869
:10CB70001F0000F81F0001F80F8001F80F8003F874
:10CB80000FC003F007E007F007F00FF003FFFFE02E
:10CB900003FFFFE001FFFFE000FFFFE0007FFFC0B9
:10CBA000001FFFC000000F8000000F8000001F80EA
:10CBB00000001F0000001F0000003E0000003E00BB
:10CBC00000007E0000007C0000007C000000FC00F3
:10CBD0000000F8000001F8000001F0000001F00082
:10CBE0000003E0000003E0000007E0000007C000D1
:10CBF0000007C000000F8000001F8000001F8000A1
:10CC0000001F0000003F00000000000000000000C6
:10CC100007E01FF83FFC381C700E700E700E700E8F
:10CC2000700E700E700E700E700E700E700E700E14
:10CC3000700E700E700E700E700E700E700E700E04
:10CC4000700E381C3FFC1FF807E0000000000000D9
:10CC500007C01FC03FC03DC031C021C001C001C0DE
:10CC600001C001C001C001C001C001C001C001C0BC
:10CC700001C001C001C001C001C001C001C001C0AC
:10CC800001C001C001C001C001C001C0000000001E
:10CC900007E01FF81FFC3C1C380E700E700E700E63
:10CCA000000E000E000E001C001C0038007000700A
:10CCB00000E001C001C00380038007000E001C00DB
:10CCC0001C00380070007FFE7FFE7FFE0000000029
:10CCD00007E01FF81FFC3C1C380E700E700E700E23
:10CCE000000E000E000E001C001C01F801F801FCF3
:10CCF000001C000E000E000E000E000E700E700ED6
:10CD0000700E380E3C1C1FFC1FF807E000000000EE
:10CD100000E000E001C001C001C003800380038087
:10CD20000700070007000E000E380E381C381C38AC
:10CD30001C38383838383838703870387FFE7FFE05
:10CD40007FFE00380038003800380038000000004E
:10CD50003FFC3FFC3FFC380038003800380038000A
:10CD6000380039E03FF83FFC3E1C380E300E000E14
:10CD7000000E000E000E000E000E000E700E700E63
:10CD8000380E381E1FFC0FF807F0000000000000EE
:10CD900000E000E001C001C003800380070007003D
:10CDA0000E000E001C001C001FF03FF83FFC381C5A
:10CDB000700E700E700E700E700E700E700E700E83
:10CDC000700E700E381C3FFC1FF807E000000000DA
:10CDD0007FFE7FFE7FFE700E700E700E701C701C4A
:10CDE000001C001C0018003800380038007000706B
:10CDF0000070007000E000E000E000E001C001C051
:10CE000001C001C003800380038003800000000094
:10CE10000FF01FF83FFC381C700E700E700E700E75
:10CE2000700E700E380E381C1C381FF80FF01FF8EB
:10CE3000381C700E700E700E700E700E700E700E2C
:10CE4000700E381C3C3C1FF80FF007E0000000009B
:10CE50000FF01FF83FFC381C700E700E700E700E35
:10CE6000700E700E700E700E700E381E3FFE1FFC9E
:10CE70000FFC003800380070007000E000E001C0D6
:10CE800001C001C00380038007000700000000000C
:10CE900000000000000000001F003F80318060C0E3
:10CEA00060C060C060C060C060C031803F801F0053
:10CEB0000000000000000000000000000000000072
:10CEC00000000000000000001E003E0036000600CA
:10CED0000600060006000600060006003FC03FC030
:10CEE0000000000000000000000000000000000042
:10CEF00000000000000000003E007F004380018031
:10CF00000180038007000E001C0038007F807F80B6
:10CF10000000000000000000000000000000000011
:10CF200000000000000000003F007FC040C000C0C3
:10CF30001F801F8001C000C000C041C07F803F0033
:10CF400000000000000000000000000000000000E1
:10CF50000000000000000000078007800D801D8099
:10CF600019803980318061807FE07FE0018001801D
:10CF700000000000000000000000000000000000B1
:10CF800000000000000000007F807F8060006000E3
:10CF90007F007F8041C000C000C041C07F803F0053
:10CFA0000000000000000000000000000000000081
:10CFB00000000000000000000F003F803080600093
:10CFC0007F007F8071C060C060C031C03F801F00A3
:10CFD0000000000000000000000000000000000051
:10CFE00000000000000000007FC07FC001C0018081
:10CFF000018003000300060006000C000C001C006A
:10D000000000000000000000000000000000000020
:10D0100000000000000000003F807FC060C060C0D2
:10D020003F803F8071C060C060C071C03F801F0002
:10D0300000000000000000000000000000000000F0
:10D0400000000000000000001F003F80718060C0F1
:10D0500060C071C03FC01FC000C021803F801E0063
:10D060000000000000000000000000000040000080
:10D0700000000200040000000400000004000000A2
:10D0800004000000000204000004080054BE01086F
:10D090009CBE0108E4BE01082CBF010874BF010852
:10D0A000BCBF0108000000000000000000000000FC
:10D0B0000FFFFFFC007FFFFC200FFFFC3E007FFC0A
:10D0C0003FC007FC3FC801FC3FCFC1FC3FCFF1FC94
:10D0D0003FCFF1FC3FCFF1FC3FCFF1FC0FCFF1FC94
:10D0E00001CFF1FC200FF1FC3E01F1FC3FC031FC0F
:10D0F0003FC801FC3FCF81FC3FCFF1FC3FCFF1FCAB
:10D100003FCFF1FC3FCFF1FC3FCFF1FC3FCFF1FC33
:10D1100003CFF000004FF0000001F00000003000ED
:10D1200000000000000000000000000000000000FF
:10D13000007FFE0001FFFF8003FFFFC003E007C088
:10D14000078003E0078001E0078001E0078001E03D
:10D15000078001E0078001E0000000001FFFFFF8EA
:10D160003FFFFFFC3FFFFFFC3FFFFFFC3FFC3FFC9E
:10D170003FF81FFC3FF81FFC3FFC3FFC3FFC3FFC1F
:10D180003FFC3FFC3FFC3FFC3FFC3FFC3FFE7FFC85
:10D190003FFFFFFC3FFFFFFC3FFFFFFC1FFFFFF8CF
:10D1A000000000000000000000000000000000007F
:10D1B0000381C0E00783C1E00F87C3E00F0783C08E
:10D1C0001E0F07801E0F07801E0F07801E0F07808F
:10D1D0001E0F07800F0783C00F0783C00783C1E0BE
:10D1E0000381C0E003C1E0F001C0E07001E0F0782D
:10D1F00003E1F0F803C1E0F00783C1E00F87C3E06B
:10D200000F0783C00E07038000000000000000002D
:10D210003FFFFFFC3FFFFFFC3FFFFFFC3FFFFFFC2A
:10D2200000000000000000000000000000000000FE
:10D230003FFFFFFC3FFFFFFC3FFFFFFC3FFFFFFC0A
:10D2400000000000000000000000000000000000DE
:10D2500000000000000000000000000000000000CE
:10D260003FFFFFFC3FFFFFFC3FFFFFFC3FFFFFFCDA
:10D2700000000000000000000000000000000000AE
:10D28000000000000000000000000000000000009E
:10D290003FFFFFFC3FFFFFFC3FFFFFFC3FFFFFFCAA
:10D2A000000000000000000000000000000000007E
:10D2B0003C00003C3E00007C3E00007C3F0000FC47
:10D2C0003F0000FC3F8001FC3F8001FC3FC003FCAD
:10D2D0003DC003FC3DE007BC3CE0073C3CF00F3C9C
:10D2E0003C700E3C3C781E3C3C381C3C3C3C3C3C7E
:10D2F0003C1C383C3C1E783C3C0E703C3C0FF03CE7
:10D300003C07E03C3C07E03C3C03C03C3C03C03CE9
:10D310003C01803C3C01803C3C00003C3C00003C2B
:10D3200000000000FFFFFFFF8000000180000001FF
:10D33000800000018000000187E060198FF0701903
:10D34000981878199818681998186C1998186C1901
:10D350009818641998186619981866199818621917
:10D360009818631998186319981861199818619991
:10D370009818619998186099981860D9981860D988
:10D3800098186059981860798FF0603987E06019B3
:10D390008000000180000001800000018000000189
:10D3A000FFFFFFFFFFFFFFFF800000018000000183
:10D3B00080000001800000018787F3F98FC7F3F92F
:10D3C0009866030198660301986603019866030155
:10D3D0009866030198660301986603019867F3F95C
:10D3E0009867F3F99866030198660301986603014C
:10D3F0009866030198660301986603019866030125
:10D4000098660301986603018FC6030187860301AE
:10D410008000000180000001FFFFFFFF000000000E
:10D4200000000000A4D0010824D10108A4D1010803
:10D4300024D20108A4D2010800000007FFF801FF70
:10D44000F8181FF81F03F81F60F81F7CF81F7CF8FE
:10D450001F7CF81F7CF8077CF8017CF8181CF81F6B
:10D4600004F81F60F81F7CF81F7CF81F7CF81F7CF5
:10D47000F8077C00017C00001C0000040000000094
:10D4800000000000FF0003FFC003FFC00700E0072B
:10D4900000E00700E00700E00700E00000000FFFE9
:10D4A000F01FFFF81FE7F81FC3F81FC3F81FC3F8EA
:10D4B0001FE7F81FE7F81FE7F81FE7F81FFFF81F3F
:10D4C000FFF80FFFF00000000000000C18301E3CB9
:10D4D000781C38703870E03870E03870E03C78F0D4
:10D4E0001C38701C38700E1C380E1C380E1C380E80
:10D4F0001C380E1C381C38703C78F0183060000066
:10D50000000000001FFFF81FFFF81FFFF8000000D9
:10D510000000001FFFF81FFFF81FFFF81FFFF800B3
:10D5200000000000000000000000000000001FFFDD
:10D53000F81FFFF81FFFF81FFFF8000000000000B1
:10D540000000000000000000001FFFF81FFFF81F90
:10D55000FFF81FFFF80000000000001C00381C004E
:10D56000381E00781E00781E00781F00F81F00F893
:10D570001F81F81F81F81D81B81DC3B81CC3381C5A
:10D58000E7381C66381C7E381C3C381C3C381C189C
:10D59000381C18381C18381C00381C0038000000D3
:10D5A0000000000000000007E01C0FF0221C3822E1
:10D5B00038182230001C30000030000030000030ED
:10D5C000000030000030000030000030000030006B
:10D5D000003000003818001C38000FF00007E00091
:10D5E00000000000000000000000000000007E00BD
:10D5F000307F00706180F060C1B060C33060C230C5
:10D6000060C03060C0306180307F00307E003060AC
:10D61000003060003060003060003060003060003A
:10D62000306000306000306000300000000000001A
:10D630000000000000007E00F07F01F861830C60B4
:10D64000C60660C40660C00660C00660C004618093
:10D65000087F00187E00306000606000C0600180BC
:10D660006001806003006006006006006007FE60E5
:10D6700007FE0000000000000000000000007E0027
:10D68000F07F01F861830C60C60660C00660C006CA
:10D6900060C00660C00661800E7F003C7E003C607A
:10D6A000000E60000660000660000660040660066A
:10D6B0000660030C6001F86000F00000000000004C
:10D6C0000000000000007E00087F000861801860F4
:10D6D000C01060C03060C02060C06060C040618029
:10D6E000D87F00987E0198600118600318600218C6
:10D6F0006007FC6007FC600018600018600018609C
:10D7000000180000000000000000000000007E077C
:10D71000FC7F07FC61860060C60060C60060C60032
:10D7200060C6F060C7F861870C7F00067E00066067
:10D7300000066000066000066000066004066006E1
:10D740000660070C6003F86001F0000000000000B4
:10D750000000000000007E00607F00606180C0600B
:10D76000C08060C18060C10060C30060C20061868B
:10D77000F07F07F87E070C60060660060660060666
:10D7800060060660060660020660030C6001F86031
:10D7900000F00000000000000000000800000C0085
:10D7A00000FE7F0FFC7F0F08030C00030C30030CFE
:10D7B00048030CC8030C84030C041B0D02130C0358
:10D7C000230C01230C00C30C00030C00030C010309
:10D7D0000CF3FF0FF7FF0F03000001000000000033
:10D7E000FFFF8001840182018101808180418021CD
:10D7F0008041808181018201840180018001FFFFDD
:10D8000000000000307048F8498C330C030003001E
:10D8100003000300030C018C00F8007000000000FE
:10D82000FFFF8001800180018001A005900988111F
:10D830008421824181818001800180018001FFFF7C
:10D840000006000700130038007C00F801F003E038
:10D8500003C00380F800F80000000000FFFEFFFE98
:10D8600007E00FF01818300C60066036607666E648
:10D8700067C663866106300C381C1C380FF003C085
:10D880007FFEFFFFC003C003C003C303C603CFFF77
:10D89000CFFFC603C303C003C003C003FFFF7FFE67
:10D8A000FFFF80018001800180018181824184210C
:10D8B00088119009A0058001800180018001FFFF8F
:10D8C00007E00FF01818300C6006666667E663C65E
:10D8D00063C667E66666300C381C1C380FF003C060
:10D8E000FFFF800183C187E18C319819B00DB00D25
:10D8F000B00DB00D98198C3187E183C18001FFFF15
:10D90000FFFF8001A0059009881184218241818157
:10D9100081818241842188119009A0058001FFFF47
:10D92000000000003FFC3FFC3FFC3FFC3FFC3FFC95
:10D930003FFC3FFC3FFC3FFC3FFC3FFC0000000085
:10D9400038067C0CC618C630C6607CC0398003001F
:10D9500006380C7C18C630C660C6407C0038000013
:10D96000003C183C4291919D8181423C2400000082
:10D970000000C3C3C3FFFFC3C3C30040E7400000B0
:10D980000000183C3C3C180042E7FFFFFFFF00008E
:10D99000000002060C1830606030180C060200000F
:10D9A000000000000000000000000000000FF00078
:10D9B000003FFC00007FFF0001FFFF8003FFFFC06E
:10D9C00003FFFFE007F00FE007E007F00FC003F0F0
:10D9D0000F8001F01F8001F81F0000F81F0000F801
:10D9E0001F0000F81F0000F81F0000F81F0000F8DB
:10D9F0001F0000F81F0000F81F0000F81F0000F8CB
:10DA00001F0000F81F0000F81F0000F81F0000F8BA
:10DA10001F0000F81F0000F81F0000F81F0000F8AA
:10DA20001F0000F81F0000F81F0000F81F0000F89A
:10DA30001F0000F81F0000F81F0000F81F0000F88A
:10DA40001F0000F81F0000F81F0000F81F0000F87A
:10DA50001F0000F81F0000F81F0000F81F0000F86A
:10DA60001F0000F81F0000F81F0000F81F0000F85A
:10DA70001F0000F80F8001F00F8001F00FC003F0CD
:10DA800007E007E007F81FE003FFFFC001FFFF808A
:10DA900000FFFF00003FFC00001FF8000000000036
:10DAA000000000000000000000000000000FF8006F
:10DAB000003FF800007FF80000FFF80001FFF800C9
:10DAC00003FFF80007F9F80007F1F80007E1F80094
:10DAD00007C1F8000781F8000701F8000601F80007
:10DAE0000401F8000001F8000001F8000001F8004E
:10DAF0000001F8000001F8000001F8000001F80042
:10DB00000001F8000001F8000001F8000001F80031
:10DB10000001F8000001F8000001F8000001F80021
:10DB20000001F8000001F8000001F8000001F80011
:10DB30000001F8000001F8000001F8000001F80001
:10DB40000001F8000001F8000001F8000001F800F1
:10DB50000001F8000001F8000001F8000001F800E1
:10DB60000001F8000001F8000001F8000001F800D1
:10DB70000001F8000001F8000001F8000001F800C1
:10DB80000001F8000001F8000001F8000001F800B1
:10DB90000001F8000001F8000001F800000000009A
:10DBA000000000000000000000000000001FFC005A
:10DBB000007FFF0000FFFF8001FFFFC003FFFFE0C9
:10DBC00007FFFFE007F807F00FF003F00FE001F8A0
:10DBD0000FC001F81F8000F81F8000F81F0000F838
:10DBE0001F0000F81F0000F81F0000F8000000F8F8
:10DBF000000000F8000000F8000000F8000001F844
:10DC0000000001F0000003F0000003E0000007E066
:10DC1000000007C000000FC000000FC000001F8000
:10DC200000003F0000003F0000007E000000FE00FA
:10DC30000000FC000001FC000001F8000003F000FF
:10DC40000007E0000007E000000FC000000F8000A8
:10DC5000001F8000001F0000003F0000007E000049
:10DC6000007E000000FC000000F8000001F8000049
:10DC700003F0000003F0000007E0000007C0000010
:10DC80000FC000000F8000001FFFFFF81FFFFFF80C
:10DC90001FFFFFF81FFFFFF81FFFFFF80000000045
:10DCA000000000000000000000000000001FFC0059
:10DCB000007FFF0000FFFF8001FFFFC003FFFFE0C8
:10DCC00007FFFFE007F807F00FF003F00FE001F89F
:10DCD0000FC001F81F8000F81F8000F81F0000F837
:10DCE0001F0000F81F0000F81F0000F8000000F8F7
:10DCF000000000F8000000F8000000F8000001F843
:10DD0000000001F8000003F8000003F0000007F035
:10DD100000003FE00007FFC00007FF800007FF0092
:10DD20000007FFC00007FFE000001FF0000007F041
:10DD3000000003F8000001F8000000F80000007C7B
:10DD40000000007C0000007C0000007C0000007CE3
:10DD50000000007C0000007C0000007C0000007CD3
:10DD60003E00007C3E00007C3E00007C3F00007CCA
:10DD70003F0000FC1F8000FC1F8001F80FC003F86B
:10DD80000FF007F807FFFFF003FFFFE001FFFFC000
:10DD900000FFFF80007FFF00001FF8000000000070
:10DDA0000000000000000000000000000000F8007B
:10DDB0000000F8000000F8000001F0000001F00091
:10DDC0000001F0000001E0000003E0000003E000BB
:10DDD0000003E0000007C0000007C0000007C0000B
:10DDE000000F8000000F8000000F8000001F000067
:10DDF000001F0000001F0000003E0000003E000069
:10DE0000003E0000007C0000007C0000007C000060
:10DE100000F803C000F803C000F803C000F803C016
:10DE200001F003C001F003C001F003C003E003C030
:10DE300003E003C003E003C007C003C007C003C082
:10DE400007C003C00F8003C00F8003C00F8003C052
:10DE50001F0003C01F0003C01F0003C01E0003C03B
:10DE60003E0003C03FFFFFFC3FFFFFFC3FFFFFFC06
:10DE70003FFFFFFC3FFFFFFC000003C0000003C0AA
:10DE8000000003C0000003C0000003C0000003C086
:10DE9000000003C0000003C0000003C00000000039
:10DEA0000000000000000000000000001FFFFFF065
:10DEB0001FFFFFF01FFFFFF01FFFFFF01FFFFFF02E
:10DEC0001F0000001F0000001F0000001F000000D6
:10DED0001F0000001F0000001F0000001F000000C6
:10DEE0001F0000001F0000001F0000001F000000B6
:10DEF0001F0000001F07F0001F1FFE001F3FFF0054
:10DF00001F3FFF801F7FFFC01FFFFFE01FFC0FF0C0
:10DF10001FF807F01FE003F81FC003F81FC001F847
:10DF20001F8000FC1F0000FC000000FC0000007CC3
:10DF30000000007C0000007C0000007C0000007CF1
:10DF40000000007C0000007C0000007C0000007CE1
:10DF50000000007C0000007C0000007C0000007CD1
:10DF60001F00007C1F00007C1F0000FC1F0000FC45
:10DF70001F0000FC1F8001F81F8001F80FC003F88C
:10DF80000FE007F007F81FF007FFFFF003FFFFE0C7
:10DF900001FFFFC000FFFF80007FFF00001FF800AF
:10DFA0000000000000000000000000000000F80079
:10DFB0000001F8000001F0000003F0000003E000A1
:10DFC0000003E0000007E0000007C000000FC000F1
:10DFD000000F8000001F8000001F8000001F000055
:10DFE000003F0000003F0000003E0000007C0000F9
:10DFF000007C000000FC000000F8000000F80000B9
:10E0000001F0000001F0000003E0000003E7F80069
:10E0100007DFFE0007FFFF0007FFFF800FFFFFC0C5
:10E020000FFFFFE00FE00FE01FC007F01FC003F07D
:10E030001F8003F01F0001F81F0001F83F0000F8E7
:10E040003E0000F83E0000F83E0000F83E0000F8F8
:10E050003E0000F83E0000F83E0000F83E0000F8E8
:10E060003E0000F83E0000F83E0000F81F0000F8F7
:10E070001F0001F81F8001F01F8001F00FC003E0B6
:10E080000FE007E007F81FE007FFFFC003FFFFC036
:10E0900001FFFF8000FFFF00007FFC00001FF00079
:10E0A0000000000000000000000000001FFFFFF85B
:10E0B0001FFFFFF81FFFFFF81FFFFFF81FFFFFF80C
:10E0C0001F0000F81F0000F81F0000F81F0000F8F4
:10E0D0001F0000F81F0001F01F0001F01F0001F0F9
:10E0E0001F0001F01F0003E01F0003E0000003E039
:10E0F000000003E0000003E0000007E0000007C0AC
:10E10000000007C00000078000000F8000000F80A3
:10E1100000000F8000000F8000001F0000001F00A3
:10E1200000001F0000003F0000003F0000003E0014
:10E1300000003E0000003E0000007E0000007C0069
:10E1400000007C0000007C0000007C000000F80063
:10E150000000F8000000F8000000F8000001F000E6
:10E160000001F0000001F0000003F0000003F000E7
:10E170000003E0000003E0000003E0000007E0000F
:10E180000007C0000007C000000FC000000FC00063
:10E19000000F8000001F8000001F800000000000B2
:10E1A000000000000000000000000000003FF80038
:10E1B00000FFFF0001FFFF8003FFFFC003FFFFE040
:10E1C00007F00FE00FC007F00FC001F00F8001F85B
:10E1D0001F0000F81F0000F81F0000F81F0000F8E3
:10E1E0001F0000F81F0000F81F0000F81F0000F8D3
:10E1F0001F0000F81F0000F81F0000F81F0000F8C3
:10E200001F0000F80F8001F00F8001F007E003E02D
:10E2100007FFFFE003FFFFC003FFFF8001FFFF8058
:10E2200001FFFF8003FFFFC007FFFFE00FF01FE0CB
:10E230000FC007F01F8001F01F0001F81F0000F859
:10E240003E0000FC3E00007C3E00007C3E00007C66
:10E250003E00007C3E00007C3E00007C3E00007CD6
:10E260003E00007C3E00007C3E00007C3F00007CC5
:10E270003F0000FC1F8000FC1F8001F80FC003F866
:10E280000FE007F007F81FE007FFFFC003FFFFC024
:10E2900001FFFF8000FFFF00007FFC00001FF00077
:10E2A000000000000000000000000000003FF80037
:10E2B00000FFFF0001FFFF8003FFFFC003FFFFE03F
:10E2C00007F81FE00FF007F00FE003F00FC003F8AE
:10E2D0001F8001F81F8001F81F0000F81F0000F8E0
:10E2E0001F0000F81F0000F81F0000F81F0000F8D2
:10E2F0001F0000F81F0000F81F0000F81F0000F8C2
:10E300001F0000F81F0000F81F0001F80F8001F83F
:10E310000F8003F80FC003F007E007F007F00FF0DD
:10E3200003FFFFE003FFFFE001FFFFE000FFFFE06E
:10E33000007FFFC0001FFFC000000F8000000F80A3
:10E3400000001F8000001F0000001F0000003E00B2
:10E3500000003E0000007E0000007C0000007C0009
:10E360000000FC000000F8000001F8000001F000CF
:10E370000001F0000003E0000003E0000007E000FF
:10E380000007C0000007C000000F8000001F8000D1
:10E39000001F8000001F0000003F00000000000080
:10E3A0000000000007E01FF83FFC381C700E700EE4
:10E3B000700E700E700E700E700E700E700E700E6D
:10E3C000700E700E700E700E700E700E700E700E5D
:10E3D000700E700E700E381C3FFC1FF807E0000036
:10E3E0000000000007C01FC03FC03DC031C021C0B9
:10E3F00001C001C001C001C001C001C001C001C015
:10E4000001C001C001C001C001C001C001C001C004
:10E4100001C001C001C001C001C001C001C001C0F4
:10E420000000000007E01FF81FFC3C1C380E700EB7
:10E43000700E700E000E000E000E001C001C003846
:10E440000070007000E001C001C00380038007007D
:10E450000E001C001C00380070007FFE7FFE7FFE57
:10E460000000000007E01FF81FFC3C1C380E700E77
:10E47000700E700E000E000E000E001C001C01F845
:10E4800001F801FC001C000E000E000E000E000E34
:10E49000700E700E700E380E3C1C1FFC1FF807E04B
:10E4A0000000000000E000E001C001C001C00380E6
:10E4B000038003800700070007000E000E380E38A7
:10E4C0001C381C381C3838383838383870387038B0
:10E4D0007FFE7FFE7FFE00380038003800380038AD
:10E4E000000000003FFC3FFC3FFC380038003800D3
:10E4F00038003800380039E03FF83FFC3E1C380E49
:10E50000300E000E000E000E000E000E000E000E6B
:10E51000700E700E380E381E1FFC0FF807F000004A
:10E520000000000000E000E001C001C003800380A3
:10E53000070007000E000E001C001C001FF03FF833
:10E540003FFC381C700E700E700E700E700E700E48
:10E55000700E700E700E700E381C3FFC1FF807E036
:10E56000000000007FFE7FFE7FFE700E700E700EBA
:10E57000701C701C001C001C00180038003800388B
:10E58000007000700070007000E000E000E000E04B
:10E5900001C001C001C001C003800380038003806B
:10E5A000000000000FF01FF83FFC381C700E700ECA
:10E5B000700E700E700E700E380E381C1C381FF85E
:10E5C0000FF01FF8381C700E700E700E700E700E6B
:10E5D000700E700E700E381C3C3C1FF80FF007E0F8
:10E5E000000000000FF01FF83FFC381C700E700E8A
:10E5F000700E700E700E700E700E700E700E381E53
:10E600003FFE1FFC0FFC003800380070007000E077
:10E6100000E001C001C001C00380038007000700C3
:10E620000000000000000000000000001F003F800C
:10E63000318060C060C060C060C060C060C03180B8
:10E640003F801F00000000000000000000000000EC
:10E650000000000000000000000000001E003E005E
:10E66000360006000600060006000600060006004A
:10E670003FC03FC00000000000000000000000009C
:10E680000000000000000000000000003E007F00CD
:10E69000438001800180038007000E001C003800C9
:10E6A0007F807F800000000000000000000000006C
:10E6B0000000000000000000000000003F007FC0DC
:10E6C00040C000C01F801F8001C000C000C041C00A
:10E6D0007F803F00000000000000000000000000FC
:10E6E000000000000000000000000000078007801C
:10E6F0000D801D8019803980318061807FE07FE04E
:10E700000180018000000000000000000000000007
:10E710000000000000000000000000007F807F80FB
:10E72000600060007F007F8041C000C000C041C029
:10E730007F803F000000000000000000000000009B
:10E740000000000000000000000000000F003F80FB
:10E75000308060007F007F8071C060C060C031C0C9
:10E760003F801F00000000000000000000000000CB
:10E770000000000000000000000000007FC07FC01B
:10E7800001C00180018003000300060006000C00A8
:10E790000C001C0000000000000000000000000051
:10E7A0000000000000000000000000003F807FC06B
:10E7B00060C060C03F803F8071C060C060C071C0F9
:10E7C0003F801F000000000000000000000000006B
:10E7D0000000000000000000000000001F003F805B
:10E7E000718060C060C071C03FC01FC000C0218088
:10E7F0003F801E000000000000000000000000003C
:10E800000000000000000000000000000FFFFFFCFF
:10E81000007FFFFC200FFFFC3E007FFC3FC007FC99
:10E820003FC801FC3FCFC1FC3FCFF1FC3FCFF1FC23
:10E830003FCFF1FC3FCFF1FC0FCFF1FC01CFF1FC5A
:10E84000200FF1FC3E01F1FC3FC031FC3FC801FC50
:10E850003FCF81FC3FCFF1FC3FCFF1FC3FCFF1FC3C
:10E860003FCFF1FC3FCFF1FC3FCFF1FC03CFF000F5
:10E87000004FF0000001F000000030000000000038
:10E88000000000000000000000000000007FFE000B
:10E8900001FFFF8003FFFFC003E007C0078003E024
:10E8A000078001E0078001E0078001E0078001E0C8
:10E8B000078001E0000000001FFFFFF83FFFFFFCA2
:10E8C0003FFFFFFC3FFFFFFC3FFC3FFC3FF81FFC0E
:10E8D0003FF81FFC3FFC3FFC3FFC3FFC3FFC3FFC84
:10E8E0003FFC3FFC3FFC3FFC3FFE7FFC3FFFFFFC4B
:10E8F0003FFFFFFC3FFFFFFC1FFFFFF80000000091
:10E900000000000000000000000000000381C0E0E3
:10E910000783C1E00F87C3E00F0783C01E0F078086
:10E920001E0F07801E0F07801E0F07801E0F078017
:10E930000F0783C00F0783C00783C1E00381C0E0D6
:10E9400003C1E0F001C0E07001E0F07803E1F0F80D
:10E9500003C1E0F00783C1E00F87C3E00F0783C066
:10E960000E07038000000000000000003FFFFFFCD6
:10E970003FFFFFFC3FFFFFFC3FFFFFFC00000000EC
:10E980000000000000000000000000003FFFFFFC4E
:10E990003FFFFFFC3FFFFFFC3FFFFFFC00000000CC
:10E9A0000000000000000000000000000000000067
:10E9B0000000000000000000000000003FFFFFFC1E
:10E9C0003FFFFFFC3FFFFFFC3FFFFFFC000000009C
:10E9D0000000000000000000000000000000000037
:10E9E0000000000000000000000000003FFFFFFCEE
:10E9F0003FFFFFFC3FFFFFFC3FFFFFFC000000006C
:10EA00000000000000000000000000003C00003C8E
:10EA10003E00007C3E00007C3F0000FC3F0000FC0C
:10EA20003F8001FC3F8001FC3FC003FC3DC003FC74
:10EA30003DE007BC3CE0073C3CF00F3C3C700E3C2A
:10EA40003C781E3C3C381C3C3C3C3C3C3C1C383C30
:10EA50003C1E783C3C0E703C3C0FF03C3C07E03CDC
:10EA60003C07E03C3C03C03C3C03C03C3C01803CD8
:10EA70003C01803C3C00003C3C00003C00000000AD
:10EA8000FFFFFFFF80000001800000018000000107
:10EA90008000000187E060198FF0701998187819CC
:10EAA0009818681998186C1998186C19981864199E
:10EAB00098186619981866199818621998186319A1
:10EAC000981863199818611998186199981861999C
:10EAD00098186099981860D9981860D99818605952
:10EAE000981860798FF0603987E060198000000124
:10EAF000800000018000000180000001FFFFFFFF97
:10EB0000FFFFFFFF80000001800000018000000186
:10EB1000800000018787F3F98FC7F3F99866030136
:10EB200098660301986603019866030198660301DD
:10EB300098660301986603019867F3F99867F3F9FB
:10EB400098660301986603019866030198660301BD
:10EB500098660301986603019866030198660301AD
:10EB6000986603018FC603018786030180000001B8
:10EB700080000001FFFFFFFF000000000000000018
:10EB800000E8010880E8010800E9010880E90108BF
:10EB900000EA010800000007FFF801FFF8181FF85D
:10EBA0001F03F81F60F81F7CF81F7CF81F7CF81FFC
:10EBB0007CF8077CF8017CF8181CF81F04F81F602B
:10EBC000F81F7CF81F7CF81F7CF81F7CF8077C007E
:10EBD000017C00001C000004000000000000000098
:10EBE000FF0003FFC003FFC00700E00700E00700CD
:10EBF000E00700E00700E00000000FFFF01FFFF853
:10EC00001FE7F81FC3F81FC3F81FC3F81FE7F81F5B
:10EC1000E7F81FE7F81FE7F81FFFF81FFFF80FFFDF
:10EC2000F00000000000000C18301E3C781C38700A
:10EC30003870E03870E03870E03C78F01C38701CB8
:10EC400038700E1C380E1C380E1C380E1C380E1C6A
:10EC5000381C38703C78F01830600000000000006C
:10EC60001FFFF81FFFF81FFFF80000000000001F43
:10EC7000FFF81FFFF81FFFF81FFFF800000000005B
:10EC8000000000000000000000001FFFF81FFFF858
:10EC90001FFFF81FFFF80000000000000000000048
:10ECA00000000000001FFFF81FFFF81FFFF81FFF04
:10ECB000F80000000000001C00381C00381E00781E
:10ECC0001E00781E00781F00F81F00F81F81F81F33
:10ECD00081F81D81B81DC3B81CC3381CE7381C66F9
:10ECE000381C7E381C3C381C3C381C18381C183822
:10ECF0001C18381C00381C00380000000000000000
:10ED000000000007E01C0FF0221C382238182230C7
:10ED1000001C3000003000003000003000003000E7
:10ED200000300000300000300000300000300000F3
:10ED30003818001C38000FF00007E0000000000049
:10ED4000000000000000000000007E00307F007026
:10ED50006180F060C1B060C33060C23060C03060BC
:10ED6000C0306180307F00307E0030600030600055
:10ED70003060003060003060003060003060003093
:10ED80006000306000300000000000000000000063
:10ED900000007E00F07F01F861830C60C60660C44D
:10EDA0000660C00660C00660C0046180087F00186D
:10EDB0007E00306000606000C060018060018060A3
:10EDC00003006006006006006007FE6007FE0000AA
:10EDD000000000000000000000007E00F07F01F84D
:10EDE00061830C60C60660C00660C00660C0066035
:10EDF000C00661800E7F003C7E003C60000E60001B
:10EE00000660000660000660040660060660030CEB
:10EE10006001F86000F00000000000000000000049
:10EE200000007E00087F000861801860C01060C08C
:10EE30003060C02060C06060C0406180D87F0098B2
:10EE40007E01986001186003186002186007FC607A
:10EE500007FC6000186000186000186000180000CF
:10EE6000000000000000000000007E07FC7F07FC9F
:10EE700061860060C60060C60060C60060C6F060C3
:10EE8000C7F861870C7F00067E0006600006600000
:10EE90000660000660000660040660060660070C57
:10EEA0006003F86001F000000000000000000000B6
:10EEB00000007E00607F00606180C060C08060C133
:10EEC0008060C10060C30060C2006186F07F07F807
:10EED0007E070C6006066006066006066006066091
:10EEE000060660020660030C6001F86000F0000096
:10EEF000000000000000000800000C0000FE7F0F72
:10EF0000FC7F0F08030C00030C30030C48030CC8F3
:10EF1000030C84030C041B0D02130C03230C0123AC
:10EF20000C00C30C00030C00030C01030CF3FF0FD7
:10EF3000F7FF0F030000010000000000FFFF800149
:10EF40008401820181018081804180218041808112
:10EF500081018201840180018001FFFF0000000027
:10EF6000307048F8498C330C0300030003000300A1
:10EF7000030C018C00F8007000000000FFFF80010E
:10EF8000800180018001A0059009881184218241BF
:10EF900081818001800180018001FFFF0006000760
:10EFA00000130038007C00F801F003E003C0038088
:10EFB000F800F80000000000FFFEFFFE07E00FF081
:10EFC0001818300C60066036607666E667C66386A1
:10EFD0006106300C381C1C380FF003C07FFEFFFFA9
:10EFE000C003C003C003C303C603CFFFCFFFC603E4
:10EFF000C303C003C003C003FFFF7FFEFFFF800108
:10F0000080018001800181818241842188119009E1
:10F01000A0058001800180018001FFFF07E00FF063
:10F020001818300C6006666667E663C663C667E656
:10F030006666300C381C1C380FF003C0FFFF8001DF
:10F0400083C187E18C319819B00DB00DB00DB00DB2
:10F0500098198C3187E183C18001FFFFFFFF800198
:10F06000A00590098811842182418181818182419A
:10F07000842188119009A0058001FFFF0000000095
:10F080003FFC3FFC3FFC3FFC3FFC3FFC3FFC3FFCA8
:10F090003FFC3FFC3FFC3FFC0000000038067C0CBE
:10F0A000C618C630C6607CC03980030006380C7CA8
:10F0B00018C630C660C6407C00380000003C183CD2
:10F0C0004291919D8181423C240000000000C3C315
:10F0D000C3FFFFC3C3C30040E74000000000183C6B
:10F0E0003C3C180042E7FFFFFFFF00000000020663
:10F0F0000C1830606030180C0602000000000000A0
:10F100000000000000000000000FF000003FFC00C5
:10F11000007FFF0001FFFF8003FFFFC003FFFFE050
:10F1200007F00FE007E007F00FC003F00F8001F0D9
:10F130001F8001F81F0000F81F0000F81F0000F8F2
:10F140001F0000F81F0000F81F0000F81F0000F863
:10F150001F0000F81F0000F81F0000F81F0000F853
:10F160001F0000F81F0000F81F0000F81F0000F843
:10F170001F0000F81F0000F81F0000F81F0000F833
:10F180001F0000F81F0000F81F0000F81F0000F823
:10F190001F0000F81F0000F81F0000F81F0000F813
:10F1A0001F0000F81F0000F81F0000F81F0000F803
:10F1B0001F0000F81F0000F81F0000F81F0000F8F3
:10F1C0001F0000F81F0000F81F0000F81F0000F8E3
:10F1D0000F8001F00F8001F00FC003F007E007E09F
:10F1E00007F81FE003FFFFC001FFFF8000FFFF00E3
:10F1F000003FFC00001FF8000000000000000000BD
:10F200000000000000000000000FF800003FF800C0
:10F21000007FF80000FFF80001FFF80003FFF8008E
:10F2200007F9F80007F1F80007E1F80007C1F80056
:10F230000781F8000701F8000601F8000401F80052
:10F240000001F8000001F8000001F8000001F800DA
:10F250000001F8000001F8000001F8000001F800CA
:10F260000001F8000001F8000001F8000001F800BA
:10F270000001F8000001F8000001F8000001F800AA
:10F280000001F8000001F8000001F8000001F8009A
:10F290000001F8000001F8000001F8000001F8008A
:10F2A0000001F8000001F8000001F8000001F8007A
:10F2B0000001F8000001F8000001F8000001F8006A
:10F2C0000001F8000001F8000001F8000001F8005A
:10F2D0000001F8000001F8000001F8000001F8004A
:10F2E0000001F8000001F8000001F8000001F8003A
:10F2F0000001F8000001F80000000000000000001C
:10F300000000000000000000001FFC00007FFF0064
:10F3100000FFFF8001FFFFC003FFFFE007FFFFE0EA
:10F3200007F807F00FF003F00FE001F80FC001F845
:10F330001F8000F81F8000F81F0000F81F0000F871
:10F340001F0000F81F0000F8000000F8000000F89F
:10F35000000000F8000000F8000001F8000001F0D3
:10F36000000003F0000003E0000007E0000007C019
:10F3700000000FC000000FC000001F8000003F0011
:10F3800000003F0000007E000000FE000000FC00C6
:10F390000001FC000001F8000003F0000007E0009D
:10F3A0000007E000000FC000000F8000001F800079
:10F3B000001F0000003F0000007E0000007E0000F3
:10F3C00000FC000000F8000001F8000003F000005D
:10F3D00003F0000007E0000007C000000FC00000BD
:10F3E0000F8000001FFFFFF81FFFFFF81FFFFFF84F
:10F3F0001FFFFFF81FFFFFF80000000000000000E3
:10F400000000000000000000001FFC00007FFF0063
:10F4100000FFFF8001FFFFC003FFFFE007FFFFE0E9
:10F4200007F807F00FF003F00FE001F80FC001F844
:10F430001F8000F81F8000F81F0000F81F0000F870
:10F440001F0000F81F0000F8000000F8000000F89E
:10F45000000000F8000000F8000001F8000001F8CA
:10F46000000003F8000003F0000007F000003FE098
:10F470000007FFC00007FF800007FF000007FFC074
:10F480000007FFE000001FF0000007F0000003F895
:10F49000000001F8000000F80000007C0000007C83
:10F4A0000000007C0000007C0000007C0000007C6C
:10F4B0000000007C0000007C0000007C3E00007C1E
:10F4C0003E00007C3E00007C3F00007C3F0000FCD2
:10F4D0001F8000FC1F8001F80FC003F80FF007F831
:10F4E00007FFFFF003FFFFE001FFFFC000FFFF8009
:10F4F000007FFF00001FF800000000000000000077
:10F5000000000000000000000000F8000000F8000B
:10F510000000F8000001F0000001F0000001F00020
:10F520000001E0000003E0000003E0000003E00051
:10F530000007C0000007C0000007C000000F8000E7
:10F54000000F8000000F8000001F0000001F00005F
:10F55000001F0000003E0000003E0000003E0000D2
:10F56000007C0000007C0000007C000000F803C06C
:10F5700000F803C000F803C000F803C001F003C0A6
:10F5800001F003C001F003C003E003C003E003C0C7
:10F5900003E003C007C003C007C003C007C003C027
:10F5A0000F8003C00F8003C00F8003C01F0003C083
:10F5B0001F0003C01F0003C01E0003C03E0003C0A5
:10F5C0003FFFFFFC3FFFFFFC3FFFFFFC3FFFFFFC57
:10F5D0003FFFFFFC000003C0000003C0000003C0A9
:10F5E000000003C0000003C0000003C0000003C00F
:10F5F000000003C0000003C0000000000000000085
:10F6000000000000000000001FFFFFF01FFFFFF0E0
:10F610001FFFFFF01FFFFFF01FFFFFF01F000000A4
:10F620001F0000001F0000001F0000001F0000005E
:10F630001F0000001F0000001F0000001F0000004E
:10F640001F0000001F0000001F0000001F0000003E
:10F650001F07F0001F1FFE001F3FFF001F3FFF801E
:10F660001F7FFFC01FFFFFE01FFC0FF01FF807F018
:10F670001FE003F81FC003F81FC001F81F8000FC43
:10F680001F0000FC000000FC0000007C0000007C6B
:10F690000000007C0000007C0000007C0000007C7A
:10F6A0000000007C0000007C0000007C0000007C6A
:10F6B0000000007C0000007C0000007C1F00007C3B
:10F6C0001F00007C1F0000FC1F0000FC1F0000FC4E
:10F6D0001F8001F81F8001F80FC003F80FE007F04A
:10F6E00007F81FF007FFFFF003FFFFE001FFFFC077
:10F6F00000FFFF80007FFF00001FF80000000000F7
:10F7000000000000000000000000F8000001F80008
:10F710000001F0000003F0000003E0000003E0003F
:10F720000007E0000007C000000FC000000F8000CD
:10F73000001F8000001F8000001F0000003F00002D
:10F74000003F0000003E0000007C0000007C000044
:10F7500000FC000000F8000000F8000001F00000CC
:10F7600001F0000003E0000003E7F80007DFFE00FF
:10F7700007FFFF0007FFFF800FFFFFC00FFFFFE045
:10F780000FE00FE01FC007F01FC003F01F8003F061
:10F790001F0001F81F0001F83F0000F83E0000F8CC
:10F7A0003E0000F83E0000F83E0000F83E0000F881
:10F7B0003E0000F83E0000F83E0000F83E0000F871
:10F7C0003E0000F83E0000F81F0000F81F0001F89E
:10F7D0001F8001F01F8001F00FC003E00FE007E081
:10F7E00007F81FE007FFFFC003FFFFC001FFFF8016
:10F7F00000FFFF00007FFC00001FF0000000000081
:10F8000000000000000000001FFFFFF81FFFFFF8CE
:10F810001FFFFFF81FFFFFF81FFFFFF81F0000F892
:10F820001F0000F81F0000F81F0000F81F0000F87C
:10F830001F0001F01F0001F01F0001F01F0001F088
:10F840001F0003E01F0003E0000003E0000003E0EE
:10F85000000003E0000007E0000007C0000007C050
:10F860000000078000000F8000000F8000000F8064
:10F8700000000F8000001F0000001F0000001F009C
:10F8800000003F0000003F0000003E0000003E007E
:10F8900000003E0000007E0000007C0000007C00B4
:10F8A00000007C0000007C000000F8000000F80070
:10F8B0000000F8000000F8000001F0000001F00076
:10F8C0000001F0000003F0000003F0000003E0007E
:10F8D0000003E0000003E0000007E0000007C000B4
:10F8E0000007C000000FC000000FC000000F800024
:10F8F000001F8000001F80000000000000000000CA
:10F900000000000000000000003FF80000FFFF00C2
:10F9100001FFFF8003FFFFC003FFFFE007F00FE0E0
:10F920000FC007F00FC001F00F8001F81F0000F8B2
:10F930001F0000F81F0000F81F0000F81F0000F86B
:10F940001F0000F81F0000F81F0000F81F0000F85B
:10F950001F0000F81F0000F81F0000F81F0000F84B
:10F960000F8001F00F8001F007E003E007FFFFE0E8
:10F9700003FFFFC003FFFF8001FFFF8001FFFF8047
:10F9800003FFFFC007FFFFE00FF01FE00FC007F00D
:10F990001F8001F01F0001F81F0000F83E0000FC6E
:10F9A0003E00007C3E00007C3E00007C3E00007C6F
:10F9B0003E00007C3E00007C3E00007C3E00007C5F
:10F9C0003E00007C3E00007C3F00007C3F0000FCCD
:10F9D0001F8000FC1F8001F80FC003F80FE007F044
:10F9E00007F81FE007FFFFC003FFFFC001FFFF8014
:10F9F00000FFFF00007FFC00001FF000000000007F
:10FA00000000000000000000003FF80000FFFF00C1
:10FA100001FFFF8003FFFFC003FFFFE007F81FE0C7
:10FA20000FF007F00FE003F00FC003F81F8001F89C
:10FA30001F8001F81F0000F81F0000F81F0000F8E9
:10FA40001F0000F81F0000F81F0000F81F0000F85A
:10FA50001F0000F81F0000F81F0000F81F0000F84A
:10FA60001F0000F81F0001F80F8001F80F8003F855
:10FA70000FC003F007E007F007F00FF003FFFFE00F
:10FA800003FFFFE001FFFFE000FFFFE0007FFFC09A
:10FA9000001FFFC000000F8000000F8000001F80CB
:10FAA00000001F0000001F0000003E0000003E009C
:10FAB00000007E0000007C0000007C000000FC00D4
:10FAC0000000F8000001F8000001F0000001F00063
:10FAD0000003E0000003E0000007E0000007C000B2
:10FAE0000007C000000F8000001F8000001F800082
:10FAF000001F0000003F00000000000000000000A8
:10FB000007E01FF83FFC381C700E700E700E700E70
:10FB1000700E700E700E700E700E700E700E700EF5
:10FB2000700E700E700E700E700E700E700E700EE5
:10FB3000700E381C3FFC1FF807E0000000000000BA
:10FB400007C01FC03FC03DC031C021C001C001C0BF
:10FB500001C001C001C001C001C001C001C001C09D
:10FB600001C001C001C001C001C001C001C001C08D
:10FB700001C001C001C001C001C001C000000000FF
:10FB800007E01FF81FFC3C1C380E700E700E700E44
:10FB9000000E000E000E001C001C003800700070EB
:10FBA00000E001C001C00380038007000E001C00BC
:10FBB0001C00380070007FFE7FFE7FFE000000000A
:10FBC00007E01FF81FFC3C1C380E700E700E700E04
:10FBD000000E000E000E001C001C01F801F801FCD4
:10FBE000001C000E000E000E000E000E700E700EB7
:10FBF000700E380E3C1C1FFC1FF807E000000000D0
:10FC000000E000E001C001C001C003800380038068
:10FC10000700070007000E000E380E381C381C388D
:10FC20001C38383838383838703870387FFE7FFEE6
:10FC30007FFE00380038003800380038000000002F
:10FC40003FFC3FFC3FFC38003800380038003800EB
:10FC5000380039E03FF83FFC3E1C380E300E000EF5
:10FC6000000E000E000E000E000E000E700E700E44
:10FC7000380E381E1FFC0FF807F0000000000000CF
:10FC800000E000E001C001C003800380070007001E
:10FC90000E000E001C001C001FF03FF83FFC381C3B
:10FCA000700E700E700E700E700E700E700E700E64
:10FCB000700E700E381C3FFC1FF807E000000000BB
:10FCC0007FFE7FFE7FFE700E700E700E701C701C2B
:10FCD000001C001C0018003800380038007000704C
:10FCE0000070007000E000E000E000E001C001C032
:10FCF00001C001C003800380038003800000000076
:10FD00000FF01FF83FFC381C700E700E700E700E56
:10FD1000700E700E380E381C1C381FF80FF01FF8CC
:10FD2000381C700E700E700E700E700E700E700E0D
:10FD3000700E381C3C3C1FF80FF007E0000000007C
:10FD40000FF01FF83FFC381C700E700E700E700E16
:10FD5000700E700E700E700E700E381E3FFE1FFC7F
:10FD60000FFC003800380070007000E000E001C0B7
:10FD700001C001C0038003800700070000000000ED
:10FD800000000000000000001F003F80318060C0C4
:10FD900060C060C060C060C060C031803F801F0034
:10FDA0000000000000000000000000000000000053
:10FDB00000000000000000001E003E0036000600AB
:10FDC0000600060006000600060006003FC03FC011
:10FDD0000000000000000000000000000000000023
:10FDE00000000000000000003E007F004380018012
:10FDF0000180038007000E001C0038007F807F8098
:10FE000000000000000000000000000000000000F2
:10FE100000000000000000003F007FC040C000C0A4
:10FE20001F801F8001C000C000C041C07F803F0014
:10FE300000000000000000000000000000000000C2
:10FE40000000000000000000078007800D801D807A
:10FE500019803980318061807FE07FE001800180FE
:10FE60000000000000000000000000000000000092
:10FE700000000000000000007F807F8060006000C4
:10FE80007F007F8041C000C000C041C07F803F0034
:10FE90000000000000000000000000000000000062
:10FEA00000000000000000000F003F803080600074
:10FEB0007F007F8071C060C060C031C03F801F0084
:10FEC0000000000000000000000000000000000032
:10FED00000000000000000007FC07FC001C0018062
:10FEE000018003000300060006000C000C001C004B
:10FEF0000000000000000000000000000000000002
:10FF000000000000000000003F807FC060C060C0B3
:10FF10003F803F8071C060C060C071C03F801F00E3
:10FF200000000000000000000000000000000000D1
:10FF300000000000000000001F003F80718060C0D2
:10FF400060C071C03FC01FC000C021803F801E0044
:10FF50000000000000000000000000005B496E6629
:10FF60005D202D2D2D2D2D2D2D2D2D2D2D2D2D2D9E
:10FF70002D2D2D202050726F6772616D205374619A
:10FF80007274202D2D2D2D2D2D2D2D2D2D2D2D2D22
:10FF90002D2D2D2D2D2D2D2D2D2D2D2D2D0A0D0001
:10FFA00057454400544845005455450046524900C1
:10FFB0004D4F4E0053554E0053415400362B3100E7
:10FFC000352B32003700000050726F746563742067
:10FFD00054656D702E000000436F6D666F72742063
:10FFE0004D6F64650000000053656E736F722043AF
:10FFF000616C69627261746500000000506F776522
:020000040802F0
:1000000072204F6E205374617465000053656E73E7
:100010006F720000506F776572204C696D697400D3
:10002000496E7075742054656D702E4C696D6974DD
:10003000000000005365742054696D6500000000E5
:100040004368696C64206C6F636B000057696E6471
:100050006F772046756E6374696F6E0046616374D6
:100060006F727920526573657400000053657420C7
:100070004261636B6C696768740000009C00020851
:1000800000000020BC0400002CFA0008F403020861
:10009000BC0400204C050000DCFA00081FD61D013E
:1000A00008D61E041A1F041A20041A21041A220456
:1000B0001A23041A24041A25041A260418092701ED
:1000C000081628010856041A96041AD6041B162985
:1000D0001019041A96041AD6041B162A1019041AA9
:1000E00086041AB6041AE6041E162B010846041AE2
:1000F00076041AA6041AD6041F062C010834350407
:100100001A36041A37041A38041A39041A3A041A27
:100110003B041A3C041A3D041A3E041D3F010874B6
:10012000041AB4041AF4041B34401019041AB40459
:100130001AF4041B34411019041AB4041AE4041EFE
:100140001442010844041A74041AA4041AD4041BA7
:1001500004432819041A6404011184A24A04180FE4
:100160000102030406070809904C0108904D041A87
:100170004E041A4F041A50041A51041A52041A5306
:10018000041A54041A55041D560108D0041E1057B1
:10019000010850041A90041AD0041B1058101904B6
:1001A0001A90041AD0041E1059010840041A700451
:1001B0001AA0041AD004111D5A010830041A600450
:1001C0001A90041AC00401123380BF73BF2D323C51
:1001D00039AD1A01030513010A1E141EB0FF0108F0
:1001E000A8041AA0041AA4041AAC041AB8041AB475
:1001F00004B11A0143511B1064A01A65041A660465
:100200001A67041A68041A69041A6A041A6B041A31
:100210006C041A6D041A6ED419041A90041AD004CE
:100220001B106F1019041A90041AD0041B107010C0
:1002300019041A90041AC0041AF0041B207114192E
:10024000041A80041AB0041AE0041E107201084057
:1002500004411F9C7B01089C7C041A7D041A7E04C7
:100260001A7F041A80041A81041A82041A83041A59
:1002700084041D850108DC041E1C8601085C041A28
:100280009C041ADC041B1C871019041A9C041ADC39
:10029000041E1C8801084C041A7C041AAC041ADCE5
:1002A000041E0C8901083C041A6C041A9C041ACC24
:1002B000041EC0FF0108BC041AC4041B0CC2041AAB
:1002C000C3041AC4041AC5041AC6041AC7041AC8F7
:1002D000041AC9041ACA041ACB041ACC5C19041AE9
:1002E0008C041ACC041B0CCD1019041A8C041ACCE3
:1002F000041B0CCE1019041A8C041ABC041AEC044A
:100300001B1CCF1419041A7C041AAC041ADC041B3D
:100310000CD0901904D114380140124412401A082C
:1003200008A904B11FA0D90108A0DA041ADB041A35
:10033000DC041ADD041ADE041ADF041AE0041AE1F0
:10034000041AE2041DE30108E0041E20E401086031
:10035000041AA0041AE0041B20E51019041AA004D2
:100360001AE0041E20E6010850041A80041AB004A2
:100370001AE0041E10E7010840041A70041AA004D1
:100380001AD004411FFCF00108FCF1041AF2041A0F
:10039000F3041AF4041AF5041AF6041AF7041AF806
:1003A000041AF9041AFADC1AFBF019041ABC041A2C
:1003B000FC041B3CFC1019041ABC041AFC041B3C72
:1003C000FD1019041AAC041ADC041B0CFE141904E9
:1003D0001A6C041A9C041ACC041AFC042B2CFF7C03
:1003E00063FFFF2D01020304043808060708090211
:0403F0000406962148
:0400000508000131BD
:00000001FF
