//////////////////////////////////////////////////////////////////////////////////	 
//本程序只供学习使用，未经作者许可，不得用于其它任何用途
//测试硬件：单片机STM32F103RCT6,正点原子MiniSTM32开发板,主频72MHZ，晶振12MHZ
//QDtech-TFT液晶驱动 for STM32 IO模拟
//xiao冯@ShenZhen QDtech co.,LTD
//公司网站:www.qdtft.com
//淘宝网站：http://qdtech.taobao.com
//wiki技术网站：http://www.lcdwiki.com
//我司提供技术支持，任何技术问题欢迎随时交流学习
//固话(传真) :+86 0755-23594567 
//手机:15989313508（冯工） 
//邮箱:lcdwiki01@gmail.com    support@lcdwiki.com    goodtft@163.com 
//技术支持QQ:3002773612  3002778157
//技术交流QQ群:324828016
//创建日期:2018/08/22
//版本：V1.0
//版权所有，盗版必究。
//Copyright(C) 深圳市全动电子技术有限公司 2018-2028
//All rights reserved
/****************************************************************************************************
//=========================================电源接线================================================//
//     LCD模块                STM32单片机
//      VCC          接        DC5V/3.3V      //电源
//      GND          接          GND          //电源地
//=======================================液晶屏数据线接线==========================================//
//本模块默认数据总线类型为SPI总线
//     LCD模块                STM32单片机    
//       SDA         接          PB15         //液晶屏SPI总线数据写信号
//=======================================液晶屏控制线接线==========================================//
//     LCD模块 					      STM32单片机 
//       LED         接          PB9          //液晶屏背光控制信号，如果不需要控制，接5V或3.3V
//       SCK         接          PB13         //液晶屏SPI总线时钟信号
//       A0          接          PB10         //液晶屏数据/命令控制信号
//       RESET       接          PB12         //液晶屏复位控制信号
//       CS          接          PB11         //液晶屏片选控制信号
//=========================================触摸屏触接线=========================================//
//如果模块不带触摸功能或者带有触摸功能，但是不需要触摸功能，则不需要进行触摸屏接线
//	   LCD模块                STM32单片机 
//      T_IRQ        接          PC10         //触摸屏触摸中断信号
//      T_DO         接          PC2          //触摸屏SPI总线读信号
//      T_DIN        接          PC3          //触摸屏SPI总线写信号
//      T_CS         接          PC13         //触摸屏片选控制信号
//      T_CLK        接          PC0          //触摸屏SPI总线时钟信号
**************************************************************************************************/	
 /* @attention
  *
  * THE PRESENT FIRMWARE WHICH IS FOR GUIDANCE ONLY AIMS AT PROVIDING CUSTOMERS
  * WITH CODING INFORMATION REGARDING THEIR PRODUCTS IN ORDER FOR THEM TO SAVE
  * TIME. AS A RESULT, QD electronic SHALL NOT BE HELD LIABLE FOR ANY
  * DIRECT, INDIRECT OR CONSEQUENTIAL DAMAGES WITH RESPECT TO ANY CLAIMS ARISING
  * FROM THE CONTENT OF SUCH FIRMWARE AND/OR THE USE MADE BY CUSTOMERS OF THE
  * CODING INFORMATION CONTAINED HEREIN IN CONNECTION WITH THEIR PRODUCTS.
**************************************************************************************************/	
#include "lcd.h"
#include "string.h"
#include "font.h" 
#include "delay.h"
#include "gui.h"
#include "ISO_8859_1_12x24.h"
#include "icons_24x24.h"
#include "arial_digits_flash.h"


const unsigned char ISO_8859_1_8x16[192][16] = {
		{0x00, 0x00, 0x00, 0x00, 0x00, 0x00, 0x00, 0x00, 0x00, 0x00, 0x00, 0x00, 0x00, 0x00, 0x00, 0x00},/*" ",0*/
		{0x00, 0x00, 0x10, 0x10, 0x10, 0x10, 0x10, 0x10, 0x10, 0x00, 0x10, 0x10, 0x00, 0x00, 0x00, 0x00},/*"!",1*/
		{0x00, 0x24, 0x24, 0x24, 0x00, 0x00, 0x00, 0x00, 0x00, 0x00, 0x00, 0x00, 0x00, 0x00, 0x00, 0x00},/*""",2*/
		{0x00, 0x00, 0x24, 0x24, 0x24, 0x7E, 0x24, 0x24, 0x7E, 0x24, 0x24, 0x24, 0x00, 0x00, 0x00, 0x00},/*"#",3*/
		{0x00, 0x10, 0x10, 0x7C, 0x92, 0x90, 0x90, 0x7C, 0x12, 0x12, 0x92, 0x7C, 0x10, 0x10, 0x00, 0x00},/*"$",4*/
		{0x00, 0x00, 0x64, 0x94, 0x68, 0x08, 0x10, 0x10, 0x20, 0x2C, 0x52, 0x4C, 0x00, 0x00, 0x00, 0x00},/*"%",5*/
		{0x00, 0x00, 0x18, 0x24, 0x24, 0x18, 0x30, 0x4A, 0x44, 0x44, 0x44, 0x3A, 0x00, 0x00, 0x00, 0x00},/*"&",6*/
		{0x00, 0x10, 0x10, 0x10, 0x00, 0x00, 0x00, 0x00, 0x00, 0x00, 0x00, 0x00, 0x00, 0x00, 0x00, 0x00},/*"'",7*/
		{0x00, 0x00, 0x08, 0x10, 0x20, 0x20, 0x20, 0x20, 0x20, 0x20, 0x10, 0x08, 0x00, 0x00, 0x00, 0x00},/*"(",8*/
		{0x00, 0x00, 0x20, 0x10, 0x08, 0x08, 0x08, 0x08, 0x08, 0x08, 0x10, 0x20, 0x00, 0x00, 0x00, 0x00},/*")",9*/
		{0x00, 0x00, 0x00, 0x00, 0x00, 0x24, 0x18, 0x7E, 0x18, 0x24, 0x00, 0x00, 0x00, 0x00, 0x00, 0x00},/*"*",10*/
		{0x00, 0x00, 0x00, 0x00, 0x00, 0x10, 0x10, 0x7C, 0x10, 0x10, 0x00, 0x00, 0x00, 0x00, 0x00, 0x00},/*"+",11*/
		{0x00, 0x00, 0x00, 0x00, 0x00, 0x00, 0x00, 0x00, 0x00, 0x00, 0x10, 0x10, 0x20, 0x00, 0x00, 0x00},/*",",12*/
		{0x00, 0x00, 0x00, 0x00, 0x00, 0x00, 0x00, 0x7E, 0x00, 0x00, 0x00, 0x00, 0x00, 0x00, 0x00, 0x00},/*"-",13*/
		{0x00, 0x00, 0x00, 0x00, 0x00, 0x00, 0x00, 0x00, 0x00, 0x00, 0x10, 0x10, 0x00, 0x00, 0x00, 0x00},/*".",14*/
		{0x00, 0x00, 0x04, 0x04, 0x08, 0x08, 0x10, 0x10, 0x20, 0x20, 0x40, 0x40, 0x00, 0x00, 0x00, 0x00},/*"/",15*/
		{0x00, 0x00, 0x3C, 0x42, 0x42, 0x46, 0x4A, 0x52, 0x62, 0x42, 0x42, 0x3C, 0x00, 0x00, 0x00, 0x00},/*"0",16*/
		{0x00, 0x00, 0x08, 0x18, 0x28, 0x08, 0x08, 0x08, 0x08, 0x08, 0x08, 0x3E, 0x00, 0x00, 0x00, 0x00},/*"1",17*/
		{0x00, 0x00, 0x3C, 0x42, 0x42, 0x02, 0x04, 0x08, 0x10, 0x20, 0x40, 0x7E, 0x00, 0x00, 0x00, 0x00},/*"2",18*/
		{0x00, 0x00, 0x3C, 0x42, 0x42, 0x02, 0x1C, 0x02, 0x02, 0x42, 0x42, 0x3C, 0x00, 0x00, 0x00, 0x00},/*"3",19*/
		{0x00, 0x00, 0x02, 0x06, 0x0A, 0x12, 0x22, 0x42, 0x7E, 0x02, 0x02, 0x02, 0x00, 0x00, 0x00, 0x00},/*"4",20*/
		{0x00, 0x00, 0x7E, 0x40, 0x40, 0x40, 0x7C, 0x02, 0x02, 0x02, 0x42, 0x3C, 0x00, 0x00, 0x00, 0x00},/*"5",21*/
		{0x00, 0x00, 0x1C, 0x20, 0x40, 0x40, 0x7C, 0x42, 0x42, 0x42, 0x42, 0x3C, 0x00, 0x00, 0x00, 0x00},/*"6",22*/
		{0x00, 0x00, 0x7E, 0x02, 0x02, 0x04, 0x04, 0x08, 0x08, 0x10, 0x10, 0x10, 0x00, 0x00, 0x00, 0x00},/*"7",23*/
		{0x00, 0x00, 0x3C, 0x42, 0x42, 0x42, 0x3C, 0x42, 0x42, 0x42, 0x42, 0x3C, 0x00, 0x00, 0x00, 0x00},/*"8",24*/
		{0x00, 0x00, 0x3C, 0x42, 0x42, 0x42, 0x42, 0x3E, 0x02, 0x02, 0x04, 0x38, 0x00, 0x00, 0x00, 0x00},/*"9",25*/
		{0x00, 0x00, 0x00, 0x00, 0x00, 0x10, 0x10, 0x00, 0x00, 0x00, 0x10, 0x10, 0x00, 0x00, 0x00, 0x00},/*":",26*/
		{0x00, 0x00, 0x00, 0x00, 0x00, 0x10, 0x10, 0x00, 0x00, 0x00, 0x10, 0x10, 0x20, 0x00, 0x00, 0x00},/*";",27*/
		{0x00, 0x00, 0x00, 0x04, 0x08, 0x10, 0x20, 0x40, 0x20, 0x10, 0x08, 0x04, 0x00, 0x00, 0x00, 0x00},/*"<",28*/
		{0x00, 0x00, 0x00, 0x00, 0x00, 0x7E, 0x00, 0x00, 0x7E, 0x00, 0x00, 0x00, 0x00, 0x00, 0x00, 0x00},/*"=",29*/
		{0x00, 0x00, 0x00, 0x40, 0x20, 0x10, 0x08, 0x04, 0x08, 0x10, 0x20, 0x40, 0x00, 0x00, 0x00, 0x00},/*">",30*/
		{0x00, 0x00, 0x3C, 0x42, 0x42, 0x42, 0x04, 0x08, 0x08, 0x00, 0x08, 0x08, 0x00, 0x00, 0x00, 0x00},/*"\x3F",31*/
		{0x00, 0x00, 0x7C, 0x82, 0x9E, 0xA2, 0xA2, 0xA2, 0xA6, 0x9A, 0x80, 0x7E, 0x00, 0x00, 0x00, 0x00},/*"@",32*/
		{0x00, 0x00, 0x3C, 0x42, 0x42, 0x42, 0x42, 0x7E, 0x42, 0x42, 0x42, 0x42, 0x00, 0x00, 0x00, 0x00},/*"A",33*/
		{0x00, 0x00, 0x7C, 0x42, 0x42, 0x42, 0x7C, 0x42, 0x42, 0x42, 0x42, 0x7C, 0x00, 0x00, 0x00, 0x00},/*"B",34*/
		{0x00, 0x00, 0x3C, 0x42, 0x42, 0x40, 0x40, 0x40, 0x40, 0x42, 0x42, 0x3C, 0x00, 0x00, 0x00, 0x00},/*"C",35*/
		{0x00, 0x00, 0x78, 0x44, 0x42, 0x42, 0x42, 0x42, 0x42, 0x42, 0x44, 0x78, 0x00, 0x00, 0x00, 0x00},/*"D",36*/
		{0x00, 0x00, 0x7E, 0x40, 0x40, 0x40, 0x78, 0x40, 0x40, 0x40, 0x40, 0x7E, 0x00, 0x00, 0x00, 0x00},/*"E",37*/
		{0x00, 0x00, 0x7E, 0x40, 0x40, 0x40, 0x78, 0x40, 0x40, 0x40, 0x40, 0x40, 0x00, 0x00, 0x00, 0x00},/*"F",38*/
		{0x00, 0x00, 0x3C, 0x42, 0x42, 0x40, 0x40, 0x4E, 0x42, 0x42, 0x42, 0x3C, 0x00, 0x00, 0x00, 0x00},/*"G",39*/
		{0x00, 0x00, 0x42, 0x42, 0x42, 0x42, 0x7E, 0x42, 0x42, 0x42, 0x42, 0x42, 0x00, 0x00, 0x00, 0x00},/*"H",40*/
		{0x00, 0x00, 0x38, 0x10, 0x10, 0x10, 0x10, 0x10, 0x10, 0x10, 0x10, 0x38, 0x00, 0x00, 0x00, 0x00},/*"I",41*/
		{0x00, 0x00, 0x0E, 0x04, 0x04, 0x04, 0x04, 0x04, 0x04, 0x44, 0x44, 0x38, 0x00, 0x00, 0x00, 0x00},/*"J",42*/
		{0x00, 0x00, 0x42, 0x44, 0x48, 0x50, 0x60, 0x60, 0x50, 0x48, 0x44, 0x42, 0x00, 0x00, 0x00, 0x00},/*"K",43*/
		{0x00, 0x00, 0x40, 0x40, 0x40, 0x40, 0x40, 0x40, 0x40, 0x40, 0x40, 0x7E, 0x00, 0x00, 0x00, 0x00},/*"L",44*/
		{0x00, 0x00, 0x82, 0xC6, 0xAA, 0x92, 0x92, 0x82, 0x82, 0x82, 0x82, 0x82, 0x00, 0x00, 0x00, 0x00},/*"M",45*/
		{0x00, 0x00, 0x42, 0x42, 0x42, 0x62, 0x52, 0x4A, 0x46, 0x42, 0x42, 0x42, 0x00, 0x00, 0x00, 0x00},/*"N",46*/
		{0x00, 0x00, 0x3C, 0x42, 0x42, 0x42, 0x42, 0x42, 0x42, 0x42, 0x42, 0x3C, 0x00, 0x00, 0x00, 0x00},/*"O",47*/
		{0x00, 0x00, 0x7C, 0x42, 0x42, 0x42, 0x42, 0x7C, 0x40, 0x40, 0x40, 0x40, 0x00, 0x00, 0x00, 0x00},/*"P",48*/
		{0x00, 0x00, 0x3C, 0x42, 0x42, 0x42, 0x42, 0x42, 0x42, 0x42, 0x4A, 0x3C, 0x02, 0x00, 0x00, 0x00},/*"Q",49*/
		{0x00, 0x00, 0x7C, 0x42, 0x42, 0x42, 0x42, 0x7C, 0x50, 0x48, 0x44, 0x42, 0x00, 0x00, 0x00, 0x00},/*"R",50*/
		{0x00, 0x00, 0x3C, 0x42, 0x40, 0x40, 0x3C, 0x02, 0x02, 0x42, 0x42, 0x3C, 0x00, 0x00, 0x00, 0x00},/*"S",51*/
		{0x00, 0x00, 0xFE, 0x10, 0x10, 0x10, 0x10, 0x10, 0x10, 0x10, 0x10, 0x10, 0x00, 0x00, 0x00, 0x00},/*"T",52*/
		{0x00, 0x00, 0x42, 0x42, 0x42, 0x42, 0x42, 0x42, 0x42, 0x42, 0x42, 0x3C, 0x00, 0x00, 0x00, 0x00},/*"U",53*/
		{0x00, 0x00, 0x42, 0x42, 0x42, 0x42, 0x42, 0x24, 0x24, 0x24, 0x18, 0x18, 0x00, 0x00, 0x00, 0x00},/*"V",54*/
		{0x00, 0x00, 0x82, 0x82, 0x82, 0x82, 0x82, 0x92, 0x92, 0xAA, 0xC6, 0x82, 0x00, 0x00, 0x00, 0x00},/*"W",55*/
		{0x00, 0x00, 0x42, 0x42, 0x24, 0x24, 0x18, 0x18, 0x24, 0x24, 0x42, 0x42, 0x00, 0x00, 0x00, 0x00},/*"X",56*/
		{0x00, 0x00, 0x82, 0x82, 0x44, 0x44, 0x28, 0x10, 0x10, 0x10, 0x10, 0x10, 0x00, 0x00, 0x00, 0x00},/*"Y",57*/
		{0x00, 0x00, 0x7E, 0x02, 0x02, 0x04, 0x08, 0x10, 0x20, 0x40, 0x40, 0x7E, 0x00, 0x00, 0x00, 0x00},/*"Z",58*/
		{0x00, 0x00, 0x38, 0x20, 0x20, 0x20, 0x20, 0x20, 0x20, 0x20, 0x20, 0x38, 0x00, 0x00, 0x00, 0x00},/*"[",59*/
		{0x00, 0x00, 0x40, 0x40, 0x20, 0x20, 0x10, 0x10, 0x08, 0x08, 0x04, 0x04, 0x00, 0x00, 0x00, 0x00},/*"\\",60*/
		{0x00, 0x00, 0x38, 0x08, 0x08, 0x08, 0x08, 0x08, 0x08, 0x08, 0x08, 0x38, 0x00, 0x00, 0x00, 0x00},/*"]",61*/
		{0x00, 0x10, 0x28, 0x44, 0x00, 0x00, 0x00, 0x00, 0x00, 0x00, 0x00, 0x00, 0x00, 0x00, 0x00, 0x00},/*"^",62*/
		{0x00, 0x00, 0x00, 0x00, 0x00, 0x00, 0x00, 0x00, 0x00, 0x00, 0x00, 0x00, 0x00, 0x7E, 0x00, 0x00},/*"_",63*/
		{0x10, 0x08, 0x00, 0x00, 0x00, 0x00, 0x00, 0x00, 0x00, 0x00, 0x00, 0x00, 0x00, 0x00, 0x00, 0x00},/*"`",64*/
		{0x00, 0x00, 0x00, 0x00, 0x00, 0x3C, 0x02, 0x3E, 0x42, 0x42, 0x42, 0x3E, 0x00, 0x00, 0x00, 0x00},/*"a",65*/
		{0x00, 0x00, 0x40, 0x40, 0x40, 0x7C, 0x42, 0x42, 0x42, 0x42, 0x42, 0x7C, 0x00, 0x00, 0x00, 0x00},/*"b",66*/
		{0x00, 0x00, 0x00, 0x00, 0x00, 0x3C, 0x42, 0x40, 0x40, 0x40, 0x42, 0x3C, 0x00, 0x00, 0x00, 0x00},/*"c",67*/
		{0x00, 0x00, 0x02, 0x02, 0x02, 0x3E, 0x42, 0x42, 0x42, 0x42, 0x42, 0x3E, 0x00, 0x00, 0x00, 0x00},/*"d",68*/
		{0x00, 0x00, 0x00, 0x00, 0x00, 0x3C, 0x42, 0x42, 0x7E, 0x40, 0x40, 0x3C, 0x00, 0x00, 0x00, 0x00},/*"e",69*/
		{0x00, 0x00, 0x0E, 0x10, 0x10, 0x7C, 0x10, 0x10, 0x10, 0x10, 0x10, 0x10, 0x00, 0x00, 0x00, 0x00},/*"f",70*/
		{0x00, 0x00, 0x00, 0x00, 0x00, 0x3E, 0x42, 0x42, 0x42, 0x42, 0x42, 0x3E, 0x02, 0x02, 0x3C, 0x00},/*"g",71*/
		{0x00, 0x00, 0x40, 0x40, 0x40, 0x7C, 0x42, 0x42, 0x42, 0x42, 0x42, 0x42, 0x00, 0x00, 0x00, 0x00},/*"h",72*/
		{0x00, 0x00, 0x10, 0x10, 0x00, 0x30, 0x10, 0x10, 0x10, 0x10, 0x10, 0x38, 0x00, 0x00, 0x00, 0x00},/*"i",73*/
		{0x00, 0x00, 0x04, 0x04, 0x00, 0x0C, 0x04, 0x04, 0x04, 0x04, 0x04, 0x04, 0x44, 0x44, 0x38, 0x00},/*"j",74*/
		{0x00, 0x00, 0x40, 0x40, 0x40, 0x42, 0x44, 0x48, 0x70, 0x48, 0x44, 0x42, 0x00, 0x00, 0x00, 0x00},/*"k",75*/
		{0x00, 0x00, 0x30, 0x10, 0x10, 0x10, 0x10, 0x10, 0x10, 0x10, 0x10, 0x38, 0x00, 0x00, 0x00, 0x00},/*"l",76*/
		{0x00, 0x00, 0x00, 0x00, 0x00, 0xFC, 0x92, 0x92, 0x92, 0x92, 0x92, 0x92, 0x00, 0x00, 0x00, 0x00},/*"m",77*/
		{0x00, 0x00, 0x00, 0x00, 0x00, 0x7C, 0x42, 0x42, 0x42, 0x42, 0x42, 0x42, 0x00, 0x00, 0x00, 0x00},/*"n",78*/
		{0x00, 0x00, 0x00, 0x00, 0x00, 0x3C, 0x42, 0x42, 0x42, 0x42, 0x42, 0x3C, 0x00, 0x00, 0x00, 0x00},/*"o",79*/
		{0x00, 0x00, 0x00, 0x00, 0x00, 0x7C, 0x42, 0x42, 0x42, 0x42, 0x42, 0x7C, 0x40, 0x40, 0x40, 0x00},/*"p",80*/
		{0x00, 0x00, 0x00, 0x00, 0x00, 0x3E, 0x42, 0x42, 0x42, 0x42, 0x42, 0x3E, 0x02, 0x02, 0x02, 0x00},/*"q",81*/
		{0x00, 0x00, 0x00, 0x00, 0x00, 0x5E, 0x60, 0x40, 0x40, 0x40, 0x40, 0x40, 0x00, 0x00, 0x00, 0x00},/*"r",82*/
		{0x00, 0x00, 0x00, 0x00, 0x00, 0x3E, 0x40, 0x40, 0x3C, 0x02, 0x02, 0x7C, 0x00, 0x00, 0x00, 0x00},/*"s",83*/
		{0x00, 0x00, 0x10, 0x10, 0x10, 0x7C, 0x10, 0x10, 0x10, 0x10, 0x10, 0x0E, 0x00, 0x00, 0x00, 0x00},/*"t",84*/
		{0x00, 0x00, 0x00, 0x00, 0x00, 0x42, 0x42, 0x42, 0x42, 0x42, 0x42, 0x3E, 0x00, 0x00, 0x00, 0x00},/*"u",85*/
		{0x00, 0x00, 0x00, 0x00, 0x00, 0x42, 0x42, 0x42, 0x24, 0x24, 0x18, 0x18, 0x00, 0x00, 0x00, 0x00},/*"v",86*/
		{0x00, 0x00, 0x00, 0x00, 0x00, 0x82, 0x82, 0x92, 0x92, 0x92, 0x92, 0x7C, 0x00, 0x00, 0x00, 0x00},/*"w",87*/
		{0x00, 0x00, 0x00, 0x00, 0x00, 0x42, 0x42, 0x24, 0x18, 0x24, 0x42, 0x42, 0x00, 0x00, 0x00, 0x00},/*"x",88*/
		{0x00, 0x00, 0x00, 0x00, 0x00, 0x42, 0x42, 0x42, 0x42, 0x42, 0x42, 0x3E, 0x02, 0x02, 0x3C, 0x00},/*"y",89*/
		{0x00, 0x00, 0x00, 0x00, 0x00, 0x7E, 0x04, 0x08, 0x10, 0x20, 0x40, 0x7E, 0x00, 0x00, 0x00, 0x00},/*"z",90*/
		{0x00, 0x00, 0x0C, 0x10, 0x10, 0x10, 0x20, 0x10, 0x10, 0x10, 0x10, 0x0C, 0x00, 0x00, 0x00, 0x00},/*"{",91*/
		{0x00, 0x00, 0x10, 0x10, 0x10, 0x10, 0x10, 0x10, 0x10, 0x10, 0x10, 0x10, 0x00, 0x00, 0x00, 0x00},/*"|",92*/
		{0x00, 0x00, 0x30, 0x08, 0x08, 0x08, 0x04, 0x08, 0x08, 0x08, 0x08, 0x30, 0x00, 0x00, 0x00, 0x00},/*"}",93*/
		{0x00, 0x62, 0x92, 0x8C, 0x00, 0x00, 0x00, 0x00, 0x00, 0x00, 0x00, 0x00, 0x00, 0x00, 0x00, 0x00},/*"~",94*/
		{0x00, 0x00, 0x00, 0x00, 0x00, 0x00, 0x00, 0x00, 0x00, 0x00, 0x00, 0x00, 0x00, 0x00, 0x00, 0x00},/*"0x7F",95*/
		{0x00, 0x00, 0x00, 0x00, 0x00, 0x00, 0x00, 0x00, 0x00, 0x00, 0x00, 0x00, 0x00, 0x00, 0x00, 0x00},/*"0xa0",96*/
		{0x00, 0x00, 0x10, 0x10, 0x00, 0x10, 0x10, 0x10, 0x10, 0x10, 0x10, 0x10, 0x00, 0x00, 0x00, 0x00},/*"0xa1",97*/
		{0x00, 0x00, 0x00, 0x10, 0x10, 0x7C, 0x92, 0x90, 0x90, 0x90, 0x92, 0x7C, 0x10, 0x10, 0x00, 0x00},/*"0xa2",98*/
		{0x00, 0x00, 0x18, 0x24, 0x20, 0x20, 0x78, 0x20, 0x20, 0x20, 0x22, 0x7E, 0x00, 0x00, 0x00, 0x00},/*"0xa3",99*/
		{0x00, 0x00, 0x00, 0x00, 0x44, 0x38, 0x44, 0x44, 0x44, 0x38, 0x44, 0x00, 0x00, 0x00, 0x00, 0x00},/*"0xa4",100*/
		{0x00, 0x00, 0x82, 0x82, 0x44, 0x28, 0x10, 0x7C, 0x10, 0x7C, 0x10, 0x10, 0x00, 0x00, 0x00, 0x00},/*"0xa5",101*/
		{0x00, 0x00, 0x10, 0x10, 0x10, 0x10, 0x00, 0x00, 0x10, 0x10, 0x10, 0x10, 0x00, 0x00, 0x00, 0x00},/*"0xa6",102*/
		{0x00, 0x38, 0x44, 0x40, 0x30, 0x48, 0x44, 0x44, 0x24, 0x18, 0x04, 0x44, 0x38, 0x00, 0x00, 0x00},/*"0xa7",103*/
		{0x24, 0x24, 0x00, 0x00, 0x00, 0x00, 0x00, 0x00, 0x00, 0x00, 0x00, 0x00, 0x00, 0x00, 0x00, 0x00},/*"0xa8",104*/
		{0x00, 0x00, 0x00, 0x7E, 0x81, 0x99, 0xA5, 0xA1, 0xA5, 0x99, 0x81, 0x7E, 0x00, 0x00, 0x00, 0x00},/*"0xa9",105*/
		{0x00, 0x38, 0x04, 0x3C, 0x44, 0x3C, 0x00, 0x7C, 0x00, 0x00, 0x00, 0x00, 0x00, 0x00, 0x00, 0x00},/*"0xaa",106*/
		{0x00, 0x00, 0x00, 0x00, 0x00, 0x12, 0x24, 0x48, 0x90, 0x48, 0x24, 0x12, 0x00, 0x00, 0x00, 0x00},/*"0xab",107*/
		{0x00, 0x00, 0x00, 0x00, 0x00, 0x7E, 0x02, 0x02, 0x02, 0x00, 0x00, 0x00, 0x00, 0x00, 0x00, 0x00},/*"0xac",108*/
		{0x00, 0x00, 0x00, 0x00, 0x00, 0x00, 0x00, 0x3C, 0x00, 0x00, 0x00, 0x00, 0x00, 0x00, 0x00, 0x00},/*"0xad",109*/
		{0x00, 0x00, 0x00, 0x7E, 0x81, 0xB9, 0xA5, 0xB9, 0xA9, 0xA5, 0x81, 0x7E, 0x00, 0x00, 0x00, 0x00},/*"0xae",110*/
		{0x3C, 0x00, 0x00, 0x00, 0x00, 0x00, 0x00, 0x00, 0x00, 0x00, 0x00, 0x00, 0x00, 0x00, 0x00, 0x00},/*"0xaf",111*/
		{0x00, 0x18, 0x24, 0x24, 0x18, 0x00, 0x00, 0x00, 0x00, 0x00, 0x00, 0x00, 0x00, 0x00, 0x00, 0x00},/*"0xb0",112*/
		{0x00, 0x00, 0x00, 0x00, 0x00, 0x10, 0x10, 0x7C, 0x10, 0x10, 0x00, 0x7C, 0x00, 0x00, 0x00, 0x00},/*"0xb1",113*/
		{0x00, 0x18, 0x24, 0x04, 0x08, 0x10, 0x3C, 0x00, 0x00, 0x00, 0x00, 0x00, 0x00, 0x00, 0x00, 0x00},/*"0xb2",114*/
		{0x00, 0x38, 0x04, 0x18, 0x04, 0x04, 0x38, 0x00, 0x00, 0x00, 0x00, 0x00, 0x00, 0x00, 0x00, 0x00},/*"0xb3",115*/
		{0x08, 0x10, 0x00, 0x00, 0x00, 0x00, 0x00, 0x00, 0x00, 0x00, 0x00, 0x00, 0x00, 0x00, 0x00, 0x00},/*"0xb4",116*/
		{0x00, 0x00, 0x00, 0x00, 0x00, 0x42, 0x42, 0x42, 0x42, 0x42, 0x46, 0x7A, 0x40, 0x40, 0x40, 0x00},/*"0xb5",117*/
		{0x00, 0x00, 0x7E, 0x92, 0x92, 0x92, 0x92, 0x72, 0x12, 0x12, 0x12, 0x12, 0x00, 0x00, 0x00, 0x00},/*"0xb6",118*/
		{0x00, 0x00, 0x00, 0x00, 0x00, 0x00, 0x00, 0x10, 0x10, 0x00, 0x00, 0x00, 0x00, 0x00, 0x00, 0x00},/*"0xb7",119*/
		{0x00, 0x00, 0x00, 0x00, 0x00, 0x00, 0x00, 0x00, 0x00, 0x00, 0x00, 0x00, 0x10, 0x10, 0x20, 0x00},/*"0xb8",120*/
		{0x00, 0x10, 0x30, 0x10, 0x10, 0x10, 0x38, 0x00, 0x00, 0x00, 0x00, 0x00, 0x00, 0x00, 0x00, 0x00},/*"0xb9",121*/
		{0x00, 0x38, 0x44, 0x44, 0x44, 0x38, 0x00, 0x7C, 0x00, 0x00, 0x00, 0x00, 0x00, 0x00, 0x00, 0x00},/*"0xba",122*/
		{0x00, 0x00, 0x00, 0x00, 0x00, 0x90, 0x48, 0x24, 0x12, 0x24, 0x48, 0x90, 0x00, 0x00, 0x00, 0x00},/*"0xbb",123*/
		{0x00, 0x20, 0x60, 0x20, 0x22, 0x24, 0x08, 0x10, 0x22, 0x46, 0x8A, 0x1E, 0x02, 0x02, 0x00, 0x00},/*"0xbc",124*/
		{0x00, 0x20, 0x60, 0x20, 0x22, 0x24, 0x08, 0x10, 0x20, 0x4C, 0x92, 0x04, 0x08, 0x1E, 0x00, 0x00},/*"0xbd",125*/
		{0x00, 0xE0, 0x10, 0x60, 0x12, 0xE4, 0x08, 0x10, 0x22, 0x46, 0x8A, 0x1E, 0x02, 0x02, 0x00, 0x00},/*"0xbe",126*/
		{0x00, 0x00, 0x10, 0x10, 0x00, 0x10, 0x10, 0x20, 0x42, 0x42, 0x42, 0x3C, 0x00, 0x00, 0x00, 0x00},/*"0xbf",127*/
		{0x10, 0x08, 0x00, 0x3C, 0x42, 0x42, 0x42, 0x7E, 0x42, 0x42, 0x42, 0x42, 0x00, 0x00, 0x00, 0x00},/*"0xc0",128*/
		{0x08, 0x10, 0x00, 0x3C, 0x42, 0x42, 0x42, 0x7E, 0x42, 0x42, 0x42, 0x42, 0x00, 0x00, 0x00, 0x00},/*"0xc1",129*/
		{0x18, 0x24, 0x00, 0x3C, 0x42, 0x42, 0x42, 0x7E, 0x42, 0x42, 0x42, 0x42, 0x00, 0x00, 0x00, 0x00},/*"0xc2",130*/
		{0x32, 0x4C, 0x00, 0x3C, 0x42, 0x42, 0x42, 0x7E, 0x42, 0x42, 0x42, 0x42, 0x00, 0x00, 0x00, 0x00},/*"0xc3",131*/
		{0x24, 0x24, 0x00, 0x3C, 0x42, 0x42, 0x42, 0x7E, 0x42, 0x42, 0x42, 0x42, 0x00, 0x00, 0x00, 0x00},/*"0xc4",132*/
		{0x18, 0x24, 0x18, 0x3C, 0x42, 0x42, 0x42, 0x7E, 0x42, 0x42, 0x42, 0x42, 0x00, 0x00, 0x00, 0x00},/*"0xc5",133*/
		{0x00, 0x00, 0x7E, 0x90, 0x90, 0x90, 0xFC, 0x90, 0x90, 0x90, 0x90, 0x9E, 0x00, 0x00, 0x00, 0x00},/*"0xc6",134*/
		{0x00, 0x00, 0x3C, 0x42, 0x42, 0x40, 0x40, 0x40, 0x40, 0x42, 0x42, 0x3C, 0x10, 0x10, 0x20, 0x00},/*"0xc7",135*/
		{0x10, 0x08, 0x00, 0x7E, 0x40, 0x40, 0x40, 0x78, 0x40, 0x40, 0x40, 0x7E, 0x00, 0x00, 0x00, 0x00},/*"0xc8",136*/
		{0x08, 0x10, 0x00, 0x7E, 0x40, 0x40, 0x40, 0x78, 0x40, 0x40, 0x40, 0x7E, 0x00, 0x00, 0x00, 0x00},/*"0xc9",137*/
		{0x18, 0x24, 0x00, 0x7E, 0x40, 0x40, 0x40, 0x78, 0x40, 0x40, 0x40, 0x7E, 0x00, 0x00, 0x00, 0x00},/*"0xca",138*/
		{0x24, 0x24, 0x00, 0x7E, 0x40, 0x40, 0x40, 0x78, 0x40, 0x40, 0x40, 0x7E, 0x00, 0x00, 0x00, 0x00},/*"0xcb",139*/
		{0x20, 0x10, 0x00, 0x38, 0x10, 0x10, 0x10, 0x10, 0x10, 0x10, 0x10, 0x38, 0x00, 0x00, 0x00, 0x00},/*"0xcc",140*/
		{0x08, 0x10, 0x00, 0x38, 0x10, 0x10, 0x10, 0x10, 0x10, 0x10, 0x10, 0x38, 0x00, 0x00, 0x00, 0x00},/*"0xcd",141*/
		{0x18, 0x24, 0x00, 0x38, 0x10, 0x10, 0x10, 0x10, 0x10, 0x10, 0x10, 0x38, 0x00, 0x00, 0x00, 0x00},/*"0xce",142*/
		{0x44, 0x44, 0x00, 0x38, 0x10, 0x10, 0x10, 0x10, 0x10, 0x10, 0x10, 0x38, 0x00, 0x00, 0x00, 0x00},/*"0xcf",143*/
		{0x00, 0x00, 0x78, 0x44, 0x42, 0x42, 0xF2, 0x42, 0x42, 0x42, 0x44, 0x78, 0x00, 0x00, 0x00, 0x00},/*"0xd0",144*/
		{0x32, 0x4C, 0x00, 0x42, 0x42, 0x62, 0x52, 0x4A, 0x46, 0x42, 0x42, 0x42, 0x00, 0x00, 0x00, 0x00},/*"0xd1",145*/
		{0x10, 0x08, 0x00, 0x3C, 0x42, 0x42, 0x42, 0x42, 0x42, 0x42, 0x42, 0x3C, 0x00, 0x00, 0x00, 0x00},/*"0xd2",146*/
		{0x08, 0x10, 0x00, 0x3C, 0x42, 0x42, 0x42, 0x42, 0x42, 0x42, 0x42, 0x3C, 0x00, 0x00, 0x00, 0x00},/*"0xd3",147*/
		{0x18, 0x24, 0x00, 0x3C, 0x42, 0x42, 0x42, 0x42, 0x42, 0x42, 0x42, 0x3C, 0x00, 0x00, 0x00, 0x00},/*"0xd4",148*/
		{0x32, 0x4C, 0x00, 0x3C, 0x42, 0x42, 0x42, 0x42, 0x42, 0x42, 0x42, 0x3C, 0x00, 0x00, 0x00, 0x00},/*"0xd5",149*/
		{0x24, 0x24, 0x00, 0x3C, 0x42, 0x42, 0x42, 0x42, 0x42, 0x42, 0x42, 0x3C, 0x00, 0x00, 0x00, 0x00},/*"0xd6",150*/
		{0x00, 0x00, 0x00, 0x00, 0x00, 0x42, 0x24, 0x18, 0x18, 0x24, 0x42, 0x00, 0x00, 0x00, 0x00, 0x00},/*"0xd7",151*/
		{0x00, 0x00, 0x3C, 0x43, 0x42, 0x46, 0x4A, 0x52, 0x62, 0x42, 0xC2, 0x3C, 0x00, 0x00, 0x00, 0x00},/*"0xd8",152*/
		{0x10, 0x08, 0x42, 0x42, 0x42, 0x42, 0x42, 0x42, 0x42, 0x42, 0x42, 0x3C, 0x00, 0x00, 0x00, 0x00},/*"0xd9",153*/
		{0x08, 0x10, 0x42, 0x42, 0x42, 0x42, 0x42, 0x42, 0x42, 0x42, 0x42, 0x3C, 0x00, 0x00, 0x00, 0x00},/*"0xda",154*/
		{0x18, 0x24, 0x00, 0x42, 0x42, 0x42, 0x42, 0x42, 0x42, 0x42, 0x42, 0x3C, 0x00, 0x00, 0x00, 0x00},/*"0xdb",155*/
		{0x24, 0x24, 0x00, 0x42, 0x42, 0x42, 0x42, 0x42, 0x42, 0x42, 0x42, 0x3C, 0x00, 0x00, 0x00, 0x00},/*"0xdc",156*/
		{0x08, 0x10, 0x82, 0x82, 0x44, 0x44, 0x28, 0x10, 0x10, 0x10, 0x10, 0x10, 0x00, 0x00, 0x00, 0x00},/*"0xdd",157*/
		{0x00, 0x00, 0x40, 0x40, 0x7C, 0x42, 0x42, 0x42, 0x42, 0x7C, 0x40, 0x40, 0x00, 0x00, 0x00, 0x00},/*"0xde",158*/
		{0x00, 0x00, 0x38, 0x44, 0x44, 0x48, 0x7C, 0x42, 0x42, 0x42, 0x62, 0x5C, 0x00, 0x00, 0x00, 0x00},/*"0xdf",159*/
		{0x00, 0x00, 0x10, 0x08, 0x00, 0x3C, 0x02, 0x3E, 0x42, 0x42, 0x42, 0x3E, 0x00, 0x00, 0x00, 0x00},/*"0xe0",160*/
		{0x00, 0x00, 0x08, 0x10, 0x00, 0x3C, 0x02, 0x3E, 0x42, 0x42, 0x42, 0x3E, 0x00, 0x00, 0x00, 0x00},/*"0xe1",161*/
		{0x00, 0x00, 0x18, 0x24, 0x00, 0x3C, 0x02, 0x3E, 0x42, 0x42, 0x42, 0x3E, 0x00, 0x00, 0x00, 0x00},/*"0xe2",162*/
		{0x00, 0x00, 0x32, 0x4C, 0x00, 0x3C, 0x02, 0x3E, 0x42, 0x42, 0x42, 0x3E, 0x00, 0x00, 0x00, 0x00},/*"0xe3",163*/
		{0x00, 0x00, 0x24, 0x24, 0x00, 0x3C, 0x02, 0x3E, 0x42, 0x42, 0x42, 0x3E, 0x00, 0x00, 0x00, 0x00},/*"0xe4",164*/
		{0x00, 0x00, 0x18, 0x24, 0x18, 0x3C, 0x02, 0x3E, 0x42, 0x42, 0x42, 0x3E, 0x00, 0x00, 0x00, 0x00},/*"0xe5",165*/
		{0x00, 0x00, 0x00, 0x00, 0x00, 0x6C, 0x12, 0x72, 0x9E, 0x90, 0x90, 0x6C, 0x00, 0x00, 0x00, 0x00},/*"0xe6",166*/
		{0x00, 0x00, 0x00, 0x00, 0x00, 0x3C, 0x42, 0x40, 0x40, 0x40, 0x42, 0x3C, 0x10, 0x10, 0x20, 0x00},/*"0xe7",167*/
		{0x00, 0x00, 0x10, 0x08, 0x00, 0x3C, 0x42, 0x42, 0x7E, 0x40, 0x40, 0x3C, 0x00, 0x00, 0x00, 0x00},/*"0xe8",168*/
		{0x00, 0x00, 0x08, 0x10, 0x00, 0x3C, 0x42, 0x42, 0x7E, 0x40, 0x40, 0x3C, 0x00, 0x00, 0x00, 0x00},/*"0xe9",169*/
		{0x00, 0x00, 0x18, 0x24, 0x00, 0x3C, 0x42, 0x42, 0x7E, 0x40, 0x40, 0x3C, 0x00, 0x00, 0x00, 0x00},/*"0xea",170*/
		{0x00, 0x00, 0x24, 0x24, 0x00, 0x3C, 0x42, 0x42, 0x7E, 0x40, 0x40, 0x3C, 0x00, 0x00, 0x00, 0x00},/*"0xeb",171*/
		{0x00, 0x00, 0x20, 0x10, 0x00, 0x30, 0x10, 0x10, 0x10, 0x10, 0x10, 0x38, 0x00, 0x00, 0x00, 0x00},/*"0xec",172*/
		{0x00, 0x00, 0x08, 0x10, 0x00, 0x30, 0x10, 0x10, 0x10, 0x10, 0x10, 0x38, 0x00, 0x00, 0x00, 0x00},/*"0xed",173*/
		{0x00, 0x00, 0x30, 0x48, 0x00, 0x30, 0x10, 0x10, 0x10, 0x10, 0x10, 0x38, 0x00, 0x00, 0x00, 0x00},/*"0xee",174*/
		{0x00, 0x00, 0x48, 0x48, 0x00, 0x30, 0x10, 0x10, 0x10, 0x10, 0x10, 0x38, 0x00, 0x00, 0x00, 0x00},/*"0xef",175*/
		{0x00, 0x00, 0x28, 0x10, 0x28, 0x3C, 0x42, 0x42, 0x42, 0x42, 0x42, 0x3C, 0x00, 0x00, 0x00, 0x00},/*"0xf0",176*/
		{0x00, 0x00, 0x32, 0x4C, 0x00, 0x7C, 0x42, 0x42, 0x42, 0x42, 0x42, 0x42, 0x00, 0x00, 0x00, 0x00},/*"0xf1",177*/
		{0x00, 0x00, 0x10, 0x08, 0x00, 0x3C, 0x42, 0x42, 0x42, 0x42, 0x42, 0x3C, 0x00, 0x00, 0x00, 0x00},/*"0xf2",178*/
		{0x00, 0x00, 0x08, 0x10, 0x00, 0x3C, 0x42, 0x42, 0x42, 0x42, 0x42, 0x3C, 0x00, 0x00, 0x00, 0x00},/*"0xf3",179*/
		{0x00, 0x00, 0x18, 0x24, 0x00, 0x3C, 0x42, 0x42, 0x42, 0x42, 0x42, 0x3C, 0x00, 0x00, 0x00, 0x00},/*"0xf4",180*/
		{0x00, 0x00, 0x32, 0x4C, 0x00, 0x3C, 0x42, 0x42, 0x42, 0x42, 0x42, 0x3C, 0x00, 0x00, 0x00, 0x00},/*"0xf5",181*/
		{0x00, 0x00, 0x24, 0x24, 0x00, 0x3C, 0x42, 0x42, 0x42, 0x42, 0x42, 0x3C, 0x00, 0x00, 0x00, 0x00},/*"0xf6",182*/
		{0x00, 0x00, 0x00, 0x00, 0x10, 0x10, 0x00, 0x7C, 0x00, 0x10, 0x10, 0x00, 0x00, 0x00, 0x00, 0x00},/*"0xf7",183*/
		{0x00, 0x00, 0x00, 0x00, 0x02, 0x3C, 0x46, 0x4A, 0x52, 0x62, 0x42, 0xBC, 0x00, 0x00, 0x00, 0x00},/*"0xf8",184*/
		{0x00, 0x00, 0x10, 0x08, 0x00, 0x42, 0x42, 0x42, 0x42, 0x42, 0x42, 0x3E, 0x00, 0x00, 0x00, 0x00},/*"0xf9",185*/
		{0x00, 0x00, 0x08, 0x10, 0x00, 0x42, 0x42, 0x42, 0x42, 0x42, 0x42, 0x3E, 0x00, 0x00, 0x00, 0x00},/*"0xfa",186*/
		{0x00, 0x00, 0x18, 0x24, 0x00, 0x42, 0x42, 0x42, 0x42, 0x42, 0x42, 0x3E, 0x00, 0x00, 0x00, 0x00},/*"0xfb",187*/
		{0x00, 0x00, 0x24, 0x24, 0x00, 0x42, 0x42, 0x42, 0x42, 0x42, 0x42, 0x3E, 0x00, 0x00, 0x00, 0x00},/*"0xfc",188*/
		{0x00, 0x00, 0x08, 0x10, 0x00, 0x42, 0x42, 0x42, 0x42, 0x42, 0x42, 0x3E, 0x02, 0x02, 0x3C, 0x00},/*"0xfd",189*/
		{0x00, 0x00, 0x40, 0x40, 0x40, 0x7C, 0x42, 0x42, 0x42, 0x42, 0x42, 0x7C, 0x40, 0x40, 0x40, 0x00},/*"0xfe",190*/
		{0x00, 0x00, 0x24, 0x24, 0x00, 0x42, 0x42, 0x42, 0x42, 0x42, 0x42, 0x3E, 0x02, 0x02, 0x3C, 0x00} /*"0xff",191*/
};

const unsigned char ISO_8859_1_12x24[192][48] = {

	// [  0] 0x20 (SPACE)
	{
	0x00,0x00,0x00,0x00,0x00,0x00,0x00,0x00,0x00,0x00,0x00,0x00,
	0x00,0x00,0x00,0x00,0x00,0x00,0x00,0x00,0x00,0x00,0x00,0x00,
	0x00,0x00,0x00,0x00,0x00,0x00,0x00,0x00,0x00,0x00,0x00,0x00,
	0x00,0x00,0x00,0x00,0x00,0x00,0x00,0x00,0x00,0x00,0x00,0x00,
	},

	// [  1] 0x21 (!)
	{
	0x00,0x00,0x00,0x00,0x00,0x00,0x00,0x00,0x06,0x00,0x06,0x00,
	0x06,0x00,0x06,0x00,0x06,0x00,0x06,0x00,0x06,0x00,0x06,0x00,
	0x06,0x00,0x06,0x00,0x06,0x00,0x00,0x00,0x00,0x00,0x06,0x00,
	0x06,0x00,0x00,0x00,0x00,0x00,0x00,0x00,0x00,0x00,0x00,0x00,
	},

	// [  2] 0x22 (")
	{
	0x00,0x00,0x00,0x00,0x30,0xC0,0x30,0xC0,0x30,0xC0,0x30,0xC0,
	0x30,0xC0,0x30,0xC0,0x30,0xC0,0x00,0x00,0x00,0x00,0x00,0x00,
	0x00,0x00,0x00,0x00,0x00,0x00,0x00,0x00,0x00,0x00,0x00,0x00,
	0x00,0x00,0x00,0x00,0x00,0x00,0x00,0x00,0x00,0x00,0x00,0x00,
	},

	// [  3] 0x23 (#)
	{
	0x00,0x00,0x00,0x00,0x00,0x00,0x00,0x00,0x30,0xC0,0x30,0xC0,
	0x30,0xC0,0x7F,0xE0,0x30,0xC0,0x30,0xC0,0x30,0xC0,0x30,0xC0,
	0x30,0xC0,0x30,0xC0,0x30,0xC0,0x7F,0xE0,0x30,0xC0,0x30,0xC0,
	0x30,0xC0,0x00,0x00,0x00,0x00,0x00,0x00,0x00,0x00,0x00,0x00,
	},

	// [  4] 0x24 ($)
	{
	0x00,0x00,0x00,0x00,0x06,0x00,0x06,0x00,0x1F,0xE0,0x36,0x00,
	0x66,0x00,0x66,0x00,0x66,0x00,0x66,0x00,0x36,0x00,0x1F,0x80,
	0x06,0xC0,0x06,0x60,0x06,0x60,0x06,0x60,0x06,0x60,0x06,0xC0,
	0x7F,0x80,0x06,0x00,0x06,0x00,0x00,0x00,0x00,0x00,0x00,0x00,
	},

	// [  5] 0x25 (%)
	{
	0x00,0x00,0x00,0x00,0x00,0x00,0x00,0x00,0x00,0x00,0x00,0xC0,
	0x38,0xC0,0x6D,0x80,0x6D,0x80,0x3B,0x00,0x03,0x00,0x06,0x00,
	0x06,0x00,0x0C,0x00,0x0D,0xC0,0x1B,0x60,0x1B,0x60,0x31,0xC0,
	0x30,0x00,0x00,0x00,0x00,0x00,0x00,0x00,0x00,0x00,0x00,0x00,
	},

	// [  6] 0x26 (&)
	{
	0x00,0x00,0x00,0x00,0x00,0x00,0x00,0x00,0x0F,0x00,0x19,0x80,
	0x30,0xC0,0x30,0xC0,0x30,0xC0,0x30,0xC0,0x19,0x80,0x0F,0x00,
	0x33,0x00,0x61,0xA0,0x60,0xE0,0x60,0xC0,0x60,0xC0,0x31,0xE0,
	0x1F,0x30,0x00,0x00,0x00,0x00,0x00,0x00,0x00,0x00,0x00,0x00,
	},

	// [  7] 0x27 (')
	{
	0x00,0x00,0x00,0x00,0x06,0x00,0x06,0x00,0x06,0x00,0x06,0x00,
	0x06,0x00,0x06,0x00,0x06,0x00,0x00,0x00,0x00,0x00,0x00,0x00,
	0x00,0x00,0x00,0x00,0x00,0x00,0x00,0x00,0x00,0x00,0x00,0x00,
	0x00,0x00,0x00,0x00,0x00,0x00,0x00,0x00,0x00,0x00,0x00,0x00,
	},

	// [  8] 0x28 (()
	{
	0x00,0x00,0x00,0x00,0x00,0xE0,0x01,0x80,0x03,0x00,0x06,0x00,
	0x0C,0x00,0x0C,0x00,0x18,0x00,0x18,0x00,0x18,0x00,0x18,0x00,
	0x18,0x00,0x18,0x00,0x18,0x00,0x18,0x00,0x0C,0x00,0x0C,0x00,
	0x06,0x00,0x03,0x00,0x01,0x80,0x00,0xE0,0x00,0x00,0x00,0x00,
	},

	// [  9] 0x29 ())
	{
	0x00,0x00,0x00,0x00,0x70,0x00,0x18,0x00,0x0C,0x00,0x06,0x00,
	0x03,0x00,0x03,0x00,0x01,0x80,0x01,0x80,0x01,0x80,0x01,0x80,
	0x01,0x80,0x01,0x80,0x01,0x80,0x01,0x80,0x03,0x00,0x03,0x00,
	0x06,0x00,0x0C,0x00,0x18,0x00,0x70,0x00,0x00,0x00,0x00,0x00,
	},

	// [ 10] 0x2A (*)
	{
	0x00,0x00,0x00,0x00,0x00,0x00,0x00,0x00,0x00,0x00,0x00,0x00,
	0x00,0x00,0x00,0x00,0x30,0xC0,0x19,0x80,0x0F,0x00,0x06,0x00,
	0x7F,0xE0,0x06,0x00,0x0F,0x00,0x19,0x80,0x30,0xC0,0x00,0x00,
	0x00,0x00,0x00,0x00,0x00,0x00,0x00,0x00,0x00,0x00,0x00,0x00,
	},

	// [ 11] 0x2B (+)
	{
	0x00,0x00,0x00,0x00,0x00,0x00,0x00,0x00,0x00,0x00,0x00,0x00,
	0x00,0x00,0x00,0x00,0x00,0x00,0x06,0x00,0x06,0x00,0x06,0x00,
	0x3F,0xC0,0x06,0x00,0x06,0x00,0x06,0x00,0x00,0x00,0x00,0x00,
	0x00,0x00,0x00,0x00,0x00,0x00,0x00,0x00,0x00,0x00,0x00,0x00,
	},

	// [ 12] 0x2C (,)
	{
	0x00,0x00,0x00,0x00,0x00,0x00,0x00,0x00,0x00,0x00,0x00,0x00,
	0x00,0x00,0x00,0x00,0x00,0x00,0x00,0x00,0x00,0x00,0x00,0x00,
	0x00,0x00,0x00,0x00,0x00,0x00,0x00,0x00,0x06,0x00,0x06,0x00,
	0x06,0x00,0x0C,0x00,0x18,0x00,0x00,0x00,0x00,0x00,0x00,0x00,
	},

	// [ 13] 0x2D (-)
	{
	0x00,0x00,0x00,0x00,0x00,0x00,0x00,0x00,0x00,0x00,0x00,0x00,
	0x00,0x00,0x00,0x00,0x00,0x00,0x00,0x00,0x00,0x00,0x00,0x00,
	0x3F,0xC0,0x00,0x00,0x00,0x00,0x00,0x00,0x00,0x00,0x00,0x00,
	0x00,0x00,0x00,0x00,0x00,0x00,0x00,0x00,0x00,0x00,0x00,0x00,
	},

	// [ 14] 0x2E (.)
	{
	0x00,0x00,0x00,0x00,0x00,0x00,0x00,0x00,0x00,0x00,0x00,0x00,
	0x00,0x00,0x00,0x00,0x00,0x00,0x00,0x00,0x00,0x00,0x00,0x00,
	0x00,0x00,0x00,0x00,0x00,0x00,0x00,0x00,0x00,0x00,0x06,0x00,
	0x06,0x00,0x00,0x00,0x00,0x00,0x00,0x00,0x00,0x00,0x00,0x00,
	},

	// [ 15] 0x2F (/)
	{
	0x00,0x00,0x00,0x00,0x00,0x30,0x00,0x30,0x00,0x60,0x00,0x60,
	0x00,0xC0,0x00,0xC0,0x01,0x80,0x01,0x80,0x03,0x00,0x03,0x00,
	0x06,0x00,0x06,0x00,0x0C,0x00,0x0C,0x00,0x18,0x00,0x18,0x00,
	0x30,0x00,0x30,0x00,0x60,0x00,0x60,0x00,0x00,0x00,0x00,0x00,
	},

	// [ 16] 0x30 (0)
	{
	0x00,0x00,0x00,0x00,0x00,0x00,0x00,0x00,0x1F,0x80,0x30,0xC0,
	0x60,0x60,0x60,0x60,0x60,0xE0,0x61,0xE0,0x63,0x60,0x66,0x60,
	0x6C,0x60,0x78,0x60,0x70,0x60,0x60,0x60,0x60,0x60,0x30,0xC0,
	0x1F,0x80,0x00,0x00,0x00,0x00,0x00,0x00,0x00,0x00,0x00,0x00,
	},

	// [ 17] 0x31 (1)
	{
	0x00,0x00,0x00,0x00,0x00,0x00,0x00,0x00,0x0E,0x00,0x1E,0x00,
	0x36,0x00,0x26,0x00,0x06,0x00,0x06,0x00,0x06,0x00,0x06,0x00,
	0x06,0x00,0x06,0x00,0x06,0x00,0x06,0x00,0x06,0x00,0x06,0x00,
	0x3F,0xC0,0x00,0x00,0x00,0x00,0x00,0x00,0x00,0x00,0x00,0x00,
	},

	// [ 18] 0x32 (2)
	{
	0x00,0x00,0x00,0x00,0x00,0x00,0x00,0x00,0x1F,0x80,0x30,0xC0,
	0x60,0x60,0x00,0x60,0x00,0x60,0x00,0x60,0x00,0xC0,0x01,0x80,
	0x03,0x00,0x06,0x00,0x0C,0x00,0x18,0x00,0x30,0x00,0x60,0x60,
	0x7F,0xE0,0x00,0x00,0x00,0x00,0x00,0x00,0x00,0x00,0x00,0x00,
	},

	// [ 19] 0x33 (3)
	{
	0x00,0x00,0x00,0x00,0x00,0x00,0x00,0x00,0x1F,0x80,0x30,0xC0,
	0x60,0x60,0x00,0x60,0x00,0x60,0x00,0xC0,0x0F,0x80,0x00,0xC0,
	0x00,0x60,0x00,0x60,0x00,0x60,0x00,0x60,0x60,0x60,0x30,0xC0,
	0x1F,0x80,0x00,0x00,0x00,0x00,0x00,0x00,0x00,0x00,0x00,0x00,
	},

	// [ 20] 0x34 (4)
	{
	0x00,0x00,0x00,0x00,0x00,0x00,0x00,0x00,0x60,0x00,0x60,0x00,
	0x60,0x00,0x61,0x80,0x61,0x80,0x61,0x80,0x61,0x80,0x61,0x80,
	0x61,0x80,0x61,0x80,0x7F,0xE0,0x01,0x80,0x01,0x80,0x01,0x80,
	0x01,0x80,0x00,0x00,0x00,0x00,0x00,0x00,0x00,0x00,0x00,0x00,
	},

	// [ 21] 0x35 (5)
	{
	0x00,0x00,0x00,0x00,0x00,0x00,0x00,0x00,0x7F,0xE0,0x60,0x60,
	0x60,0x00,0x60,0x00,0x60,0x00,0x60,0x00,0x7F,0x80,0x00,0xC0,
	0x00,0x60,0x00,0x60,0x00,0x60,0x00,0x60,0x60,0x60,0x30,0xC0,
	0x1F,0x80,0x00,0x00,0x00,0x00,0x00,0x00,0x00,0x00,0x00,0x00,
	},

	// [ 22] 0x36 (6)
	{
	0x00,0x00,0x00,0x00,0x00,0x00,0x00,0x00,0x1F,0xC0,0x30,0x60,
	0x60,0x00,0x60,0x00,0x60,0x00,0x60,0x00,0x7F,0x80,0x60,0xC0,
	0x60,0x60,0x60,0x60,0x60,0x60,0x60,0x60,0x60,0x60,0x30,0xC0,
	0x1F,0x80,0x00,0x00,0x00,0x00,0x00,0x00,0x00,0x00,0x00,0x00,
	},

	// [ 23] 0x37 (7)
	{
	0x00,0x00,0x00,0x00,0x00,0x00,0x00,0x00,0x7F,0xE0,0x60,0x60,
	0x00,0x60,0x00,0x60,0x00,0x60,0x00,0xC0,0x01,0x80,0x03,0x00,
	0x06,0x00,0x0C,0x00,0x0C,0x00,0x0C,0x00,0x0C,0x00,0x0C,0x00,
	0x0C,0x00,0x00,0x00,0x00,0x00,0x00,0x00,0x00,0x00,0x00,0x00,
	},

	// [ 24] 0x38 (8)
	{
	0x00,0x00,0x00,0x00,0x00,0x00,0x00,0x00,0x1F,0x80,0x30,0xC0,
	0x60,0x60,0x60,0x60,0x60,0x60,0x30,0xC0,0x1F,0x80,0x30,0xC0,
	0x60,0x60,0x60,0x60,0x60,0x60,0x60,0x60,0x60,0x60,0x30,0xC0,
	0x1F,0x80,0x00,0x00,0x00,0x00,0x00,0x00,0x00,0x00,0x00,0x00,
	},

	// [ 25] 0x39 (9)
	{
	0x00,0x00,0x00,0x00,0x00,0x00,0x00,0x00,0x1F,0x80,0x30,0xC0,
	0x60,0x60,0x60,0x60,0x60,0x60,0x60,0x60,0x60,0x60,0x30,0x60,
	0x1F,0xE0,0x00,0x60,0x00,0x60,0x00,0x60,0x00,0x60,0x60,0xC0,
	0x3F,0x80,0x00,0x00,0x00,0x00,0x00,0x00,0x00,0x00,0x00,0x00,
	},

	// [ 26] 0x3A (:)
	{
	0x00,0x00,0x00,0x00,0x00,0x00,0x00,0x00,0x00,0x00,0x00,0x00,
	0x00,0x00,0x00,0x00,0x00,0x00,0x00,0x00,0x06,0x00,0x06,0x00,
	0x00,0x00,0x00,0x00,0x00,0x00,0x00,0x00,0x00,0x00,0x06,0x00,
	0x06,0x00,0x00,0x00,0x00,0x00,0x00,0x00,0x00,0x00,0x00,0x00,
	},

	// [ 27] 0x3B (;)
	{
	0x00,0x00,0x00,0x00,0x00,0x00,0x00,0x00,0x00,0x00,0x00,0x00,
	0x00,0x00,0x00,0x00,0x00,0x00,0x00,0x00,0x06,0x00,0x06,0x00,
	0x00,0x00,0x00,0x00,0x00,0x00,0x00,0x00,0x06,0x00,0x06,0x00,
	0x06,0x00,0x0C,0x00,0x18,0x00,0x00,0x00,0x00,0x00,0x00,0x00,
	},

	// [ 28] 0x3C (<)
	{
	0x00,0x00,0x00,0x00,0x00,0x00,0x00,0x00,0x00,0xC0,0x01,0x80,
	0x03,0x00,0x06,0x00,0x0C,0x00,0x18,0x00,0x30,0x00,0x60,0x00,
	0x30,0x00,0x18,0x00,0x0C,0x00,0x06,0x00,0x03,0x00,0x01,0x80,
	0x00,0xC0,0x00,0x00,0x00,0x00,0x00,0x00,0x00,0x00,0x00,0x00,
	},

	// [ 29] 0x3D (=)
	{
	0x00,0x00,0x00,0x00,0x00,0x00,0x00,0x00,0x00,0x00,0x00,0x00,
	0x00,0x00,0x00,0x00,0x00,0x00,0x7F,0xE0,0x00,0x00,0x00,0x00,
	0x00,0x00,0x00,0x00,0x7F,0xE0,0x00,0x00,0x00,0x00,0x00,0x00,
	0x00,0x00,0x00,0x00,0x00,0x00,0x00,0x00,0x00,0x00,0x00,0x00,
	},

	// [ 30] 0x3E (>)
	{
	0x00,0x00,0x00,0x00,0x00,0x00,0x00,0x00,0x30,0x00,0x18,0x00,
	0x0C,0x00,0x06,0x00,0x03,0x00,0x01,0x80,0x00,0xC0,0x00,0x60,
	0x00,0xC0,0x01,0x80,0x03,0x00,0x06,0x00,0x0C,0x00,0x18,0x00,
	0x30,0x00,0x00,0x00,0x00,0x00,0x00,0x00,0x00,0x00,0x00,0x00,
	},

	// [ 31] 0x3F (?)
	{
	0x00,0x00,0x00,0x00,0x00,0x00,0x00,0x00,0x1F,0x80,0x30,0xC0,
	0x60,0x60,0x00,0x60,0x00,0x60,0x00,0xC0,0x01,0x80,0x03,0x00,
	0x06,0x00,0x06,0x00,0x06,0x00,0x00,0x00,0x00,0x00,0x06,0x00,
	0x06,0x00,0x00,0x00,0x00,0x00,0x00,0x00,0x00,0x00,0x00,0x00,
	},

	// [ 32] 0x40 (@)
	{
	0x00,0x00,0x00,0x00,0x00,0x00,0x00,0x00,0x00,0x00,0x1F,0x80,
	0x30,0xC0,0x60,0x60,0x60,0x60,0x67,0x60,0x67,0x60,0x67,0x60,
	0x67,0x60,0x67,0x60,0x67,0x60,0x67,0xE0,0x60,0x00,0x30,0x00,
	0x1F,0xC0,0x00,0x00,0x00,0x00,0x00,0x00,0x00,0x00,0x00,0x00,
	},

	// [ 33] 0x41 (A)
	{
	0x00,0x00,0x00,0x00,0x00,0x00,0x00,0x00,0x1F,0x80,0x30,0xC0,
	0x60,0x60,0x60,0x60,0x60,0x60,0x60,0x60,0x60,0x60,0x7F,0xE0,
	0x60,0x60,0x60,0x60,0x60,0x60,0x60,0x60,0x60,0x60,0x60,0x60,
	0x60,0x60,0x00,0x00,0x00,0x00,0x00,0x00,0x00,0x00,0x00,0x00,
	},

	// [ 34] 0x42 (B)
	{
	0x00,0x00,0x00,0x00,0x00,0x00,0x00,0x00,0x7F,0x80,0x60,0xC0,
	0x60,0x60,0x60,0x60,0x60,0x60,0x60,0x60,0x60,0xC0,0x7F,0x80,
	0x60,0xC0,0x60,0x60,0x60,0x60,0x60,0x60,0x60,0x60,0x60,0xC0,
	0x7F,0x80,0x00,0x00,0x00,0x00,0x00,0x00,0x00,0x00,0x00,0x00,
	},

	// [ 35] 0x43 (C)
	{
	0x00,0x00,0x00,0x00,0x00,0x00,0x00,0x00,0x1F,0xE0,0x30,0x00,
	0x60,0x00,0x60,0x00,0x60,0x00,0x60,0x00,0x60,0x00,0x60,0x00,
	0x60,0x00,0x60,0x00,0x60,0x00,0x60,0x00,0x60,0x00,0x30,0x00,
	0x1F,0xE0,0x00,0x00,0x00,0x00,0x00,0x00,0x00,0x00,0x00,0x00,
	},

	// [ 36] 0x44 (D)
	{
	0x00,0x00,0x00,0x00,0x00,0x00,0x00,0x00,0x7F,0x80,0x60,0xC0,
	0x60,0x60,0x60,0x60,0x60,0x60,0x60,0x60,0x60,0x60,0x60,0x60,
	0x60,0x60,0x60,0x60,0x60,0x60,0x60,0x60,0x60,0x60,0x60,0xC0,
	0x7F,0x80,0x00,0x00,0x00,0x00,0x00,0x00,0x00,0x00,0x00,0x00,
	},

	// [ 37] 0x45 (E)
	{
	0x00,0x00,0x00,0x00,0x00,0x00,0x00,0x00,0x1F,0xE0,0x30,0x00,
	0x60,0x00,0x60,0x00,0x60,0x00,0x60,0x00,0x60,0x00,0x7F,0x80,
	0x60,0x00,0x60,0x00,0x60,0x00,0x60,0x00,0x60,0x00,0x30,0x00,
	0x1F,0xE0,0x00,0x00,0x00,0x00,0x00,0x00,0x00,0x00,0x00,0x00,
	},

	// [ 38] 0x46 (F)
	{
	0x00,0x00,0x00,0x00,0x00,0x00,0x00,0x00,0x1F,0xE0,0x30,0x00,
	0x60,0x00,0x60,0x00,0x60,0x00,0x60,0x00,0x60,0x00,0x7F,0x80,
	0x60,0x00,0x60,0x00,0x60,0x00,0x60,0x00,0x60,0x00,0x60,0x00,
	0x60,0x00,0x00,0x00,0x00,0x00,0x00,0x00,0x00,0x00,0x00,0x00,
	},

	// [ 39] 0x47 (G)
	{
	0x00,0x00,0x00,0x00,0x00,0x00,0x00,0x00,0x1F,0xE0,0x30,0x00,
	0x60,0x00,0x60,0x00,0x60,0x00,0x60,0x00,0x60,0x00,0x63,0xE0,
	0x60,0x60,0x60,0x60,0x60,0x60,0x60,0x60,0x60,0x60,0x30,0x60,
	0x1F,0xE0,0x00,0x00,0x00,0x00,0x00,0x00,0x00,0x00,0x00,0x00,
	},

	// [ 40] 0x48 (H)
	{
	0x00,0x00,0x00,0x00,0x00,0x00,0x00,0x00,0x60,0x60,0x60,0x60,
	0x60,0x60,0x60,0x60,0x60,0x60,0x60,0x60,0x60,0x60,0x7F,0xE0,
	0x60,0x60,0x60,0x60,0x60,0x60,0x60,0x60,0x60,0x60,0x60,0x60,
	0x60,0x60,0x00,0x00,0x00,0x00,0x00,0x00,0x00,0x00,0x00,0x00,
	},

	// [ 41] 0x49 (I)
	{
	0x00,0x00,0x00,0x00,0x00,0x00,0x00,0x00,0x3F,0xC0,0x06,0x00,
	0x06,0x00,0x06,0x00,0x06,0x00,0x06,0x00,0x06,0x00,0x06,0x00,
	0x06,0x00,0x06,0x00,0x06,0x00,0x06,0x00,0x06,0x00,0x06,0x00,
	0x3F,0xC0,0x00,0x00,0x00,0x00,0x00,0x00,0x00,0x00,0x00,0x00,
	},

	// [ 42] 0x4A (J)
	{
	0x00,0x00,0x00,0x00,0x00,0x00,0x00,0x00,0x3F,0xC0,0x06,0x00,
	0x06,0x00,0x06,0x00,0x06,0x00,0x06,0x00,0x06,0x00,0x06,0x00,
	0x06,0x00,0x06,0x00,0x06,0x00,0x06,0x00,0x06,0x00,0x0E,0x00,
	0x7C,0x00,0x00,0x00,0x00,0x00,0x00,0x00,0x00,0x00,0x00,0x00,
	},

	// [ 43] 0x4B (K)
	{
	0x00,0x00,0x00,0x00,0x00,0x00,0x00,0x00,0x60,0x60,0x60,0x60,
	0x60,0x60,0x60,0x60,0x60,0x60,0x60,0xC0,0x61,0x80,0x7F,0x00,
	0x61,0x80,0x60,0xC0,0x60,0x60,0x60,0x60,0x60,0x60,0x60,0x60,
	0x60,0x60,0x00,0x00,0x00,0x00,0x00,0x00,0x00,0x00,0x00,0x00,
	},

	// [ 44] 0x4C (L)
	{
	0x00,0x00,0x00,0x00,0x00,0x00,0x00,0x00,0x60,0x00,0x60,0x00,
	0x60,0x00,0x60,0x00,0x60,0x00,0x60,0x00,0x60,0x00,0x60,0x00,
	0x60,0x00,0x60,0x00,0x60,0x00,0x60,0x00,0x60,0x00,0x30,0x00,
	0x1F,0xE0,0x00,0x00,0x00,0x00,0x00,0x00,0x00,0x00,0x00,0x00,
	},

	// [ 45] 0x4D (M)
	{
	0x00,0x00,0x00,0x00,0x00,0x00,0x00,0x00,0x60,0x60,0x70,0xE0,
	0x79,0xE0,0x6F,0x60,0x66,0x60,0x60,0x60,0x60,0x60,0x60,0x60,
	0x60,0x60,0x60,0x60,0x60,0x60,0x60,0x60,0x60,0x60,0x60,0x60,
	0x60,0x60,0x00,0x00,0x00,0x00,0x00,0x00,0x00,0x00,0x00,0x00,
	},

	// [ 46] 0x4E (N)
	{
	0x00,0x00,0x00,0x00,0x00,0x00,0x00,0x00,0x60,0x60,0x70,0x60,
	0x70,0x60,0x78,0x60,0x78,0x60,0x6C,0x60,0x6C,0x60,0x66,0x60,
	0x66,0x60,0x63,0x60,0x63,0x60,0x61,0xE0,0x61,0xE0,0x60,0xE0,
	0x60,0xE0,0x00,0x00,0x00,0x00,0x00,0x00,0x00,0x00,0x00,0x00,
	},

	// [ 47] 0x4F (O)
	{
	0x00,0x00,0x00,0x00,0x00,0x00,0x00,0x00,0x1F,0x80,0x30,0xC0,
	0x60,0x60,0x60,0x60,0x60,0x60,0x60,0x60,0x60,0x60,0x60,0x60,
	0x60,0x60,0x60,0x60,0x60,0x60,0x60,0x60,0x60,0x60,0x30,0xC0,
	0x1F,0x80,0x00,0x00,0x00,0x00,0x00,0x00,0x00,0x00,0x00,0x00,
	},

	// [ 48] 0x50 (P)
	{
	0x00,0x00,0x00,0x00,0x00,0x00,0x00,0x00,0x7F,0x80,0x60,0xC0,
	0x60,0x60,0x60,0x60,0x60,0x60,0x60,0x60,0x60,0xC0,0x7F,0x80,
	0x60,0x00,0x60,0x00,0x60,0x00,0x60,0x00,0x60,0x00,0x60,0x00,
	0x60,0x00,0x00,0x00,0x00,0x00,0x00,0x00,0x00,0x00,0x00,0x00,
	},

	// [ 49] 0x51 (Q)
	{
	0x00,0x00,0x00,0x00,0x00,0x00,0x00,0x00,0x1F,0x80,0x30,0xC0,
	0x60,0x60,0x60,0x60,0x60,0x60,0x60,0x60,0x60,0x60,0x60,0x60,
	0x60,0x60,0x60,0x60,0x66,0x60,0x66,0x60,0x63,0x60,0x33,0xC0,
	0x1F,0x80,0x01,0x80,0x00,0xC0,0x00,0xC0,0x00,0x00,0x00,0x00,
	},

	// [ 50] 0x52 (R)
	{
	0x00,0x00,0x00,0x00,0x00,0x00,0x00,0x00,0x7F,0x80,0x60,0xC0,
	0x60,0x60,0x60,0x60,0x60,0x60,0x60,0x60,0x60,0xC0,0x7F,0x80,
	0x60,0xC0,0x60,0x60,0x60,0x60,0x60,0x60,0x60,0x60,0x60,0x60,
	0x60,0x60,0x00,0x00,0x00,0x00,0x00,0x00,0x00,0x00,0x00,0x00,
	},

	// [ 51] 0x53 (S)
	{
	0x00,0x00,0x00,0x00,0x00,0x00,0x00,0x00,0x1F,0xE0,0x30,0x00,
	0x60,0x00,0x60,0x00,0x60,0x00,0x60,0x00,0x30,0x00,0x1F,0x80,
	0x00,0xC0,0x00,0x60,0x00,0x60,0x00,0x60,0x00,0x60,0x00,0xC0,
	0x7F,0x80,0x00,0x00,0x00,0x00,0x00,0x00,0x00,0x00,0x00,0x00,
	},

	// [ 52] 0x54 (T)
	{
	0x00,0x00,0x00,0x00,0x00,0x00,0x00,0x00,0x7F,0xE0,0x06,0x00,
	0x06,0x00,0x06,0x00,0x06,0x00,0x06,0x00,0x06,0x00,0x06,0x00,
	0x06,0x00,0x06,0x00,0x06,0x00,0x06,0x00,0x06,0x00,0x06,0x00,
	0x06,0x00,0x00,0x00,0x00,0x00,0x00,0x00,0x00,0x00,0x00,0x00,
	},

	// [ 53] 0x55 (U)
	{
	0x00,0x00,0x00,0x00,0x00,0x00,0x00,0x00,0x60,0x60,0x60,0x60,
	0x60,0x60,0x60,0x60,0x60,0x60,0x60,0x60,0x60,0x60,0x60,0x60,
	0x60,0x60,0x60,0x60,0x60,0x60,0x60,0x60,0x60,0x60,0x30,0x60,
	0x1F,0xE0,0x00,0x00,0x00,0x00,0x00,0x00,0x00,0x00,0x00,0x00,
	},

	// [ 54] 0x56 (V)
	{
	0x00,0x00,0x00,0x00,0x00,0x00,0x00,0x00,0x60,0x60,0x60,0x60,
	0x60,0x60,0x60,0x60,0x60,0x60,0x60,0x60,0x60,0x60,0x60,0x60,
	0x60,0x60,0x60,0x60,0x30,0xC0,0x30,0xC0,0x19,0x80,0x0F,0x00,
	0x06,0x00,0x00,0x00,0x00,0x00,0x00,0x00,0x00,0x00,0x00,0x00,
	},

	// [ 55] 0x57 (W)
	{
	0x00,0x00,0x00,0x00,0x00,0x00,0x00,0x00,0x60,0x60,0x60,0x60,
	0x60,0x60,0x60,0x60,0x60,0x60,0x60,0x60,0x60,0x60,0x60,0x60,
	0x60,0x60,0x60,0x60,0x66,0x60,0x6F,0x60,0x79,0xE0,0x70,0xE0,
	0x60,0x60,0x00,0x00,0x00,0x00,0x00,0x00,0x00,0x00,0x00,0x00,
	},

	// [ 56] 0x58 (X)
	{
	0x00,0x00,0x00,0x00,0x00,0x00,0x00,0x00,0x60,0x60,0x60,0x60,
	0x60,0x60,0x60,0x60,0x60,0x60,0x60,0x60,0x30,0xC0,0x1F,0x80,
	0x30,0xC0,0x60,0x60,0x60,0x60,0x60,0x60,0x60,0x60,0x60,0x60,
	0x60,0x60,0x00,0x00,0x00,0x00,0x00,0x00,0x00,0x00,0x00,0x00,
	},

	// [ 57] 0x59 (Y)
	{
	0x00,0x00,0x00,0x00,0x00,0x00,0x00,0x00,0x60,0x60,0x60,0x60,
	0x60,0x60,0x60,0x60,0x60,0x60,0x60,0x60,0x30,0x60,0x1F,0xE0,
	0x00,0x60,0x00,0x60,0x00,0x60,0x00,0x60,0x00,0x60,0x00,0xE0,
	0x7F,0xC0,0x00,0x00,0x00,0x00,0x00,0x00,0x00,0x00,0x00,0x00,
	},

	// [ 58] 0x5A (Z)
	{
	0x00,0x00,0x00,0x00,0x00,0x00,0x00,0x00,0x7F,0xE0,0x00,0x60,
	0x00,0x60,0x00,0x60,0x00,0xC0,0x01,0x80,0x03,0x00,0x06,0x00,
	0x0C,0x00,0x18,0x00,0x30,0x00,0x60,0x00,0x60,0x00,0x60,0x00,
	0x7F,0xE0,0x00,0x00,0x00,0x00,0x00,0x00,0x00,0x00,0x00,0x00,
	},

	// [ 59] 0x5B ([)
	{
	0x00,0x00,0x1F,0xE0,0x18,0x00,0x18,0x00,0x18,0x00,0x18,0x00,
	0x18,0x00,0x18,0x00,0x18,0x00,0x18,0x00,0x18,0x00,0x18,0x00,
	0x18,0x00,0x18,0x00,0x18,0x00,0x18,0x00,0x18,0x00,0x18,0x00,
	0x18,0x00,0x18,0x00,0x18,0x00,0x18,0x00,0x1F,0xE0,0x00,0x00,
	},

	// [ 60] 0x5C (\)
	{
	0x00,0x00,0x00,0x00,0xC0,0x00,0xC0,0x00,0x60,0x00,0x60,0x00,
	0x30,0x00,0x30,0x00,0x18,0x00,0x18,0x00,0x0C,0x00,0x0C,0x00,
	0x06,0x00,0x06,0x00,0x03,0x00,0x03,0x00,0x01,0x80,0x01,0x80,
	0x00,0xC0,0x00,0xC0,0x00,0x60,0x00,0x60,0x00,0x00,0x00,0x00,
	},

	// [ 61] 0x5D (])
	{
	0x00,0x00,0x7F,0x80,0x01,0x80,0x01,0x80,0x01,0x80,0x01,0x80,
	0x01,0x80,0x01,0x80,0x01,0x80,0x01,0x80,0x01,0x80,0x01,0x80,
	0x01,0x80,0x01,0x80,0x01,0x80,0x01,0x80,0x01,0x80,0x01,0x80,
	0x01,0x80,0x01,0x80,0x01,0x80,0x01,0x80,0x7F,0x80,0x00,0x00,
	},

	// [ 62] 0x5E (^)
	{
	0x00,0x00,0x00,0x00,0x04,0x00,0x0E,0x00,0x1B,0x00,0x31,0x80,
	0x60,0xC0,0xC0,0x60,0x00,0x00,0x00,0x00,0x00,0x00,0x00,0x00,
	0x00,0x00,0x00,0x00,0x00,0x00,0x00,0x00,0x00,0x00,0x00,0x00,
	0x00,0x00,0x00,0x00,0x00,0x00,0x00,0x00,0x00,0x00,0x00,0x00,
	},

	// [ 63] 0x5F (_)
	{
	0x00,0x00,0x00,0x00,0x00,0x00,0x00,0x00,0x00,0x00,0x00,0x00,
	0x00,0x00,0x00,0x00,0x00,0x00,0x00,0x00,0x00,0x00,0x00,0x00,
	0x00,0x00,0x00,0x00,0x00,0x00,0x00,0x00,0x00,0x00,0x00,0x00,
	0x00,0x00,0x00,0x00,0x00,0x00,0x00,0x00,0x7F,0xE0,0x00,0x00,
	},

	// [ 64] 0x60 (`)
	{
	0x00,0x00,0x00,0x00,0x18,0x00,0x0C,0x00,0x06,0x00,0x03,0x00,
	0x00,0x00,0x00,0x00,0x00,0x00,0x00,0x00,0x00,0x00,0x00,0x00,
	0x00,0x00,0x00,0x00,0x00,0x00,0x00,0x00,0x00,0x00,0x00,0x00,
	0x00,0x00,0x00,0x00,0x00,0x00,0x00,0x00,0x00,0x00,0x00,0x00,
	},

	// [ 65] 0x61 (a)
	{
	0x00,0x00,0x00,0x00,0x00,0x00,0x00,0x00,0x00,0x00,0x00,0x00,
	0x00,0x00,0x00,0x00,0x3F,0x80,0x00,0xC0,0x00,0x60,0x00,0x60,
	0x1F,0xE0,0x30,0x60,0x60,0x60,0x60,0x60,0x60,0x60,0x30,0x60,
	0x1F,0xE0,0x00,0x00,0x00,0x00,0x00,0x00,0x00,0x00,0x00,0x00,
	},

	// [ 66] 0x62 (b)
	{
	0x00,0x00,0x00,0x00,0x00,0x00,0x00,0x00,0x60,0x00,0x60,0x00,
	0x60,0x00,0x60,0x00,0x7F,0x80,0x60,0xC0,0x60,0x60,0x60,0x60,
	0x60,0x60,0x60,0x60,0x60,0x60,0x60,0x60,0x60,0x60,0x60,0xC0,
	0x7F,0x80,0x00,0x00,0x00,0x00,0x00,0x00,0x00,0x00,0x00,0x00,
	},

	// [ 67] 0x63 (c)
	{
	0x00,0x00,0x00,0x00,0x00,0x00,0x00,0x00,0x00,0x00,0x00,0x00,
	0x00,0x00,0x00,0x00,0x1F,0xE0,0x30,0x00,0x60,0x00,0x60,0x00,
	0x60,0x00,0x60,0x00,0x60,0x00,0x60,0x00,0x60,0x00,0x30,0x00,
	0x1F,0xE0,0x00,0x00,0x00,0x00,0x00,0x00,0x00,0x00,0x00,0x00,
	},

	// [ 68] 0x64 (d)
	{
	0x00,0x00,0x00,0x00,0x00,0x00,0x00,0x00,0x00,0x60,0x00,0x60,
	0x00,0x60,0x00,0x60,0x1F,0xE0,0x30,0x60,0x60,0x60,0x60,0x60,
	0x60,0x60,0x60,0x60,0x60,0x60,0x60,0x60,0x60,0x60,0x30,0x60,
	0x1F,0xE0,0x00,0x00,0x00,0x00,0x00,0x00,0x00,0x00,0x00,0x00,
	},

	// [ 69] 0x65 (e)
	{
	0x00,0x00,0x00,0x00,0x00,0x00,0x00,0x00,0x00,0x00,0x00,0x00,
	0x00,0x00,0x00,0x00,0x1F,0xE0,0x30,0x60,0x60,0x60,0x60,0x60,
	0x60,0x60,0x7F,0xE0,0x60,0x00,0x60,0x00,0x60,0x00,0x30,0x00,
	0x1F,0xE0,0x00,0x00,0x00,0x00,0x00,0x00,0x00,0x00,0x00,0x00,
	},

	// [ 70] 0x66 (f)
	{
	0x00,0x00,0x00,0x00,0x00,0x00,0x00,0x00,0x07,0xC0,0x0E,0x00,
	0x0C,0x00,0x0C,0x00,0x0C,0x00,0x0C,0x00,0x3F,0x80,0x0C,0x00,
	0x0C,0x00,0x0C,0x00,0x0C,0x00,0x0C,0x00,0x0C,0x00,0x0C,0x00,
	0x0C,0x00,0x00,0x00,0x00,0x00,0x00,0x00,0x00,0x00,0x00,0x00,
	},

	// [ 71] 0x67 (g)
	{
	0x00,0x00,0x00,0x00,0x00,0x00,0x00,0x00,0x00,0x00,0x00,0x00,
	0x00,0x00,0x00,0x00,0x1F,0xE0,0x30,0x60,0x60,0x60,0x60,0x60,
	0x60,0x60,0x60,0x60,0x60,0x60,0x60,0x60,0x60,0x60,0x30,0x60,
	0x1F,0xC0,0x00,0xC0,0x00,0x60,0x00,0x60,0x00,0xC0,0x3F,0x80,
	},

	// [ 72] 0x68 (h)
	{
	0x00,0x00,0x00,0x00,0x00,0x00,0x00,0x00,0x60,0x00,0x60,0x00,
	0x60,0x00,0x60,0x00,0x7F,0x80,0x60,0xC0,0x60,0x60,0x60,0x60,
	0x60,0x60,0x60,0x60,0x60,0x60,0x60,0x60,0x60,0x60,0x60,0x60,
	0x60,0x60,0x00,0x00,0x00,0x00,0x00,0x00,0x00,0x00,0x00,0x00,
	},

	// [ 73] 0x69 (i)
	{
	0x00,0x00,0x00,0x00,0x00,0x00,0x00,0x00,0x06,0x00,0x06,0x00,
	0x00,0x00,0x00,0x00,0x1E,0x00,0x06,0x00,0x06,0x00,0x06,0x00,
	0x06,0x00,0x06,0x00,0x06,0x00,0x06,0x00,0x06,0x00,0x06,0x00,
	0x07,0x80,0x00,0x00,0x00,0x00,0x00,0x00,0x00,0x00,0x00,0x00,
	},

	// [ 74] 0x6A (j)
	{
	0x00,0x00,0x00,0x00,0x00,0x00,0x00,0x00,0x06,0x00,0x06,0x00,
	0x00,0x00,0x00,0x00,0x06,0x00,0x06,0x00,0x06,0x00,0x06,0x00,
	0x06,0x00,0x06,0x00,0x06,0x00,0x06,0x00,0x06,0x00,0x06,0x00,
	0x06,0x00,0x06,0x00,0x06,0x00,0x06,0x00,0x0C,0x00,0x78,0x00,
	},

	// [ 75] 0x6B (k)
	{
	0x00,0x00,0x00,0x00,0x00,0x00,0x00,0x00,0x30,0x00,0x30,0x00,
	0x30,0x00,0x30,0x00,0x30,0xC0,0x30,0xC0,0x31,0x80,0x33,0x00,
	0x3E,0x00,0x36,0x00,0x33,0x00,0x31,0x80,0x30,0xC0,0x30,0x60,
	0x30,0x60,0x00,0x00,0x00,0x00,0x00,0x00,0x00,0x00,0x00,0x00,
	},

	// [ 76] 0x6C (l)
	{
	0x00,0x00,0x00,0x00,0x00,0x00,0x00,0x00,0x0C,0x00,0x0C,0x00,
	0x0C,0x00,0x0C,0x00,0x0C,0x00,0x0C,0x00,0x0C,0x00,0x0C,0x00,
	0x0C,0x00,0x0C,0x00,0x0C,0x00,0x0C,0x00,0x0C,0x00,0x0E,0x00,
	0x07,0xC0,0x00,0x00,0x00,0x00,0x00,0x00,0x00,0x00,0x00,0x00,
	},

	// [ 77] 0x6D (m)
	{
	0x00,0x00,0x00,0x00,0x00,0x00,0x00,0x00,0x00,0x00,0x00,0x00,
	0x00,0x00,0x00,0x00,0x79,0x80,0x66,0xC0,0x66,0x60,0x66,0x60,
	0x66,0x60,0x66,0x60,0x66,0x60,0x66,0x60,0x60,0x60,0x60,0x60,
	0x60,0x60,0x00,0x00,0x00,0x00,0x00,0x00,0x00,0x00,0x00,0x00,
	},

	// [ 78] 0x6E (n)
	{
	0x00,0x00,0x00,0x00,0x00,0x00,0x00,0x00,0x00,0x00,0x00,0x00,
	0x00,0x00,0x00,0x00,0x7F,0x80,0x60,0xC0,0x60,0x60,0x60,0x60,
	0x60,0x60,0x60,0x60,0x60,0x60,0x60,0x60,0x60,0x60,0x60,0x60,
	0x60,0x60,0x00,0x00,0x00,0x00,0x00,0x00,0x00,0x00,0x00,0x00,
	},

	// [ 79] 0x6F (o)
	{
	0x00,0x00,0x00,0x00,0x00,0x00,0x00,0x00,0x00,0x00,0x00,0x00,
	0x00,0x00,0x00,0x00,0x1F,0x80,0x30,0xC0,0x60,0x60,0x60,0x60,
	0x60,0x60,0x60,0x60,0x60,0x60,0x60,0x60,0x60,0x60,0x30,0xC0,
	0x1F,0x80,0x00,0x00,0x00,0x00,0x00,0x00,0x00,0x00,0x00,0x00,
	},

	// [ 80] 0x70 (p)
	{
	0x00,0x00,0x00,0x00,0x00,0x00,0x00,0x00,0x00,0x00,0x00,0x00,
	0x00,0x00,0x00,0x00,0x7F,0x80,0x60,0xC0,0x60,0x60,0x60,0x60,
	0x60,0x60,0x60,0x60,0x60,0x60,0x60,0x60,0x60,0x60,0x60,0xC0,
	0x7F,0x80,0x60,0x00,0x60,0x00,0x60,0x00,0x60,0x00,0x60,0x00,
	},

	// [ 81] 0x71 (q)
	{
	0x00,0x00,0x00,0x00,0x00,0x00,0x00,0x00,0x00,0x00,0x00,0x00,
	0x00,0x00,0x00,0x00,0x1F,0xE0,0x30,0x60,0x60,0x60,0x60,0x60,
	0x60,0x60,0x60,0x60,0x60,0x60,0x60,0x60,0x60,0x60,0x30,0x60,
	0x1F,0xE0,0x00,0x60,0x00,0x60,0x00,0x60,0x00,0x60,0x00,0x60,
	},

	// [ 82] 0x72 (r)
	{
	0x00,0x00,0x00,0x00,0x00,0x00,0x00,0x00,0x00,0x00,0x00,0x00,
	0x00,0x00,0x00,0x00,0x1F,0xE0,0x30,0x60,0x60,0x00,0x60,0x00,
	0x60,0x00,0x60,0x00,0x60,0x00,0x60,0x00,0x60,0x00,0x60,0x00,
	0x60,0x00,0x00,0x00,0x00,0x00,0x00,0x00,0x00,0x00,0x00,0x00,
	},

	// [ 83] 0x73 (s)
	{
	0x00,0x00,0x00,0x00,0x00,0x00,0x00,0x00,0x00,0x00,0x00,0x00,
	0x00,0x00,0x00,0x00,0x3F,0xE0,0x60,0x00,0x60,0x00,0x60,0x00,
	0x60,0x00,0x3F,0xC0,0x00,0x60,0x00,0x60,0x00,0x60,0x00,0x60,
	0x7F,0xC0,0x00,0x00,0x00,0x00,0x00,0x00,0x00,0x00,0x00,0x00,
	},

	// [ 84] 0x74 (t)
	{
	0x00,0x00,0x00,0x00,0x00,0x00,0x00,0x00,0x0C,0x00,0x0C,0x00,
	0x0C,0x00,0x0C,0x00,0x3F,0x80,0x0C,0x00,0x0C,0x00,0x0C,0x00,
	0x0C,0x00,0x0C,0x00,0x0C,0x00,0x0C,0x00,0x0C,0x00,0x0E,0x00,
	0x07,0xC0,0x00,0x00,0x00,0x00,0x00,0x00,0x00,0x00,0x00,0x00,
	},

	// [ 85] 0x75 (u)
	{
	0x00,0x00,0x00,0x00,0x00,0x00,0x00,0x00,0x00,0x00,0x00,0x00,
	0x00,0x00,0x00,0x00,0x60,0x60,0x60,0x60,0x60,0x60,0x60,0x60,
	0x60,0x60,0x60,0x60,0x60,0x60,0x60,0x60,0x60,0x60,0x30,0x60,
	0x1F,0xE0,0x00,0x00,0x00,0x00,0x00,0x00,0x00,0x00,0x00,0x00,
	},

	// [ 86] 0x76 (v)
	{
	0x00,0x00,0x00,0x00,0x00,0x00,0x00,0x00,0x00,0x00,0x00,0x00,
	0x00,0x00,0x00,0x00,0x60,0x60,0x60,0x60,0x60,0x60,0x60,0x60,
	0x60,0x60,0x60,0x60,0x30,0xC0,0x30,0xC0,0x19,0x80,0x0F,0x00,
	0x06,0x00,0x00,0x00,0x00,0x00,0x00,0x00,0x00,0x00,0x00,0x00,
	},

	// [ 87] 0x77 (w)
	{
	0x00,0x00,0x00,0x00,0x00,0x00,0x00,0x00,0x00,0x00,0x00,0x00,
	0x00,0x00,0x00,0x00,0x60,0x60,0x60,0x60,0x60,0x60,0x66,0x60,
	0x66,0x60,0x66,0x60,0x66,0x60,0x66,0x60,0x66,0x60,0x36,0x60,
	0x19,0xE0,0x00,0x00,0x00,0x00,0x00,0x00,0x00,0x00,0x00,0x00,
	},

	// [ 88] 0x78 (x)
	{
	0x00,0x00,0x00,0x00,0x00,0x00,0x00,0x00,0x00,0x00,0x00,0x00,
	0x00,0x00,0x00,0x00,0x60,0x60,0x60,0x60,0x30,0xC0,0x19,0x80,
	0x0F,0x00,0x0F,0x00,0x19,0x80,0x30,0xC0,0x30,0xC0,0x60,0x60,
	0x60,0x60,0x00,0x00,0x00,0x00,0x00,0x00,0x00,0x00,0x00,0x00,
	},

	// [ 89] 0x79 (y)
	{
	0x00,0x00,0x00,0x00,0x00,0x00,0x00,0x00,0x00,0x00,0x00,0x00,
	0x00,0x00,0x00,0x00,0x60,0x60,0x60,0x60,0x60,0x60,0x60,0x60,
	0x60,0x60,0x60,0x60,0x60,0x60,0x60,0x60,0x60,0x60,0x30,0x60,
	0x1F,0xE0,0x00,0x60,0x00,0x60,0x00,0x60,0x00,0xC0,0x7F,0x80,
	},

	// [ 90] 0x7A (z)
	{
	0x00,0x00,0x00,0x00,0x00,0x00,0x00,0x00,0x00,0x00,0x00,0x00,
	0x00,0x00,0x00,0x00,0x7F,0xE0,0x00,0x60,0x00,0xC0,0x01,0x80,
	0x03,0x00,0x06,0x00,0x0C,0x00,0x18,0x00,0x30,0x00,0x60,0x00,
	0x7F,0xE0,0x00,0x00,0x00,0x00,0x00,0x00,0x00,0x00,0x00,0x00,
	},

	// [ 91] 0x7B ({)
	{
	0x00,0x00,0x01,0xE0,0x03,0x00,0x06,0x00,0x06,0x00,0x06,0x00,
	0x06,0x00,0x06,0x00,0x06,0x00,0x06,0x00,0x0C,0x00,0x38,0x00,
	0x38,0x00,0x0C,0x00,0x06,0x00,0x06,0x00,0x06,0x00,0x06,0x00,
	0x06,0x00,0x06,0x00,0x06,0x00,0x03,0x00,0x01,0xE0,0x00,0x00,
	},

	// [ 92] 0x7C (|)
	{
	0x00,0x00,0x00,0x00,0x00,0x00,0x06,0x00,0x06,0x00,0x06,0x00,
	0x06,0x00,0x06,0x00,0x06,0x00,0x06,0x00,0x06,0x00,0x06,0x00,
	0x06,0x00,0x06,0x00,0x06,0x00,0x06,0x00,0x06,0x00,0x06,0x00,
	0x06,0x00,0x06,0x00,0x06,0x00,0x00,0x00,0x00,0x00,0x00,0x00,
	},

	// [ 93] 0x7D (})
	{
	0x00,0x00,0x78,0x00,0x0C,0x00,0x06,0x00,0x06,0x00,0x06,0x00,
	0x06,0x00,0x06,0x00,0x06,0x00,0x06,0x00,0x03,0x00,0x01,0xC0,
	0x01,0xC0,0x03,0x00,0x06,0x00,0x06,0x00,0x06,0x00,0x06,0x00,
	0x06,0x00,0x06,0x00,0x06,0x00,0x0C,0x00,0x78,0x00,0x00,0x00,
	},

	// [ 94] 0x7E (~)
	{
	0x00,0x00,0x00,0x00,0x00,0x00,0x00,0x00,0x00,0x00,0x00,0x00,
	0x00,0x00,0x00,0x00,0x00,0x00,0x00,0x00,0x38,0x60,0x6C,0x60,
	0xC6,0xC0,0xC3,0x80,0x00,0x00,0x00,0x00,0x00,0x00,0x00,0x00,
	0x00,0x00,0x00,0x00,0x00,0x00,0x00,0x00,0x00,0x00,0x00,0x00,
	},

	// [ 95] 0x7F (DEL)
	{
	0x00,0x00,0x00,0x00,0x00,0x00,0x00,0x00,0x00,0x00,0x00,0x00,
	0x00,0x00,0x00,0x00,0x00,0x00,0x00,0x00,0x00,0x00,0x00,0x00,
	0x00,0x00,0x00,0x00,0x00,0x00,0x00,0x00,0x00,0x00,0x00,0x00,
	0x00,0x00,0x00,0x00,0x00,0x00,0x00,0x00,0x00,0x00,0x00,0x00,
	},

	// [ 96] 0xA0 (NBSP)
	{
	0x00,0x00,0x00,0x00,0x00,0x00,0x00,0x00,0x00,0x00,0x00,0x00,
	0x00,0x00,0x00,0x00,0x00,0x00,0x00,0x00,0x00,0x00,0x00,0x00,
	0x00,0x00,0x00,0x00,0x00,0x00,0x00,0x00,0x00,0x00,0x00,0x00,
	0x00,0x00,0x00,0x00,0x00,0x00,0x00,0x00,0x00,0x00,0x00,0x00,
	},

	// [ 97] 0xA1
	{
	0x00,0x00,0x00,0x00,0x00,0x00,0x00,0x00,0x06,0x00,0x06,0x00,
	0x00,0x00,0x00,0x00,0x06,0x00,0x06,0x00,0x06,0x00,0x06,0x00,
	0x06,0x00,0x06,0x00,0x06,0x00,0x06,0x00,0x06,0x00,0x06,0x00,
	0x06,0x00,0x00,0x00,0x00,0x00,0x00,0x00,0x00,0x00,0x00,0x00,
	},

	// [ 98] 0xA2
	{
	0x00,0x00,0x00,0x00,0x00,0x00,0x00,0x00,0x00,0x00,0x00,0x00,
	0x03,0x00,0x03,0x00,0x1F,0xE0,0x33,0x00,0x63,0x00,0x63,0x00,
	0x63,0x00,0x63,0x00,0x63,0x00,0x63,0x00,0x63,0x00,0x33,0x00,
	0x1F,0xE0,0x03,0x00,0x03,0x00,0x00,0x00,0x00,0x00,0x00,0x00,
	},

	// [ 99] 0xA3
	{
	0x00,0x00,0x00,0x00,0x00,0x00,0x00,0x00,0x07,0x00,0x0D,0x80,
	0x18,0xC0,0x18,0xC0,0x18,0x00,0x18,0x00,0x18,0x00,0x7F,0x80,
	0x18,0x00,0x18,0x00,0x18,0x00,0x18,0x00,0x30,0x00,0x30,0x00,
	0x7F,0xE0,0x00,0x00,0x00,0x00,0x00,0x00,0x00,0x00,0x00,0x00,
	},

	// [100] 0xA4
	{
	0x00,0x00,0x00,0x00,0x00,0x00,0x00,0x00,0x00,0x00,0x00,0x00,
	0x30,0xC0,0x19,0x80,0x0F,0x00,0x1F,0x80,0x30,0xC0,0x30,0xC0,
	0x30,0xC0,0x30,0xC0,0x1F,0x80,0x0F,0x00,0x19,0x80,0x30,0xC0,
	0x00,0x00,0x00,0x00,0x00,0x00,0x00,0x00,0x00,0x00,0x00,0x00,
	},

	// [101] 0xA5
	{
	0x00,0x00,0x00,0x00,0x00,0x00,0x00,0x00,0x60,0x60,0x60,0x60,
	0x30,0xC0,0x30,0xC0,0x19,0x80,0x19,0x80,0x0F,0x00,0x0F,0x00,
	0x06,0x00,0x3F,0xC0,0x06,0x00,0x06,0x00,0x3F,0xC0,0x06,0x00,
	0x06,0x00,0x00,0x00,0x00,0x00,0x00,0x00,0x00,0x00,0x00,0x00,
	},

	// [102] 0xA6
	{
	0x00,0x00,0x00,0x00,0x00,0x00,0x06,0x00,0x06,0x00,0x06,0x00,
	0x06,0x00,0x06,0x00,0x06,0x00,0x06,0x00,0x06,0x00,0x00,0x00,
	0x00,0x00,0x06,0x00,0x06,0x00,0x06,0x00,0x06,0x00,0x06,0x00,
	0x06,0x00,0x06,0x00,0x06,0x00,0x00,0x00,0x00,0x00,0x00,0x00,
	},

	// [103] 0xA7
	{
	0x00,0x00,0x00,0x00,0x00,0x00,0x0F,0x80,0x19,0x80,0x31,0x80,
	0x30,0x00,0x18,0x00,0x0E,0x00,0x1F,0x80,0x30,0xC0,0x30,0xC0,
	0x30,0xC0,0x30,0xC0,0x1F,0x80,0x07,0x00,0x01,0x80,0x00,0xC0,
	0x18,0xC0,0x19,0x80,0x1F,0x00,0x00,0x00,0x00,0x00,0x00,0x00,
	},

	// [104] 0xA8
	{
	0x00,0x00,0x00,0x00,0x00,0x00,0x30,0xC0,0x30,0xC0,0x00,0x00,
	0x00,0x00,0x00,0x00,0x00,0x00,0x00,0x00,0x00,0x00,0x00,0x00,
	0x00,0x00,0x00,0x00,0x00,0x00,0x00,0x00,0x00,0x00,0x00,0x00,
	0x00,0x00,0x00,0x00,0x00,0x00,0x00,0x00,0x00,0x00,0x00,0x00,
	},

	// [105] 0xA9
	{
	0x00,0x00,0x00,0x00,0x00,0x00,0x00,0x00,0x00,0x00,0x00,0x00,
	0x00,0x00,0x1F,0x80,0x30,0xC0,0x60,0x60,0x67,0x60,0x6C,0x60,
	0x6C,0x60,0x6C,0x60,0x6C,0x60,0x67,0x60,0x60,0x60,0x30,0xC0,
	0x1F,0x80,0x00,0x00,0x00,0x00,0x00,0x00,0x00,0x00,0x00,0x00,
	},

	// [106] 0xAA
	{
	0x00,0x00,0x00,0x00,0x0F,0x00,0x01,0x80,0x01,0x80,0x0F,0x80,
	0x19,0x80,0x19,0x80,0x0F,0x80,0x00,0x00,0x1F,0x80,0x00,0x00,
	0x00,0x00,0x00,0x00,0x00,0x00,0x00,0x00,0x00,0x00,0x00,0x00,
	0x00,0x00,0x00,0x00,0x00,0x00,0x00,0x00,0x00,0x00,0x00,0x00,
	},

	// [107] 0xAB
	{
	0x00,0x00,0x00,0x00,0x00,0x00,0x00,0x00,0x00,0x00,0x00,0x00,
	0x00,0x00,0x00,0x00,0x00,0x00,0x06,0x60,0x0C,0xC0,0x19,0x80,
	0x33,0x00,0x66,0x00,0x33,0x00,0x19,0x80,0x0C,0xC0,0x06,0x60,
	0x00,0x00,0x00,0x00,0x00,0x00,0x00,0x00,0x00,0x00,0x00,0x00,
	},

	// [108] 0xAC
	{
	0x00,0x00,0x00,0x00,0x00,0x00,0x00,0x00,0x00,0x00,0x00,0x00,
	0x00,0x00,0x00,0x00,0x00,0x00,0x7F,0xE0,0x00,0x60,0x00,0x60,
	0x00,0x60,0x00,0x60,0x00,0x60,0x00,0x00,0x00,0x00,0x00,0x00,
	0x00,0x00,0x00,0x00,0x00,0x00,0x00,0x00,0x00,0x00,0x00,0x00,
	},

	// [109] 0xAD
	{
	0x00,0x00,0x00,0x00,0x00,0x00,0x00,0x00,0x00,0x00,0x00,0x00,
	0x00,0x00,0x00,0x00,0x00,0x00,0x00,0x00,0x00,0x00,0x00,0x00,
	0x1F,0x80,0x00,0x00,0x00,0x00,0x00,0x00,0x00,0x00,0x00,0x00,
	0x00,0x00,0x00,0x00,0x00,0x00,0x00,0x00,0x00,0x00,0x00,0x00,
	},

	// [110] 0xAE
	{
	0x00,0x00,0x00,0x00,0x00,0x00,0x00,0x00,0x00,0x00,0x00,0x00,
	0x00,0x00,0x1F,0x80,0x30,0xC0,0x60,0x60,0x6E,0x60,0x6D,0x60,
	0x6D,0x60,0x6E,0x60,0x6D,0x60,0x6D,0x60,0x60,0x60,0x30,0xC0,
	0x1F,0x80,0x00,0x00,0x00,0x00,0x00,0x00,0x00,0x00,0x00,0x00,
	},

	// [111] 0xAF
	{
	0x00,0x00,0x00,0x00,0x1F,0x80,0x00,0x00,0x00,0x00,0x00,0x00,
	0x00,0x00,0x00,0x00,0x00,0x00,0x00,0x00,0x00,0x00,0x00,0x00,
	0x00,0x00,0x00,0x00,0x00,0x00,0x00,0x00,0x00,0x00,0x00,0x00,
	0x00,0x00,0x00,0x00,0x00,0x00,0x00,0x00,0x00,0x00,0x00,0x00,
	},

	// [112] 0xB0
	{
	0x00,0x00,0x00,0x00,0x00,0x00,0x0F,0x00,0x19,0x80,0x19,0x80,
	0x19,0x80,0x19,0x80,0x0F,0x00,0x00,0x00,0x00,0x00,0x00,0x00,
	0x00,0x00,0x00,0x00,0x00,0x00,0x00,0x00,0x00,0x00,0x00,0x00,
	0x00,0x00,0x00,0x00,0x00,0x00,0x00,0x00,0x00,0x00,0x00,0x00,
	},

	// [113] 0xB1
	{
	0x00,0x00,0x00,0x00,0x00,0x00,0x00,0x00,0x00,0x00,0x00,0x00,
	0x00,0x00,0x06,0x00,0x06,0x00,0x06,0x00,0x3F,0xC0,0x06,0x00,
	0x06,0x00,0x06,0x00,0x00,0x00,0x00,0x00,0x3F,0xC0,0x00,0x00,
	0x00,0x00,0x00,0x00,0x00,0x00,0x00,0x00,0x00,0x00,0x00,0x00,
	},

	// [114] 0xB2
	{
	0x00,0x00,0x00,0x00,0x00,0x00,0x0F,0x00,0x19,0x80,0x01,0x80,
	0x03,0x00,0x06,0x00,0x0C,0x00,0x19,0x80,0x1F,0x80,0x00,0x00,
	0x00,0x00,0x00,0x00,0x00,0x00,0x00,0x00,0x00,0x00,0x00,0x00,
	0x00,0x00,0x00,0x00,0x00,0x00,0x00,0x00,0x00,0x00,0x00,0x00,
	},

	// [115] 0xB3
	{
	0x00,0x00,0x00,0x00,0x00,0x00,0x0F,0x00,0x19,0x80,0x01,0x80,
	0x07,0x00,0x01,0x80,0x01,0x80,0x19,0x80,0x0F,0x00,0x00,0x00,
	0x00,0x00,0x00,0x00,0x00,0x00,0x00,0x00,0x00,0x00,0x00,0x00,
	0x00,0x00,0x00,0x00,0x00,0x00,0x00,0x00,0x00,0x00,0x00,0x00,
	},

	// [116] 0xB4
	{
	0x00,0x00,0x00,0x00,0x01,0x80,0x03,0x00,0x06,0x00,0x0C,0x00,
	0x00,0x00,0x00,0x00,0x00,0x00,0x00,0x00,0x00,0x00,0x00,0x00,
	0x00,0x00,0x00,0x00,0x00,0x00,0x00,0x00,0x00,0x00,0x00,0x00,
	0x00,0x00,0x00,0x00,0x00,0x00,0x00,0x00,0x00,0x00,0x00,0x00,
	},

	// [117] 0xB5
	{
	0x00,0x00,0x00,0x00,0x00,0x00,0x00,0x00,0x00,0x00,0x00,0x00,
	0x00,0x00,0x00,0x00,0x61,0x80,0x61,0x80,0x61,0x80,0x61,0x80,
	0x61,0x80,0x61,0x80,0x61,0x80,0x61,0x80,0x61,0x80,0x73,0xC0,
	0x6E,0x60,0x60,0x00,0x60,0x00,0x60,0x00,0x60,0x00,0x60,0x00,
	},

	// [118] 0xB6
	{
	0x00,0x00,0x00,0x00,0x00,0x00,0x00,0x00,0x1F,0xE0,0x36,0x60,
	0x66,0x60,0x66,0x60,0x66,0x60,0x66,0x60,0x36,0x60,0x1E,0x60,
	0x06,0x60,0x06,0x60,0x06,0x60,0x06,0x60,0x06,0x60,0x06,0x60,
	0x06,0x60,0x00,0x00,0x00,0x00,0x00,0x00,0x00,0x00,0x00,0x00,
	},

	// [119] 0xB7
	{
	0x00,0x00,0x00,0x00,0x00,0x00,0x00,0x00,0x00,0x00,0x00,0x00,
	0x00,0x00,0x00,0x00,0x00,0x00,0x00,0x00,0x00,0x00,0x06,0x00,
	0x06,0x00,0x00,0x00,0x00,0x00,0x00,0x00,0x00,0x00,0x00,0x00,
	0x00,0x00,0x00,0x00,0x00,0x00,0x00,0x00,0x00,0x00,0x00,0x00,
	},

	// [120] 0xB8
	{
	0x00,0x00,0x00,0x00,0x00,0x00,0x00,0x00,0x00,0x00,0x00,0x00,
	0x00,0x00,0x00,0x00,0x00,0x00,0x00,0x00,0x00,0x00,0x00,0x00,
	0x00,0x00,0x00,0x00,0x00,0x00,0x00,0x00,0x00,0x00,0x00,0x00,
	0x00,0x00,0x03,0x00,0x03,0x00,0x03,0x00,0x06,0x00,0x0C,0x00,
	},

	// [121] 0xB9
	{
	0x00,0x00,0x00,0x00,0x00,0x00,0x06,0x00,0x0E,0x00,0x1E,0x00,
	0x06,0x00,0x06,0x00,0x06,0x00,0x06,0x00,0x0F,0x00,0x00,0x00,
	0x00,0x00,0x00,0x00,0x00,0x00,0x00,0x00,0x00,0x00,0x00,0x00,
	0x00,0x00,0x00,0x00,0x00,0x00,0x00,0x00,0x00,0x00,0x00,0x00,
	},

	// [122] 0xBA
	{
	0x00,0x00,0x00,0x00,0x00,0x00,0x0F,0x00,0x19,0x80,0x19,0x80,
	0x19,0x80,0x19,0x80,0x0F,0x00,0x00,0x00,0x1F,0x80,0x00,0x00,
	0x00,0x00,0x00,0x00,0x00,0x00,0x00,0x00,0x00,0x00,0x00,0x00,
	0x00,0x00,0x00,0x00,0x00,0x00,0x00,0x00,0x00,0x00,0x00,0x00,
	},

	// [123] 0xBB
	{
	0x00,0x00,0x00,0x00,0x00,0x00,0x00,0x00,0x00,0x00,0x00,0x00,
	0x00,0x00,0x00,0x00,0x00,0x00,0x66,0x00,0x33,0x00,0x19,0x80,
	0x0C,0xC0,0x06,0x60,0x0C,0xC0,0x19,0x80,0x33,0x00,0x66,0x00,
	0x00,0x00,0x00,0x00,0x00,0x00,0x00,0x00,0x00,0x00,0x00,0x00,
	},

	// [124] 0xBC
	{
	0x00,0x00,0x00,0x00,0x18,0x00,0x38,0x00,0x78,0x00,0x18,0x00,
	0x18,0x00,0x18,0x60,0x18,0xC0,0x3D,0x80,0x03,0x00,0x06,0x00,
	0x0C,0x00,0x18,0x00,0x30,0x00,0x66,0x00,0x06,0x00,0x06,0xC0,
	0x06,0xC0,0x07,0xE0,0x00,0xC0,0x00,0xC0,0x00,0x00,0x00,0x00,
	},

	// [125] 0xBD
	{
	0x00,0x00,0x00,0x00,0x18,0x00,0x38,0x00,0x78,0x00,0x18,0x00,
	0x18,0x00,0x18,0x60,0x18,0xC0,0x3D,0x80,0x03,0x00,0x06,0x00,
	0x0C,0x00,0x18,0x00,0x33,0xC0,0x66,0x60,0x00,0x60,0x00,0xC0,
	0x01,0x80,0x03,0x00,0x06,0x60,0x07,0xE0,0x00,0x00,0x00,0x00,
	},

	// [126] 0xBE
	{
	0x00,0x00,0x00,0x00,0x3C,0x00,0x66,0x00,0x06,0x00,0x1C,0x00,
	0x06,0x00,0x66,0x60,0x3C,0xC0,0x01,0x80,0x03,0x00,0x06,0x00,
	0x0C,0x00,0x18,0x00,0x30,0x00,0x66,0x00,0x06,0x00,0x06,0xC0,
	0x06,0xC0,0x07,0xE0,0x00,0xC0,0x00,0xC0,0x00,0x00,0x00,0x00,
	},

	// [127] 0xBF
	{
	0x00,0x00,0x00,0x00,0x00,0x00,0x00,0x00,0x06,0x00,0x06,0x00,
	0x00,0x00,0x00,0x00,0x06,0x00,0x06,0x00,0x06,0x00,0x0C,0x00,
	0x18,0x00,0x30,0x00,0x60,0x00,0x60,0x00,0x60,0x60,0x30,0xC0,
	0x1F,0x80,0x00,0x00,0x00,0x00,0x00,0x00,0x00,0x00,0x00,0x00,
	},

	// [128] 0xC0
	{
	0x18,0x00,0x0C,0x00,0x06,0x00,0x00,0x00,0x1F,0x80,0x30,0xC0,
	0x60,0x60,0x60,0x60,0x60,0x60,0x60,0x60,0x60,0x60,0x7F,0xE0,
	0x60,0x60,0x60,0x60,0x60,0x60,0x60,0x60,0x60,0x60,0x60,0x60,
	0x60,0x60,0x00,0x00,0x00,0x00,0x00,0x00,0x00,0x00,0x00,0x00,
	},

	// [129] 0xC1
	{
	0x01,0x80,0x03,0x00,0x06,0x00,0x00,0x00,0x1F,0x80,0x30,0xC0,
	0x60,0x60,0x60,0x60,0x60,0x60,0x60,0x60,0x60,0x60,0x7F,0xE0,
	0x60,0x60,0x60,0x60,0x60,0x60,0x60,0x60,0x60,0x60,0x60,0x60,
	0x60,0x60,0x00,0x00,0x00,0x00,0x00,0x00,0x00,0x00,0x00,0x00,
	},

	// [130] 0xC2
	{
	0x0F,0x00,0x19,0x80,0x30,0xC0,0x00,0x00,0x1F,0x80,0x30,0xC0,
	0x60,0x60,0x60,0x60,0x60,0x60,0x60,0x60,0x60,0x60,0x7F,0xE0,
	0x60,0x60,0x60,0x60,0x60,0x60,0x60,0x60,0x60,0x60,0x60,0x60,
	0x60,0x60,0x00,0x00,0x00,0x00,0x00,0x00,0x00,0x00,0x00,0x00,
	},

	// [131] 0xC3
	{
	0x1C,0x60,0x3F,0xC0,0x63,0x80,0x00,0x00,0x1F,0x80,0x30,0xC0,
	0x60,0x60,0x60,0x60,0x60,0x60,0x60,0x60,0x60,0x60,0x7F,0xE0,
	0x60,0x60,0x60,0x60,0x60,0x60,0x60,0x60,0x60,0x60,0x60,0x60,
	0x60,0x60,0x00,0x00,0x00,0x00,0x00,0x00,0x00,0x00,0x00,0x00,
	},

	// [132] 0xC4
	{
	0x00,0x00,0x30,0xC0,0x30,0xC0,0x00,0x00,0x1F,0x80,0x30,0xC0,
	0x60,0x60,0x60,0x60,0x60,0x60,0x60,0x60,0x60,0x60,0x7F,0xE0,
	0x60,0x60,0x60,0x60,0x60,0x60,0x60,0x60,0x60,0x60,0x60,0x60,
	0x60,0x60,0x00,0x00,0x00,0x00,0x00,0x00,0x00,0x00,0x00,0x00,
	},

	// [133] 0xC5
	{
	0x0F,0x00,0x19,0x80,0x19,0x80,0x0F,0x00,0x1F,0x80,0x30,0xC0,
	0x60,0x60,0x60,0x60,0x60,0x60,0x60,0x60,0x60,0x60,0x7F,0xE0,
	0x60,0x60,0x60,0x60,0x60,0x60,0x60,0x60,0x60,0x60,0x60,0x60,
	0x60,0x60,0x00,0x00,0x00,0x00,0x00,0x00,0x00,0x00,0x00,0x00,
	},

	// [134] 0xC6
	{
	0x00,0x00,0x00,0x00,0x00,0x00,0x00,0x00,0x1F,0xE0,0x33,0x00,
	0x63,0x00,0x63,0x00,0x63,0x00,0x63,0x00,0x63,0x00,0x7F,0xC0,
	0x63,0x00,0x63,0x00,0x63,0x00,0x63,0x00,0x63,0x00,0x63,0x00,
	0x63,0xE0,0x00,0x00,0x00,0x00,0x00,0x00,0x00,0x00,0x00,0x00,
	},

	// [135] 0xC7
	{
	0x00,0x00,0x00,0x00,0x00,0x00,0x00,0x00,0x1F,0xE0,0x30,0x00,
	0x60,0x00,0x60,0x00,0x60,0x00,0x60,0x00,0x60,0x00,0x60,0x00,
	0x60,0x00,0x60,0x00,0x60,0x00,0x60,0x00,0x60,0x00,0x30,0x00,
	0x1F,0xE0,0x03,0x00,0x03,0x00,0x03,0x00,0x06,0x00,0x0C,0x00,
	},

	// [136] 0xC8
	{
	0x18,0x00,0x0C,0x00,0x06,0x00,0x00,0x00,0x1F,0xE0,0x30,0x00,
	0x60,0x00,0x60,0x00,0x60,0x00,0x60,0x00,0x60,0x00,0x7F,0x80,
	0x60,0x00,0x60,0x00,0x60,0x00,0x60,0x00,0x60,0x00,0x30,0x00,
	0x1F,0xE0,0x00,0x00,0x00,0x00,0x00,0x00,0x00,0x00,0x00,0x00,
	},

	// [137] 0xC9
	{
	0x01,0x80,0x03,0x00,0x06,0x00,0x00,0x00,0x1F,0xE0,0x30,0x00,
	0x60,0x00,0x60,0x00,0x60,0x00,0x60,0x00,0x60,0x00,0x7F,0x80,
	0x60,0x00,0x60,0x00,0x60,0x00,0x60,0x00,0x60,0x00,0x30,0x00,
	0x1F,0xE0,0x00,0x00,0x00,0x00,0x00,0x00,0x00,0x00,0x00,0x00,
	},

	// [138] 0xCA
	{
	0x0F,0x00,0x19,0x80,0x30,0xC0,0x00,0x00,0x1F,0xE0,0x30,0x00,
	0x60,0x00,0x60,0x00,0x60,0x00,0x60,0x00,0x60,0x00,0x7F,0x80,
	0x60,0x00,0x60,0x00,0x60,0x00,0x60,0x00,0x60,0x00,0x30,0x00,
	0x1F,0xE0,0x00,0x00,0x00,0x00,0x00,0x00,0x00,0x00,0x00,0x00,
	},

	// [139] 0xCB
	{
	0x00,0x00,0x30,0xC0,0x30,0xC0,0x00,0x00,0x1F,0xE0,0x30,0x00,
	0x60,0x00,0x60,0x00,0x60,0x00,0x60,0x00,0x60,0x00,0x7F,0x80,
	0x60,0x00,0x60,0x00,0x60,0x00,0x60,0x00,0x60,0x00,0x30,0x00,
	0x1F,0xE0,0x00,0x00,0x00,0x00,0x00,0x00,0x00,0x00,0x00,0x00,
	},

	// [140] 0xCC
	{
	0x0C,0x00,0x06,0x00,0x03,0x00,0x00,0x00,0x3F,0xC0,0x06,0x00,
	0x06,0x00,0x06,0x00,0x06,0x00,0x06,0x00,0x06,0x00,0x06,0x00,
	0x06,0x00,0x06,0x00,0x06,0x00,0x06,0x00,0x06,0x00,0x06,0x00,
	0x3F,0xC0,0x00,0x00,0x00,0x00,0x00,0x00,0x00,0x00,0x00,0x00,
	},

	// [141] 0xCD
	{
	0x03,0x00,0x06,0x00,0x0C,0x00,0x00,0x00,0x3F,0xC0,0x06,0x00,
	0x06,0x00,0x06,0x00,0x06,0x00,0x06,0x00,0x06,0x00,0x06,0x00,
	0x06,0x00,0x06,0x00,0x06,0x00,0x06,0x00,0x06,0x00,0x06,0x00,
	0x3F,0xC0,0x00,0x00,0x00,0x00,0x00,0x00,0x00,0x00,0x00,0x00,
	},

	// [142] 0xCE
	{
	0x0F,0x00,0x19,0x80,0x30,0xC0,0x00,0x00,0x3F,0xC0,0x06,0x00,
	0x06,0x00,0x06,0x00,0x06,0x00,0x06,0x00,0x06,0x00,0x06,0x00,
	0x06,0x00,0x06,0x00,0x06,0x00,0x06,0x00,0x06,0x00,0x06,0x00,
	0x3F,0xC0,0x00,0x00,0x00,0x00,0x00,0x00,0x00,0x00,0x00,0x00,
	},

	// [143] 0xCF
	{
	0x00,0x00,0x30,0xC0,0x30,0xC0,0x00,0x00,0x3F,0xC0,0x06,0x00,
	0x06,0x00,0x06,0x00,0x06,0x00,0x06,0x00,0x06,0x00,0x06,0x00,
	0x06,0x00,0x06,0x00,0x06,0x00,0x06,0x00,0x06,0x00,0x06,0x00,
	0x3F,0xC0,0x00,0x00,0x00,0x00,0x00,0x00,0x00,0x00,0x00,0x00,
	},

	// [144] 0xD0
	{
	0x00,0x00,0x00,0x00,0x00,0x00,0x00,0x00,0x7F,0xC0,0x60,0xE0,
	0x60,0x60,0x60,0x60,0x60,0x60,0x60,0x60,0x60,0x60,0xFC,0x60,
	0x60,0x60,0x60,0x60,0x60,0x60,0x60,0x60,0x60,0x60,0x60,0xE0,
	0x7F,0xC0,0x00,0x00,0x00,0x00,0x00,0x00,0x00,0x00,0x00,0x00,
	},

	// [145] 0xD1
	{
	0x1C,0x60,0x3F,0xC0,0x63,0x80,0x00,0x00,0x60,0x60,0x70,0x60,
	0x70,0x60,0x78,0x60,0x78,0x60,0x6C,0x60,0x6C,0x60,0x66,0x60,
	0x66,0x60,0x63,0x60,0x63,0x60,0x61,0xE0,0x61,0xE0,0x60,0xE0,
	0x60,0xE0,0x00,0x00,0x00,0x00,0x00,0x00,0x00,0x00,0x00,0x00,
	},

	// [146] 0xD2
	{
	0x18,0x00,0x0C,0x00,0x06,0x00,0x00,0x00,0x1F,0x80,0x30,0xC0,
	0x60,0x60,0x60,0x60,0x60,0x60,0x60,0x60,0x60,0x60,0x60,0x60,
	0x60,0x60,0x60,0x60,0x60,0x60,0x60,0x60,0x60,0x60,0x30,0xC0,
	0x1F,0x80,0x00,0x00,0x00,0x00,0x00,0x00,0x00,0x00,0x00,0x00,
	},

	// [147] 0xD3
	{
	0x01,0x80,0x03,0x00,0x06,0x00,0x00,0x00,0x1F,0x80,0x30,0xC0,
	0x60,0x60,0x60,0x60,0x60,0x60,0x60,0x60,0x60,0x60,0x60,0x60,
	0x60,0x60,0x60,0x60,0x60,0x60,0x60,0x60,0x60,0x60,0x30,0xC0,
	0x1F,0x80,0x00,0x00,0x00,0x00,0x00,0x00,0x00,0x00,0x00,0x00,
	},

	// [148] 0xD4
	{
	0x0F,0x00,0x19,0x80,0x30,0xC0,0x00,0x00,0x1F,0x80,0x30,0xC0,
	0x60,0x60,0x60,0x60,0x60,0x60,0x60,0x60,0x60,0x60,0x60,0x60,
	0x60,0x60,0x60,0x60,0x60,0x60,0x60,0x60,0x60,0x60,0x30,0xC0,
	0x1F,0x80,0x00,0x00,0x00,0x00,0x00,0x00,0x00,0x00,0x00,0x00,
	},

	// [149] 0xD5
	{
	0x1C,0x60,0x3F,0xC0,0x63,0x80,0x00,0x00,0x1F,0x80,0x30,0xC0,
	0x60,0x60,0x60,0x60,0x60,0x60,0x60,0x60,0x60,0x60,0x60,0x60,
	0x60,0x60,0x60,0x60,0x60,0x60,0x60,0x60,0x60,0x60,0x30,0xC0,
	0x1F,0x80,0x00,0x00,0x00,0x00,0x00,0x00,0x00,0x00,0x00,0x00,
	},

	// [150] 0xD6
	{
	0x00,0x00,0x30,0xC0,0x30,0xC0,0x00,0x00,0x1F,0x80,0x30,0xC0,
	0x60,0x60,0x60,0x60,0x60,0x60,0x60,0x60,0x60,0x60,0x60,0x60,
	0x60,0x60,0x60,0x60,0x60,0x60,0x60,0x60,0x60,0x60,0x30,0xC0,
	0x1F,0x80,0x00,0x00,0x00,0x00,0x00,0x00,0x00,0x00,0x00,0x00,
	},

	// [151] 0xD7
	{
	0x00,0x00,0x00,0x00,0x00,0x00,0x00,0x00,0x00,0x00,0x00,0x00,
	0x00,0x00,0x60,0x60,0x30,0xC0,0x19,0x80,0x0F,0x00,0x06,0x00,
	0x06,0x00,0x0F,0x00,0x19,0x80,0x30,0xC0,0x60,0x60,0x00,0x00,
	0x00,0x00,0x00,0x00,0x00,0x00,0x00,0x00,0x00,0x00,0x00,0x00,
	},

	// [152] 0xD8
	{
	0x00,0x00,0x00,0x00,0x00,0x00,0x00,0x60,0x1F,0xE0,0x30,0xC0,
	0x60,0xE0,0x61,0xE0,0x61,0xE0,0x63,0x60,0x63,0x60,0x66,0x60,
	0x66,0x60,0x6C,0x60,0x6C,0x60,0x78,0x60,0x78,0x60,0x30,0xC0,
	0x3F,0x80,0x60,0x00,0x60,0x00,0x00,0x00,0x00,0x00,0x00,0x00,
	},

	// [153] 0xD9
	{
	0x18,0x00,0x0C,0x00,0x06,0x00,0x00,0x00,0x60,0x60,0x60,0x60,
	0x60,0x60,0x60,0x60,0x60,0x60,0x60,0x60,0x60,0x60,0x60,0x60,
	0x60,0x60,0x60,0x60,0x60,0x60,0x60,0x60,0x60,0x60,0x30,0x60,
	0x1F,0xE0,0x00,0x00,0x00,0x00,0x00,0x00,0x00,0x00,0x00,0x00,
	},

	// [154] 0xDA
	{
	0x01,0x80,0x03,0x00,0x06,0x00,0x00,0x00,0x60,0x60,0x60,0x60,
	0x60,0x60,0x60,0x60,0x60,0x60,0x60,0x60,0x60,0x60,0x60,0x60,
	0x60,0x60,0x60,0x60,0x60,0x60,0x60,0x60,0x60,0x60,0x30,0x60,
	0x1F,0xE0,0x00,0x00,0x00,0x00,0x00,0x00,0x00,0x00,0x00,0x00,
	},

	// [155] 0xDB
	{
	0x0F,0x00,0x19,0x80,0x30,0xC0,0x00,0x00,0x60,0x60,0x60,0x60,
	0x60,0x60,0x60,0x60,0x60,0x60,0x60,0x60,0x60,0x60,0x60,0x60,
	0x60,0x60,0x60,0x60,0x60,0x60,0x60,0x60,0x60,0x60,0x30,0x60,
	0x1F,0xE0,0x00,0x00,0x00,0x00,0x00,0x00,0x00,0x00,0x00,0x00,
	},

	// [156] 0xDC
	{
	0x00,0x00,0x30,0xC0,0x30,0xC0,0x00,0x00,0x60,0x60,0x60,0x60,
	0x60,0x60,0x60,0x60,0x60,0x60,0x60,0x60,0x60,0x60,0x60,0x60,
	0x60,0x60,0x60,0x60,0x60,0x60,0x60,0x60,0x60,0x60,0x30,0x60,
	0x1F,0xE0,0x00,0x00,0x00,0x00,0x00,0x00,0x00,0x00,0x00,0x00,
	},

	// [157] 0xDD
	{
	0x01,0x80,0x03,0x00,0x06,0x00,0x00,0x00,0x60,0x60,0x60,0x60,
	0x60,0x60,0x60,0x60,0x60,0x60,0x60,0x60,0x30,0x60,0x1F,0xE0,
	0x00,0x60,0x00,0x60,0x00,0x60,0x00,0x60,0x00,0x60,0x00,0xE0,
	0x7F,0xC0,0x00,0x00,0x00,0x00,0x00,0x00,0x00,0x00,0x00,0x00,
	},

	// [158] 0xDE
	{
	0x00,0x00,0x00,0x00,0x00,0x00,0x00,0x00,0x00,0x00,0x60,0x00,
	0x60,0x00,0x60,0x00,0x7F,0x80,0x60,0xC0,0x60,0x60,0x60,0x60,
	0x60,0x60,0x60,0x60,0x60,0x60,0x60,0x60,0x60,0x60,0x60,0xC0,
	0x7F,0x80,0x60,0x00,0x60,0x00,0x60,0x00,0x00,0x00,0x00,0x00,
	},

	// [159] 0xDF
	{
	0x00,0x00,0x00,0x00,0x00,0x00,0x00,0x00,0x1E,0x00,0x33,0x00,
	0x61,0x80,0x61,0x80,0x61,0x80,0x61,0x80,0x63,0x00,0x6F,0x00,
	0x63,0x80,0x60,0xC0,0x60,0x60,0x60,0x60,0x60,0x60,0x68,0x60,
	0x6C,0xC0,0x67,0x80,0x00,0x00,0x00,0x00,0x00,0x00,0x00,0x00,
	},

	// [160] 0xE0
	{
	0x00,0x00,0x00,0x00,0x18,0x00,0x0C,0x00,0x06,0x00,0x03,0x00,
	0x00,0x00,0x00,0x00,0x3F,0x80,0x00,0xC0,0x00,0x60,0x00,0x60,
	0x1F,0xE0,0x30,0x60,0x60,0x60,0x60,0x60,0x60,0x60,0x30,0x60,
	0x1F,0xE0,0x00,0x00,0x00,0x00,0x00,0x00,0x00,0x00,0x00,0x00,
	},

	// [161] 0xE1
	{
	0x00,0x00,0x00,0x00,0x01,0x80,0x03,0x00,0x06,0x00,0x0C,0x00,
	0x00,0x00,0x00,0x00,0x3F,0x80,0x00,0xC0,0x00,0x60,0x00,0x60,
	0x1F,0xE0,0x30,0x60,0x60,0x60,0x60,0x60,0x60,0x60,0x30,0x60,
	0x1F,0xE0,0x00,0x00,0x00,0x00,0x00,0x00,0x00,0x00,0x00,0x00,
	},

	// [162] 0xE2
	{
	0x00,0x00,0x00,0x00,0x06,0x00,0x0F,0x00,0x19,0x80,0x30,0xC0,
	0x00,0x00,0x00,0x00,0x3F,0x80,0x00,0xC0,0x00,0x60,0x00,0x60,
	0x1F,0xE0,0x30,0x60,0x60,0x60,0x60,0x60,0x60,0x60,0x30,0x60,
	0x1F,0xE0,0x00,0x00,0x00,0x00,0x00,0x00,0x00,0x00,0x00,0x00,
	},

	// [163] 0xE3
	{
	0x00,0x00,0x00,0x00,0x18,0x60,0x3C,0x60,0x66,0xC0,0x63,0x80,
	0x00,0x00,0x00,0x00,0x3F,0x80,0x00,0xC0,0x00,0x60,0x00,0x60,
	0x1F,0xE0,0x30,0x60,0x60,0x60,0x60,0x60,0x60,0x60,0x30,0x60,
	0x1F,0xE0,0x00,0x00,0x00,0x00,0x00,0x00,0x00,0x00,0x00,0x00,
	},

	// [164] 0xE4
	{
	0x00,0x00,0x00,0x00,0x00,0x00,0x30,0xC0,0x30,0xC0,0x00,0x00,
	0x00,0x00,0x00,0x00,0x3F,0x80,0x00,0xC0,0x00,0x60,0x00,0x60,
	0x1F,0xE0,0x30,0x60,0x60,0x60,0x60,0x60,0x60,0x60,0x30,0x60,
	0x1F,0xE0,0x00,0x00,0x00,0x00,0x00,0x00,0x00,0x00,0x00,0x00,
	},

	// [165] 0xE5
	{
	0x00,0x00,0x00,0x00,0x0F,0x00,0x19,0x80,0x19,0x80,0x0F,0x00,
	0x00,0x00,0x00,0x00,0x3F,0x80,0x00,0xC0,0x00,0x60,0x00,0x60,
	0x1F,0xE0,0x30,0x60,0x60,0x60,0x60,0x60,0x60,0x60,0x30,0x60,
	0x1F,0xE0,0x00,0x00,0x00,0x00,0x00,0x00,0x00,0x00,0x00,0x00,
	},

	// [166] 0xE6
	{
	0x00,0x00,0x00,0x00,0x00,0x00,0x00,0x00,0x00,0x00,0x00,0x00,
	0x00,0x00,0x00,0x00,0x39,0xE0,0x0F,0x60,0x06,0x60,0x06,0x60,
	0x1F,0xE0,0x36,0x00,0x66,0x00,0x66,0x00,0x66,0x00,0x37,0x00,
	0x1D,0xE0,0x00,0x00,0x00,0x00,0x00,0x00,0x00,0x00,0x00,0x00,
	},

	// [167] 0xE7
	{
	0x00,0x00,0x00,0x00,0x00,0x00,0x00,0x00,0x00,0x00,0x00,0x00,
	0x00,0x00,0x00,0x00,0x1F,0xE0,0x30,0x00,0x60,0x00,0x60,0x00,
	0x60,0x00,0x60,0x00,0x60,0x00,0x60,0x00,0x60,0x00,0x30,0x00,
	0x1F,0xE0,0x03,0x00,0x03,0x00,0x03,0x00,0x06,0x00,0x0C,0x00,
	},

	// [168] 0xE8
	{
	0x00,0x00,0x00,0x00,0x18,0x00,0x0C,0x00,0x06,0x00,0x03,0x00,
	0x00,0x00,0x00,0x00,0x1F,0xE0,0x30,0x60,0x60,0x60,0x60,0x60,
	0x60,0x60,0x7F,0xE0,0x60,0x00,0x60,0x00,0x60,0x00,0x30,0x00,
	0x1F,0xE0,0x00,0x00,0x00,0x00,0x00,0x00,0x00,0x00,0x00,0x00,
	},

	// [169] 0xE9
	{
	0x00,0x00,0x00,0x00,0x01,0x80,0x03,0x00,0x06,0x00,0x0C,0x00,
	0x00,0x00,0x00,0x00,0x1F,0xE0,0x30,0x60,0x60,0x60,0x60,0x60,
	0x60,0x60,0x7F,0xE0,0x60,0x00,0x60,0x00,0x60,0x00,0x30,0x00,
	0x1F,0xE0,0x00,0x00,0x00,0x00,0x00,0x00,0x00,0x00,0x00,0x00,
	},

	// [170] 0xEA
	{
	0x00,0x00,0x00,0x00,0x06,0x00,0x0F,0x00,0x19,0x80,0x30,0xC0,
	0x00,0x00,0x00,0x00,0x1F,0xE0,0x30,0x60,0x60,0x60,0x60,0x60,
	0x60,0x60,0x7F,0xE0,0x60,0x00,0x60,0x00,0x60,0x00,0x30,0x00,
	0x1F,0xE0,0x00,0x00,0x00,0x00,0x00,0x00,0x00,0x00,0x00,0x00,
	},

	// [171] 0xEB
	{
	0x00,0x00,0x00,0x00,0x00,0x00,0x30,0xC0,0x30,0xC0,0x00,0x00,
	0x00,0x00,0x00,0x00,0x1F,0xE0,0x30,0x60,0x60,0x60,0x60,0x60,
	0x60,0x60,0x7F,0xE0,0x60,0x00,0x60,0x00,0x60,0x00,0x30,0x00,
	0x1F,0xE0,0x00,0x00,0x00,0x00,0x00,0x00,0x00,0x00,0x00,0x00,
	},

	// [172] 0xEC
	{
	0x00,0x00,0x00,0x00,0x18,0x00,0x0C,0x00,0x06,0x00,0x03,0x00,
	0x00,0x00,0x00,0x00,0x1E,0x00,0x06,0x00,0x06,0x00,0x06,0x00,
	0x06,0x00,0x06,0x00,0x06,0x00,0x06,0x00,0x06,0x00,0x06,0x00,
	0x07,0x80,0x00,0x00,0x00,0x00,0x00,0x00,0x00,0x00,0x00,0x00,
	},

	// [173] 0xED
	{
	0x00,0x00,0x00,0x00,0x01,0x80,0x03,0x00,0x06,0x00,0x0C,0x00,
	0x00,0x00,0x00,0x00,0x1E,0x00,0x06,0x00,0x06,0x00,0x06,0x00,
	0x06,0x00,0x06,0x00,0x06,0x00,0x06,0x00,0x06,0x00,0x06,0x00,
	0x07,0x80,0x00,0x00,0x00,0x00,0x00,0x00,0x00,0x00,0x00,0x00,
	},

	// [174] 0xEE
	{
	0x00,0x00,0x00,0x00,0x06,0x00,0x0F,0x00,0x19,0x80,0x30,0xC0,
	0x00,0x00,0x00,0x00,0x1E,0x00,0x06,0x00,0x06,0x00,0x06,0x00,
	0x06,0x00,0x06,0x00,0x06,0x00,0x06,0x00,0x06,0x00,0x06,0x00,
	0x07,0x80,0x00,0x00,0x00,0x00,0x00,0x00,0x00,0x00,0x00,0x00,
	},

	// [175] 0xEF
	{
	0x00,0x00,0x00,0x00,0x00,0x00,0x30,0xC0,0x30,0xC0,0x00,0x00,
	0x00,0x00,0x00,0x00,0x1E,0x00,0x06,0x00,0x06,0x00,0x06,0x00,
	0x06,0x00,0x06,0x00,0x06,0x00,0x06,0x00,0x06,0x00,0x06,0x00,
	0x07,0x80,0x00,0x00,0x00,0x00,0x00,0x00,0x00,0x00,0x00,0x00,
	},

	// [176] 0xF0
	{
	0x00,0x00,0x00,0x00,0x66,0x00,0x3C,0x00,0x18,0x00,0x3C,0x00,
	0x66,0x00,0x03,0x00,0x1F,0x80,0x30,0xC0,0x60,0x60,0x60,0x60,
	0x60,0x60,0x60,0x60,0x60,0x60,0x60,0x60,0x60,0x60,0x30,0xC0,
	0x1F,0x80,0x00,0x00,0x00,0x00,0x00,0x00,0x00,0x00,0x00,0x00,
	},

	// [177] 0xF1
	{
	0x00,0x00,0x00,0x00,0x18,0x60,0x3C,0x60,0x66,0xC0,0x63,0x80,
	0x00,0x00,0x00,0x00,0x7F,0x80,0x60,0xC0,0x60,0x60,0x60,0x60,
	0x60,0x60,0x60,0x60,0x60,0x60,0x60,0x60,0x60,0x60,0x60,0x60,
	0x60,0x60,0x00,0x00,0x00,0x00,0x00,0x00,0x00,0x00,0x00,0x00,
	},

	// [178] 0xF2
	{
	0x00,0x00,0x00,0x00,0x18,0x00,0x0C,0x00,0x06,0x00,0x03,0x00,
	0x00,0x00,0x00,0x00,0x1F,0x80,0x30,0xC0,0x60,0x60,0x60,0x60,
	0x60,0x60,0x60,0x60,0x60,0x60,0x60,0x60,0x60,0x60,0x30,0xC0,
	0x1F,0x80,0x00,0x00,0x00,0x00,0x00,0x00,0x00,0x00,0x00,0x00,
	},

	// [179] 0xF3
	{
	0x00,0x00,0x00,0x00,0x01,0x80,0x03,0x00,0x06,0x00,0x0C,0x00,
	0x00,0x00,0x00,0x00,0x1F,0x80,0x30,0xC0,0x60,0x60,0x60,0x60,
	0x60,0x60,0x60,0x60,0x60,0x60,0x60,0x60,0x60,0x60,0x30,0xC0,
	0x1F,0x80,0x00,0x00,0x00,0x00,0x00,0x00,0x00,0x00,0x00,0x00,
	},

	// [180] 0xF4
	{
	0x00,0x00,0x00,0x00,0x06,0x00,0x0F,0x00,0x19,0x80,0x30,0xC0,
	0x00,0x00,0x00,0x00,0x1F,0x80,0x30,0xC0,0x60,0x60,0x60,0x60,
	0x60,0x60,0x60,0x60,0x60,0x60,0x60,0x60,0x60,0x60,0x30,0xC0,
	0x1F,0x80,0x00,0x00,0x00,0x00,0x00,0x00,0x00,0x00,0x00,0x00,
	},

	// [181] 0xF5
	{
	0x00,0x00,0x00,0x00,0x18,0x60,0x3C,0x60,0x66,0xC0,0x63,0x80,
	0x00,0x00,0x00,0x00,0x1F,0x80,0x30,0xC0,0x60,0x60,0x60,0x60,
	0x60,0x60,0x60,0x60,0x60,0x60,0x60,0x60,0x60,0x60,0x30,0xC0,
	0x1F,0x80,0x00,0x00,0x00,0x00,0x00,0x00,0x00,0x00,0x00,0x00,
	},

	// [182] 0xF6
	{
	0x00,0x00,0x00,0x00,0x00,0x00,0x30,0xC0,0x30,0xC0,0x00,0x00,
	0x00,0x00,0x00,0x00,0x1F,0x80,0x30,0xC0,0x60,0x60,0x60,0x60,
	0x60,0x60,0x60,0x60,0x60,0x60,0x60,0x60,0x60,0x60,0x30,0xC0,
	0x1F,0x80,0x00,0x00,0x00,0x00,0x00,0x00,0x00,0x00,0x00,0x00,
	},

	// [183] 0xF7
	{
	0x00,0x00,0x00,0x00,0x00,0x00,0x00,0x00,0x00,0x00,0x00,0x00,
	0x00,0x00,0x00,0x00,0x06,0x00,0x06,0x00,0x00,0x00,0x00,0x00,
	0x3F,0xC0,0x00,0x00,0x00,0x00,0x06,0x00,0x06,0x00,0x00,0x00,
	0x00,0x00,0x00,0x00,0x00,0x00,0x00,0x00,0x00,0x00,0x00,0x00,
	},

	// [184] 0xF8
	{
	0x00,0x00,0x00,0x00,0x00,0x00,0x00,0x00,0x00,0x00,0x00,0x00,
	0x00,0x00,0x00,0x10,0x1F,0xB0,0x30,0xE0,0x60,0xE0,0x61,0xE0,
	0x63,0x60,0x66,0x60,0x6C,0x60,0x78,0x60,0x70,0x60,0x70,0xC0,
	0xDF,0x80,0x80,0x00,0x00,0x00,0x00,0x00,0x00,0x00,0x00,0x00,
	},

	// [185] 0xF9
	{
	0x00,0x00,0x00,0x00,0x18,0x00,0x0C,0x00,0x06,0x00,0x03,0x00,
	0x00,0x00,0x00,0x00,0x60,0x60,0x60,0x60,0x60,0x60,0x60,0x60,
	0x60,0x60,0x60,0x60,0x60,0x60,0x60,0x60,0x60,0x60,0x30,0x60,
	0x1F,0xE0,0x00,0x00,0x00,0x00,0x00,0x00,0x00,0x00,0x00,0x00,
	},

	// [186] 0xFA
	{
	0x00,0x00,0x00,0x00,0x01,0x80,0x03,0x00,0x06,0x00,0x0C,0x00,
	0x00,0x00,0x00,0x00,0x60,0x60,0x60,0x60,0x60,0x60,0x60,0x60,
	0x60,0x60,0x60,0x60,0x60,0x60,0x60,0x60,0x60,0x60,0x30,0x60,
	0x1F,0xE0,0x00,0x00,0x00,0x00,0x00,0x00,0x00,0x00,0x00,0x00,
	},

	// [187] 0xFB
	{
	0x00,0x00,0x00,0x00,0x06,0x00,0x0F,0x00,0x19,0x80,0x30,0xC0,
	0x00,0x00,0x00,0x00,0x60,0x60,0x60,0x60,0x60,0x60,0x60,0x60,
	0x60,0x60,0x60,0x60,0x60,0x60,0x60,0x60,0x60,0x60,0x30,0x60,
	0x1F,0xE0,0x00,0x00,0x00,0x00,0x00,0x00,0x00,0x00,0x00,0x00,
	},

	// [188] 0xFC
	{
	0x00,0x00,0x00,0x00,0x00,0x00,0x30,0xC0,0x30,0xC0,0x00,0x00,
	0x00,0x00,0x00,0x00,0x60,0x60,0x60,0x60,0x60,0x60,0x60,0x60,
	0x60,0x60,0x60,0x60,0x60,0x60,0x60,0x60,0x60,0x60,0x30,0x60,
	0x1F,0xE0,0x00,0x00,0x00,0x00,0x00,0x00,0x00,0x00,0x00,0x00,
	},

	// [189] 0xFD
	{
	0x00,0x00,0x00,0x00,0x01,0x80,0x03,0x00,0x06,0x00,0x0C,0x00,
	0x00,0x00,0x00,0x00,0x60,0x60,0x60,0x60,0x60,0x60,0x60,0x60,
	0x60,0x60,0x60,0x60,0x60,0x60,0x60,0x60,0x60,0x60,0x30,0x60,
	0x1F,0xE0,0x00,0x60,0x00,0x60,0x00,0x60,0x00,0xC0,0x7F,0x80,
	},

	// [190] 0xFE
	{
	0x00,0x00,0x00,0x00,0x00,0x00,0x60,0x00,0x60,0x00,0x60,0x00,
	0x60,0x00,0x60,0x00,0x7F,0x80,0x60,0xC0,0x60,0x60,0x60,0x60,
	0x60,0x60,0x60,0x60,0x60,0x60,0x60,0x60,0x60,0x60,0x60,0xC0,
	0x7F,0x80,0x60,0x00,0x60,0x00,0x60,0x00,0x60,0x00,0x60,0x00,
	},

	// [191] 0xFF
	{
	0x00,0x00,0x00,0x00,0x00,0x00,0x30,0xC0,0x30,0xC0,0x00,0x00,
	0x00,0x00,0x00,0x00,0x60,0x60,0x60,0x60,0x60,0x60,0x60,0x60,
	0x60,0x60,0x60,0x60,0x60,0x60,0x60,0x60,0x60,0x60,0x30,0x60,
	0x1F,0xE0,0x00,0x60,0x00,0x60,0x00,0x60,0x00,0xC0,0x7F,0x80,
	},

};


/*******************************************************************
 * @name       :void GUI_DrawPoint(u16 x,u16 y,u16 color)
 * @date       :2018-08-09 
 * @function   :draw a point in LCD screen
 * @parameters :x:the x coordinate of the point
                y:the y coordinate of the point
								color:the color value of the point
 * @retvalue   :None
********************************************************************/
void GUI_DrawPoint(u16 x,u16 y,u16 color)
{
	LCD_SetCursor(x,y);//设置光标位置 
	Lcd_WriteData_16Bit(color); 
}

/*******************************************************************
 * @name       :void LCD_Fill(u16 sx,u16 sy,u16 ex,u16 ey,u16 color)
 * @date       :2018-08-09 
 * @function   :fill the specified area
 * @parameters :sx:the bebinning x coordinate of the specified area
                sy:the bebinning y coordinate of the specified area
								ex:the ending x coordinate of the specified area
								ey:the ending y coordinate of the specified area
								color:the filled color value
 * @retvalue   :None
********************************************************************/
void LCD_Fill(u16 sx,u16 sy,u16 ex,u16 ey,u16 color)
{  	
	u16 i,j;			
	u16 width=ex-sx+1; 		//得到填充的宽度
	u16 height=ey-sy+1;		//高度
	LCD_SetWindows(sx,sy,ex,ey);//设置显示窗口
	for(i=0;i<height;i++)
	{
		for(j=0;j<width;j++)
		Lcd_WriteData_16Bit(color);	//写入数据 	 
	}
	LCD_SetWindows(0,0,lcddev.width-1,lcddev.height-1);//恢复窗口设置为全屏
}

/*******************************************************************
 * @name       :void LCD_DrawLine(u16 x1, u16 y1, u16 x2, u16 y2)
 * @date       :2018-08-09 
 * @function   :Draw a line between two points
 * @parameters :x1:the bebinning x coordinate of the line
                y1:the bebinning y coordinate of the line
								x2:the ending x coordinate of the line
								y2:the ending y coordinate of the line
 * @retvalue   :None
********************************************************************/
void LCD_DrawLine(u16 x1, u16 y1, u16 x2, u16 y2)
{
	u16 t; 
	int xerr=0,yerr=0,delta_x,delta_y,distance; 
	int incx,incy,uRow,uCol; 

	delta_x=x2-x1; //计算坐标增量 
	delta_y=y2-y1; 
	uRow=x1; 
	uCol=y1; 
	if(delta_x>0)incx=1; //设置单步方向 
	else if(delta_x==0)incx=0;//垂直线 
	else {incx=-1;delta_x=-delta_x;} 
	if(delta_y>0)incy=1; 
	else if(delta_y==0)incy=0;//水平线 
	else{incy=-1;delta_y=-delta_y;} 
	if( delta_x>delta_y)distance=delta_x; //选取基本增量坐标轴 
	else distance=delta_y; 
	for(t=0;t<=distance+1;t++ )//画线输出 
	{  
		LCD_DrawPoint(uRow,uCol);//画点 
		xerr+=delta_x ; 
		yerr+=delta_y ; 
		if(xerr>distance) 
		{ 
			xerr-=distance; 
			uRow+=incx; 
		} 
		if(yerr>distance) 
		{ 
			yerr-=distance; 
			uCol+=incy; 
		} 
	}  
} 

/*****************************************************************************
 * @name       :void LCD_DrawRectangle(u16 x1, u16 y1, u16 x2, u16 y2)
 * @date       :2018-08-09 
 * @function   :Draw a rectangle
 * @parameters :x1:the bebinning x coordinate of the rectangle
                y1:the bebinning y coordinate of the rectangle
								x2:the ending x coordinate of the rectangle
								y2:the ending y coordinate of the rectangle
 * @retvalue   :None
******************************************************************************/
void LCD_DrawRectangle(u16 x1, u16 y1, u16 x2, u16 y2)
{
	LCD_DrawLine(x1,y1,x2,y1);
	LCD_DrawLine(x1,y1,x1,y2);
	LCD_DrawLine(x1,y2,x2,y2);
	LCD_DrawLine(x2,y1,x2,y2);
}  

/*****************************************************************************
 * @name       :void LCD_DrawFillRectangle(u16 x1, u16 y1, u16 x2, u16 y2)
 * @date       :2018-08-09 
 * @function   :Filled a rectangle
 * @parameters :x1:the bebinning x coordinate of the filled rectangle
                y1:the bebinning y coordinate of the filled rectangle
								x2:the ending x coordinate of the filled rectangle
								y2:the ending y coordinate of the filled rectangle
 * @retvalue   :None
******************************************************************************/  
void LCD_DrawFillRectangle(u16 x1, u16 y1, u16 x2, u16 y2)
{
	LCD_Fill(x1,y1,x2,y2,POINT_COLOR);
}
 
/*****************************************************************************
 * @name       :void _draw_circle_8(int xc, int yc, int x, int y, u16 c)
 * @date       :2018-08-09 
 * @function   :8 symmetry circle drawing algorithm (internal call)
 * @parameters :xc:the x coordinate of the Circular center 
                yc:the y coordinate of the Circular center 
								x:the x coordinate relative to the Circular center 
								y:the y coordinate relative to the Circular center 
								c:the color value of the circle
 * @retvalue   :None
******************************************************************************/  
void _draw_circle_8(int xc, int yc, int x, int y, u16 c)
{
	GUI_DrawPoint(xc + x, yc + y, c);

	GUI_DrawPoint(xc - x, yc + y, c);

	GUI_DrawPoint(xc + x, yc - y, c);

	GUI_DrawPoint(xc - x, yc - y, c);

	GUI_DrawPoint(xc + y, yc + x, c);

	GUI_DrawPoint(xc - y, yc + x, c);

	GUI_DrawPoint(xc + y, yc - x, c);

	GUI_DrawPoint(xc - y, yc - x, c);
}

/*****************************************************************************
 * @name       :void gui_circle(int xc, int yc,u16 c,int r, int fill)
 * @date       :2018-08-09 
 * @function   :Draw a circle of specified size at a specified location
 * @parameters :xc:the x coordinate of the Circular center 
                yc:the y coordinate of the Circular center 
								r:Circular radius
								fill:1-filling,0-no filling
 * @retvalue   :None
******************************************************************************/  
void gui_circle(int xc, int yc,u16 c,int r, int fill)
{
	int x = 0, y = r, yi, d;

	d = 3 - 2 * r;


	if (fill) 
	{
		// 如果填充（画实心圆）
		while (x <= y) {
			for (yi = x; yi <= y; yi++)
				_draw_circle_8(xc, yc, x, yi, c);

			if (d < 0) {
				d = d + 4 * x + 6;
			} else {
				d = d + 4 * (x - y) + 10;
				y--;
			}
			x++;
		}
	} else 
	{
		// 如果不填充（画空心圆）
		while (x <= y) {
			_draw_circle_8(xc, yc, x, y, c);
			if (d < 0) {
				d = d + 4 * x + 6;
			} else {
				d = d + 4 * (x - y) + 10;
				y--;
			}
			x++;
		}
	}
}

/*****************************************************************************
 * @name       :void Draw_Triangel(u16 x0,u16 y0,u16 x1,u16 y1,u16 x2,u16 y2)
 * @date       :2018-08-09 
 * @function   :Draw a triangle at a specified position
 * @parameters :x0:the bebinning x coordinate of the triangular edge 
                y0:the bebinning y coordinate of the triangular edge 
								x1:the vertex x coordinate of the triangular
								y1:the vertex y coordinate of the triangular
								x2:the ending x coordinate of the triangular edge 
								y2:the ending y coordinate of the triangular edge 
 * @retvalue   :None
******************************************************************************/ 
void Draw_Triangel(u16 x0,u16 y0,u16 x1,u16 y1,u16 x2,u16 y2)
{
	LCD_DrawLine(x0,y0,x1,y1);
	LCD_DrawLine(x1,y1,x2,y2);
	LCD_DrawLine(x2,y2,x0,y0);
}

static void _swap(u16 *a, u16 *b)
{
	u16 tmp;
  tmp = *a;
	*a = *b;
	*b = tmp;
}

/*****************************************************************************
 * @name       :void Fill_Triangel(u16 x0,u16 y0,u16 x1,u16 y1,u16 x2,u16 y2)
 * @date       :2018-08-09 
 * @function   :filling a triangle at a specified position
 * @parameters :x0:the bebinning x coordinate of the triangular edge 
                y0:the bebinning y coordinate of the triangular edge 
								x1:the vertex x coordinate of the triangular
								y1:the vertex y coordinate of the triangular
								x2:the ending x coordinate of the triangular edge 
								y2:the ending y coordinate of the triangular edge 
 * @retvalue   :None
******************************************************************************/ 
void Fill_Triangel(u16 x0,u16 y0,u16 x1,u16 y1,u16 x2,u16 y2)
{
	u16 a, b, y, last;
	int dx01, dy01, dx02, dy02, dx12, dy12;
	long sa = 0;
	long sb = 0;
 	if (y0 > y1) 
	{
    _swap(&y0,&y1); 
		_swap(&x0,&x1);
 	}
 	if (y1 > y2) 
	{
    _swap(&y2,&y1); 
		_swap(&x2,&x1);
 	}
  if (y0 > y1) 
	{
    _swap(&y0,&y1); 
		_swap(&x0,&x1);
  }
	if(y0 == y2) 
	{ 
		a = b = x0;
		if(x1 < a)
    {
			a = x1;
    }
    else if(x1 > b)
    {
			b = x1;
    }
    if(x2 < a)
    {
			a = x2;
    }
		else if(x2 > b)
    {
			b = x2;
    }
		LCD_Fill(a,y0,b,y0,POINT_COLOR);
    return;
	}
	dx01 = x1 - x0;
	dy01 = y1 - y0;
	dx02 = x2 - x0;
	dy02 = y2 - y0;
	dx12 = x2 - x1;
	dy12 = y2 - y1;
	
	if(y1 == y2)
	{
		last = y1; 
	}
  else
	{
		last = y1-1; 
	}
	for(y=y0; y<=last; y++) 
	{
		a = x0 + sa / dy01;
		b = x0 + sb / dy02;
		sa += dx01;
    sb += dx02;
    if(a > b)
    {
			_swap(&a,&b);
		}
		LCD_Fill(a,y,b,y,POINT_COLOR);
	}
	sa = dx12 * (y - y1);
	sb = dx02 * (y - y0);
	for(; y<=y2; y++) 
	{
		a = x1 + sa / dy12;
		b = x0 + sb / dy02;
		sa += dx12;
		sb += dx02;
		if(a > b)
		{
			_swap(&a,&b);
		}
		LCD_Fill(a,y,b,y,POINT_COLOR);
	}
}

/*****************************************************************************
 * @name       :void LCD_ShowChar(u16 x,u16 y,u16 fc, u16 bc, u8 num,u8 size,u8 mode)
 * @date       :2018-08-09 
 * @function   :Display a single English character
 * @parameters :x:the bebinning x coordinate of the Character display position
                y:the bebinning y coordinate of the Character display position
								fc:the color value of display character
								bc:the background color of display character
								num:the ascii code of display character(0~94)
								size:the size of display character
								font_size:0=8x16, 1=12x24
 * @retvalue   :None
******************************************************************************/ 
void LCD_ShowChar(u16 x,u16 y,u16 fc, u16 bc, u8 num,u8 size,u8 mode)
{  
    u8 temp;
    u8 pos,t;
	u16 colortemp=POINT_COLOR;      
		   
	num=num-' ';//得到偏移后的值
	LCD_SetWindows(x,y,x+size/2-1,y+size-1);//设置单个文字显示窗口
	if(!mode) //非叠加方式
	{		
		for(pos=0;pos<size;pos++)
		{
			if(size==12)temp=asc2_1206[num][pos];//调用1206字体
			else temp=asc2_1608[num][pos];		 //调用1608字体
			for(t=0;t<size/2;t++)
		    {                 
		        if(temp&0x01)Lcd_WriteData_16Bit(fc); 
				else Lcd_WriteData_16Bit(bc); 
				temp>>=1; 
				
		    }
			
		}	
	}else//叠加方式
	{
		for(pos=0;pos<size;pos++)
		{
			if(size==12)temp=asc2_1206[num][pos];//调用1206字体
			else temp=asc2_1608[num][pos];		 //调用1608字体
			for(t=0;t<size/2;t++)
		    {   
				POINT_COLOR=fc;              
		        if(temp&0x01)LCD_DrawPoint(x+t,y+pos);//画一个点    
		        temp>>=1; 
		    }
		}
	}
	POINT_COLOR=colortemp;	
	LCD_SetWindows(0,0,lcddev.width-1,lcddev.height-1);//恢复窗口为全屏    	   	 	  
}

	/*****************************************************************************
	 * @name       :void LCD_ShowChar_ISO(u16 x,u16 y,u16 fc,u16 bc,u8 code,u8 font_size)
	 * @date       :2026-06-09
	 * @function   :Display ISO 8859-1 character (8x16 or 12x24)
	 * @parameters :x:the beginning x coordinate of the character
	                y:the beginning y coordinate of the character
	                fc:the color of character
	                bc:the color of background
	                code:ISO 8859-1 code (0~255)
	                font_size:0=8x16, 1=12x24
	 * @retvalue   :None
	******************************************************************************/
void LCD_ShowChar_ISO(u16 x,u16 y,u16 fc,u16 bc,u8 code,u8 font_size)
{
	u8 pos,t;
	u16 colortemp=POINT_COLOR;

	if(font_size == 1)	// 12x24
	{
		const unsigned char *bitmap = Get_ISO_8859_1_12x24_Char(code);
		u8 temp_h, temp_l;
		LCD_SetWindows(x, y, x+11, y+23);
		for(pos=0; pos<24; pos++)
		{
			temp_h = bitmap[pos*2];
			temp_l = bitmap[pos*2+1];
			// Write first 8 bits (high byte, pixel 7..0)
			for(t=0; t<8; t++)
			{
				if(temp_h & 0x80) Lcd_WriteData_16Bit(fc);
				else Lcd_WriteData_16Bit(bc);
				temp_h <<= 1;
			}
			// Write last 4 bits (low byte upper nibble, pixel 11..8)
			for(t=0; t<4; t++)
			{
				if(temp_l & 0x80) Lcd_WriteData_16Bit(fc);
				else Lcd_WriteData_16Bit(bc);
				temp_l <<= 1;
			}
		}
	}
	else	// 8x16 (default)
	{
		const unsigned char *bitmap = Get_ISO_8859_1_Char(code);
		u8 temp;
		LCD_SetWindows(x,y,x+7,y+15);
		for(pos=0; pos<16; pos++)
		{
			temp = bitmap[pos];
			for(t=0; t<8; t++)
			{
				if(temp & 0x80) Lcd_WriteData_16Bit(fc);
				else Lcd_WriteData_16Bit(bc);
				temp <<= 1;
			}
		}
	}
	POINT_COLOR=colortemp;
	LCD_SetWindows(0,0,lcddev.width-1,lcddev.height-1);
}


/*****************************************************************************
 * @name       :void LCD_ShowString(u16 x,u16 y,u8 size,u8 *p,u8 mode)
 * @date       :2018-08-09 
 * @function   :Display English string
 * @parameters :x:the bebinning x coordinate of the English string
                y:the bebinning y coordinate of the English string
								p:the start address of the English string
								size:the size of display character
								font_size:0=8x16, 1=12x24
 * @retvalue   :None
******************************************************************************/   	  
void LCD_ShowString(u16 x,u16 y,u8 size,u8 *p,u8 mode)
{         
    while((*p<='~')&&(*p>=' '))//判断是不是非法字符!
    {   
		if(x>(lcddev.width-1)||y>(lcddev.height-1)) 
		return;     
        LCD_ShowChar(x,y,POINT_COLOR,BACK_COLOR,*p,size,mode);
        x+=size/2;
        p++;
    }  
} 

/*****************************************************************************
 * @name       :u32 mypow(u8 m,u8 n)
 * @date       :2018-08-09 
 * @function   :get the nth power of m (internal call)
 * @parameters :m:the multiplier
                n:the power
 * @retvalue   :the nth power of m
******************************************************************************/ 
u32 mypow(u8 m,u8 n)
{
	u32 result=1;	 
	while(n--)result*=m;    
	return result;
}

/*****************************************************************************
 * @name       :void LCD_ShowNum(u16 x,u16 y,u32 num,u8 len,u8 size)
 * @date       :2018-08-09 
 * @function   :Display number
 * @parameters :x:the bebinning x coordinate of the number
                y:the bebinning y coordinate of the number
								num:the number(0~4294967295)
								len:the length of the display number
								size:the size of display number
 * @retvalue   :None
******************************************************************************/  			 
void LCD_ShowNum(u16 x,u16 y,u32 num,u8 len,u8 size)
{         	
	u8 t,temp;
	u8 enshow=0;						   
	for(t=0;t<len;t++)
	{
		temp=(num/mypow(10,len-t-1))%10;
		if(enshow==0&&t<(len-1))
		{
			if(temp==0)
			{
				LCD_ShowChar(x+(size/2)*t,y,POINT_COLOR,BACK_COLOR,' ',size,0);
				continue;
			}else enshow=1; 
		 	 
		}
	 	LCD_ShowChar(x+(size/2)*t,y,POINT_COLOR,BACK_COLOR,temp+'0',size,0); 
	}
} 

/*****************************************************************************
 * @name       :void GUI_DrawFont16(u16 x, u16 y, u16 fc, u16 bc, u8 *s,u8 mode)
 * @date       :2018-08-09 
 * @function   :Display a single 16x16 Chinese character
 * @parameters :x:the bebinning x coordinate of the Chinese character
                y:the bebinning y coordinate of the Chinese character
								fc:the color value of Chinese character
								bc:the background color of Chinese character
								s:the start address of the Chinese character
								font_size:0=8x16, 1=12x24
 * @retvalue   :None
******************************************************************************/ 
void GUI_DrawFont16(u16 x, u16 y, u16 fc, u16 bc, u8 *s,u8 mode)
{
	u8 i,j;
	u16 k;
	u16 HZnum;
	u16 x0=x;
	HZnum=sizeof(tfont16)/sizeof(typFNT_GB16);	//自动统计汉字数目
	
			
	for (k=0;k<HZnum;k++) 
	{
	  if ((tfont16[k].Index[0]==*(s))&&(tfont16[k].Index[1]==*(s+1)))
	  { 	LCD_SetWindows(x,y,x+16-1,y+16-1);
		    for(i=0;i<16*2;i++)
		    {
				for(j=0;j<8;j++)
		    	{	
					if(!mode) //非叠加方式
					{
						if(tfont16[k].Msk[i]&(0x80>>j))	Lcd_WriteData_16Bit(fc);
						else Lcd_WriteData_16Bit(bc);
					}
					else
					{
						POINT_COLOR=fc;
						if(tfont16[k].Msk[i]&(0x80>>j))	LCD_DrawPoint(x,y);//画一个点
						x++;
						if((x-x0)==16)
						{
							x=x0;
							y++;
							break;
						}
					}

				}
				
			}
			
			
		}				  	
		continue;  //查找到对应点阵字库立即退出，防止多个汉字重复取模带来影响
	}

	LCD_SetWindows(0,0,lcddev.width-1,lcddev.height-1);//恢复窗口为全屏  
} 

/*****************************************************************************
 * @name       :void GUI_DrawFont24(u16 x, u16 y, u16 fc, u16 bc, u8 *s,u8 mode)
 * @date       :2018-08-09 
 * @function   :Display a single 24x24 Chinese character
 * @parameters :x:the bebinning x coordinate of the Chinese character
                y:the bebinning y coordinate of the Chinese character
								fc:the color value of Chinese character
								bc:the background color of Chinese character
								s:the start address of the Chinese character
								font_size:0=8x16, 1=12x24
 * @retvalue   :None
******************************************************************************/ 
void GUI_DrawFont24(u16 x, u16 y, u16 fc, u16 bc, u8 *s,u8 mode)
{
	u8 i,j;
	u16 k;
	u16 HZnum;
	u16 x0=x;
	HZnum=sizeof(tfont24)/sizeof(typFNT_GB24);	//自动统计汉字数目
		
			for (k=0;k<HZnum;k++) 
			{
			  if ((tfont24[k].Index[0]==*(s))&&(tfont24[k].Index[1]==*(s+1)))
			  { 	LCD_SetWindows(x,y,x+24-1,y+24-1);
				    for(i=0;i<24*3;i++)
				    {
							for(j=0;j<8;j++)
							{
								if(!mode) //非叠加方式
								{
									if(tfont24[k].Msk[i]&(0x80>>j))	Lcd_WriteData_16Bit(fc);
									else Lcd_WriteData_16Bit(bc);
								}
							else
							{
								POINT_COLOR=fc;
								if(tfont24[k].Msk[i]&(0x80>>j))	LCD_DrawPoint(x,y);//画一个点
								x++;
								if((x-x0)==24)
								{
									x=x0;
									y++;
									break;
								}
							}
						}
					}
					
					
				}				  	
				continue;  //查找到对应点阵字库立即退出，防止多个汉字重复取模带来影响
			}

	LCD_SetWindows(0,0,lcddev.width-1,lcddev.height-1);//恢复窗口为全屏  
}

/*****************************************************************************
 * @name       :void GUI_DrawFont32(u16 x, u16 y, u16 fc, u16 bc, u8 *s,u8 mode)
 * @date       :2018-08-09 
 * @function   :Display a single 32x32 Chinese character
 * @parameters :x:the bebinning x coordinate of the Chinese character
                y:the bebinning y coordinate of the Chinese character
								fc:the color value of Chinese character
								bc:the background color of Chinese character
								s:the start address of the Chinese character
								font_size:0=8x16, 1=12x24
 * @retvalue   :None
******************************************************************************/ 
void GUI_DrawFont32(u16 x, u16 y, u16 fc, u16 bc, u8 *s,u8 mode)
{
	u8 i,j;
	u16 k;
	u16 HZnum;
	u16 x0=x;
	HZnum=sizeof(tfont32)/sizeof(typFNT_GB32);	//自动统计汉字数目
	for (k=0;k<HZnum;k++) 
			{
			  if ((tfont32[k].Index[0]==*(s))&&(tfont32[k].Index[1]==*(s+1)))
			  { 	LCD_SetWindows(x,y,x+32-1,y+32-1);
				    for(i=0;i<32*4;i++)
				    {
						for(j=0;j<8;j++)
				    	{
							if(!mode) //非叠加方式
							{
								if(tfont32[k].Msk[i]&(0x80>>j))	Lcd_WriteData_16Bit(fc);
								else Lcd_WriteData_16Bit(bc);
							}
							else
							{
								POINT_COLOR=fc;
								if(tfont32[k].Msk[i]&(0x80>>j))	LCD_DrawPoint(x,y);//画一个点
								x++;
								if((x-x0)==32)
								{
									x=x0;
									y++;
									break;
								}
							}
						}
					}
					
					
				}				  	
				continue;  //查找到对应点阵字库立即退出，防止多个汉字重复取模带来影响
			}
	
	LCD_SetWindows(0,0,lcddev.width-1,lcddev.height-1);//恢复窗口为全屏  
} 
#if 0
void Show_Str(u16 x, u16 y, u16 fc, u16 bc, char *str, u8 size, u8 mode)
{
	u16 x0=x;
	u8 bHz=0;
	while(*str!=0)
	{
		if(!bHz)
		{
			if(x>(lcddev.width-size/2)||y>(lcddev.height-size))
			return;
			if(*str>0x80)bHz=1;
			else
			{
				if(*str==0x0D)
				{
					y+=size;
					x=x0;
					str++;
				}
				else
				{
					if(size>16)
					{
					LCD_ShowChar(x,y,fc,bc,*str,16,mode);
					x+=8;
					}
					else
					{
					LCD_ShowChar(x,y,fc,bc,*str,size,mode);
					x+=size/2;
					}
				}
				str++;
			}
		}else
		{
			if(x>(lcddev.width-size)||y>(lcddev.height-size))
			return;
			bHz=0;
			if(size==32)
			GUI_DrawFont32(x,y,fc,bc,(u8*)str,mode);
			else if(size==24)
			GUI_DrawFont24(x,y,fc,bc,(u8*)str,mode);
			else
			GUI_DrawFont16(x,y,fc,bc,(u8*)str,mode);

			str+=2;
			x+=size;
		}
	}
}
#endif

/*****************************************************************************
 * @name       :void Show_Str(u16 x,u16 y,u16 fc,u16 bc,char *str,u8 size,u8 font_size)
 * @date       :2026-06-09
 * @function   :Display ISO 8859-1 string using LCD_ShowChar_ISO
 * @parameters :x:the beginning x coordinate of the string
                y:the beginning y coordinate of the string
                fc:the color of character
                bc:the color of background
                str:the start address of the string
                size:line height
                font_size:0=8x16, 1=12x24
 * @retvalue   :None
******************************************************************************/
void Show_Str(u16 x, u16 y, u16 fc, u16 bc, char *str, u8 size, u8 font_size)
{
	u16 x0 = x;
	u8 char_width = (font_size == 1) ? 12 : 8;
	while(*str != 0)
	{
		if(x > (lcddev.width - char_width) || y > (lcddev.height - size))
			return;
		if(*str == 0x0D)
		{
			y += size;
			x = x0;
			str++;
		}
		else
		{
			LCD_ShowChar_ISO(x, y, fc, bc, *str, font_size);
			x += char_width;
			str++;
		}
	}
}


/*****************************************************************************
 * @name       :void Gui_StrCenter(u16 x, u16 y, u16 fc, u16 bc, u8 *str,u8 size,u8 font_size)
 * @date       :2018-08-09 
 * @function   :Centered display of English and Chinese strings
 * @parameters :x:the bebinning x coordinate of the Chinese and English strings
                y:the bebinning y coordinate of the Chinese and English strings
								fc:the color value of Chinese and English strings
								bc:the background color of Chinese and English strings
								str:the start address of the Chinese and English strings
								size:the size of Chinese and English strings
								font_size:0=8x16, 1=12x24
 * @retvalue   :None
******************************************************************************/ 
void Gui_StrCenter(u16 x, u16 y, u16 fc, u16 bc, u8 *str,u8 size,u8 font_size)
{
	u16 len=strlen((const char *)str);
	u8 char_width = (font_size == 1) ? 12 : 8;
	u16 x1=(lcddev.width-len*char_width)/2;
	Show_Str(x1,y,fc,bc,(char *)str,size,font_size);
} 
 
/*****************************************************************************
 * @name       :void Gui_Drawbmp16(u16 x,u16 y,const unsigned char *p)
 * @date       :2018-08-09 
 * @function   :Display a 16-bit BMP image
 * @parameters :x:the bebinning x coordinate of the BMP image
                y:the bebinning y coordinate of the BMP image
								p:the start address of image array
 * @retvalue   :None
******************************************************************************/ 
void Gui_Drawbmp16(u16 x,u16 y,const unsigned char *p) //显示40*40 QQ图片
{
  	int i; 
	unsigned char picH,picL; 
	LCD_SetWindows(x,y,x+40-1,y+40-1);//窗口设置
    for(i=0;i<40*40;i++)
	{	
	 	picL=*(p+i*2);	//数据低位在前
		picH=*(p+i*2+1);				
		Lcd_WriteData_16Bit(picH<<8|picL);  						
	}	
	LCD_SetWindows(0,0,lcddev.width-1,lcddev.height-1);//恢复显示窗口为全屏	
}


// Add by Benjamin@20260406 Begin

/*****************************************************************************
 * @name       :void GUI_DrawBigDigit(u16 x, u16 y, u16 fc, u16 bc, u8 digit, u8 font_size)
 * @date       :2025-03-24
 * @function   :Display a scaled digit using Arial-style font
 * @parameters :x:the beginning x coordinate
 *              y:the beginning y coordinate
 *              fc:foreground color
 *              bc:background color
 *              digit:ASCII digit ('0'-'9' or '.' for decimal point)
 *              font_size:0=32x64, 1=16x32, 2=12x24
 * @retvalue   :None
******************************************************************************/
void GUI_DrawBigDigit(u16 x, u16 y, u16 fc, u16 bc, u8 digit, u8 font_size)
{
	const unsigned char* pattern;
	u16 row, col;
	u8 pixelW, pixelH;
	u16 byteIndex;
	u8 bitMask;
	u16 width, height, bytes_per_row;

	/* Select pattern and size based on font_size */
	if(font_size == 0)  /* 32x64 */
	{
		width = ARIAL_32X64_WIDTH;
		height = ARIAL_32X64_HEIGHT;
		bytes_per_row = ARIAL_32X64_BYTES_PER_ROW;
		if(digit >= '0' && digit <= '9')
		{
			pattern = arial_32x64_digits[digit - '0'];
		}
		else
		{
			return;
		}
	}
	else if(font_size == 1)  /* 16x32 */
	{
		width = ARIAL_16X32_WIDTH;
		height = ARIAL_16X32_HEIGHT;
		bytes_per_row = ARIAL_16X32_BYTES_PER_ROW;
		if(digit >= '0' && digit <= '9')
		{
			pattern = arial_16x32_digits[digit - '0'];
		}
		else
		{
			return;
		}
	}
	else  /* 12x24 for decimal point */
	{
		width = ARIAL_12X24_WIDTH;
		height = ARIAL_12X24_HEIGHT;
		bytes_per_row = ARIAL_12X24_BYTES_PER_ROW;
		if(digit == '.')
		{
			LCD_Fill(x + 3, y + 16, x + 9, y + 22, fc);
			return;
		}
		else if(digit >= '0' && digit <= '9')
		{
			pattern = arial_12x24_digits[digit - '0'];
		}
		else
		{
			return;
		}
	}

	pixelW = 1;
	pixelH = 1;

	for(row = 0; row < height; row++)
	{
		for(col = 0; col < width; col++)
		{
			byteIndex = row * bytes_per_row + (col / 8);
			bitMask = 0x80 >> (col % 8);

			if(pattern[byteIndex] & bitMask)
			{
				LCD_Fill(x + col*pixelW, y + row*pixelH,
				         x + (col+1)*pixelW - 1, y + (row+1)*pixelH - 1, fc);
			}
			else
			{
				LCD_Fill(x + col*pixelW, y + row*pixelH,
				         x + (col+1)*pixelW - 1, y + (row+1)*pixelH - 1, bc);
			}
		}
	}
}

/*****************************************************************************
 * @name       :void GUI_DrawMonoIcon32x32(u16 x, u16 y, u16 fc, u16 bc, const uint8_t *bitmap)
 * @date       :2025-04-10
 * @function   :Display a 32x32 1-bit monochrome icon at specified position
 * @parameters :x:the beginning x coordinate
 *              y:the beginning y coordinate
 *              fc:foreground color (for '1' bits)
 *              bc:background color (for '0' bits)
 *				bitmap:the start address of 1-bit monochrome bitmap (128 bytes)
 * @retvalue   :None
 * @note       :Bitmap format: MSB first, 4 bytes per row (32 bits), 32 rows total
******************************************************************************/
void GUI_DrawMonoIcon32x32(u16 x, u16 y, u16 fc, u16 bc, const uint8_t *bitmap)
{
	u16 row, col;
	u16 byteIndex;
	u8 bitMask;

	for(row = 0; row < 32; row++)
	{
		for(col = 0; col < 32; col++)
		{
			byteIndex = row * 4 + (col / 8);  // 3 bytes per row
			bitMask = 0x80 >> (col % 8);       // MSB first

			if(bitmap[byteIndex] & bitMask)
			{
				LCD_Fill(x + col, y + row, x + col, y + row, fc);  // Foreground pixel
			}
			else
			{
				LCD_Fill(x + col, y + row, x + col, y + row, bc);  // Background pixel
			}
		}
	}
}

/*****************************************************************************
 * @name       :void GUI_DrawMonoIcon24x24(u16 x, u16 y, u16 fc, u16 bc, const uint8_t *bitmap)
 * @date       :2025-04-01
 * @function   :Display a 24x24 1-bit monochrome icon at specified position
 * @parameters :x:the beginning x coordinate
 *              y:the beginning y coordinate
 *              fc:foreground color (for '1' bits)
 *              bc:background color (for '0' bits)
 *				bitmap:the start address of 1-bit monochrome bitmap (72 bytes)
 * @retvalue   :None
 * @note       :Bitmap format: MSB first, 3 bytes per row (24 bits), 24 rows total
******************************************************************************/
void GUI_DrawMonoIcon24x24(u16 x, u16 y, u16 fc, u16 bc, const uint8_t *bitmap)
{
	u16 row, col;
	u16 byteIndex;
	u8 bitMask;

	for(row = 0; row < 24; row++)
	{
		for(col = 0; col < 24; col++)
		{
			byteIndex = row * 3 + (col / 8);  // 3 bytes per row
			bitMask = 0x80 >> (col % 8);       // MSB first

			if(bitmap[byteIndex] & bitMask)
			{
				LCD_Fill(x + col, y + row, x + col, y + row, fc);  // Foreground pixel
			}
			else
			{
				LCD_Fill(x + col, y + row, x + col, y + row, bc);  // Background pixel
			}
		}
	}
}

/*****************************************************************************
 * @name       :void GUI_DrawMonoIcon16x16(u16 x, u16 y, u16 fc, u16 bc, const uint8_t *bitmap)
 * @date       :2025-04-01
 * @function   :Display a 16x16 1-bit monochrome icon at specified position
 * @parameters :x:the beginning x coordinate
 *              y:the beginning y coordinate
 *              fc:foreground color (for '1' bits)
 *              bc:background color (for '0' bits)
 *				bitmap:the start address of 1-bit monochrome bitmap (32 bytes)
 * @retvalue   :None
 * @note       :Bitmap format: MSB first, 2 bytes per row (16 bits), 16 rows total
******************************************************************************/
void GUI_DrawMonoIcon16x16(u16 x, u16 y, u16 fc, u16 bc, const uint8_t *bitmap)
{
	u16 row, col;
	u16 byteIndex;
	u8 bitMask;

	for(row = 0; row < 16; row++)
	{
		for(col = 0; col < 16; col++)
		{
			byteIndex = row * 2 + (col / 8);  // 2 bytes per row
			bitMask = 0x80 >> (col % 8);       // MSB first

			if(bitmap[byteIndex] & bitMask)
			{
				LCD_Fill(x + col, y + row, x + col, y + row, fc);  // Foreground pixel
			}
			else
			{
				LCD_Fill(x + col, y + row, x + col, y + row, bc);  // Background pixel
			}
		}
	}
}

/*****************************************************************************
 * @name       :void GUI_DrawMonoIcon8x16(u16 x, u16 y, u16 fc, u16 bc, const uint8_t *bitmap)
 * @date       :2025-03-31
 * @function   :Display a 8x16 1-bit monochrome icon at specified position
 * @parameters :x:the beginning x coordinate
 *              y:the beginning y coordinate
 *              fc:foreground color (for '1' bits)
 *              bc:background color (for '0' bits)
 *				bitmap:the start address of 1-bit monochrome bitmap (16 bytes)
 * @retvalue   :None
 * @note       :Bitmap format: MSB first, 1 byte per row (8 bits), 16 rows total
******************************************************************************/
void GUI_DrawMonoIcon8x16(u16 x, u16 y, u16 fc, u16 bc, const uint8_t *bitmap)
{
	u16 row, col;
	u8 bitMask;
	
	for(row = 0; row < 16; row++)
	{
		for(col = 0; col < 8; col++)
		{
			bitMask = 0x80 >> (col % 8);  // MSB first
			
			if(bitmap[row] & bitMask)
			{
				LCD_Fill(x + col, y + row, x + col, y + row, fc);  // Foreground pixel
			}
			else
			{
				LCD_Fill(x + col, y + row, x + col, y + row, bc);  // Background pixel
			}
		}
	}
}
